,0
0,2
1,9
2,7
3,8
4,0
5,3
6,9
7,8
8,1
9,9
10,9
11,7
12,2
13,1
14,7
15,2
16,4
17,4
18,2
19,5
20,3
21,8
22,4
23,6
24,3
25,8
26,6
27,4
28,6
29,1
30,6
31,1
32,9
33,2
34,5
35,2
36,9
37,8
38,0
39,5
40,8
41,2
42,0
43,3
44,5
45,1
46,5
47,5
48,2
49,7
50,9
51,1
52,2
53,9
54,5
55,6
56,2
57,2
58,7
59,0
60,8
61,7
62,6
63,1
64,0
65,0
66,4
67,0
68,4
69,7
70,7
71,4
72,3
73,2
74,5
75,6
76,3
77,8
78,5
79,3
80,8
81,3
82,1
83,1
84,6
85,8
86,4
87,3
88,0
89,5
90,6
91,6
92,5
93,3
94,7
95,8
96,6
97,2
98,0
99,8
100,5
101,1
102,4
103,8
104,1
105,6
106,0
107,0
108,5
109,0
110,0
111,6
112,2
113,3
114,4
115,8
116,9
117,2
118,1
119,6
120,8
121,5
122,3
123,8
124,5
125,6
126,3
127,9
128,3
129,5
130,9
131,4
132,6
133,2
134,5
135,7
136,6
137,1
138,3
139,1
140,5
141,1
142,4
143,0
144,5
145,7
146,3
147,9
148,7
149,0
150,2
151,9
152,2
153,0
154,1
155,9
156,0
157,0
158,9
159,0
160,9
161,8
162,5
163,5
164,6
165,2
166,9
167,7
168,9
169,4
170,8
171,9
172,9
173,2
174,2
175,8
176,0
177,2
178,5
179,0
180,1
181,0
182,4
183,8
184,1
185,6
186,0
187,3
188,1
189,4
190,9
191,2
192,3
193,4
194,8
195,3
196,7
197,9
198,9
199,5
200,9
201,3
202,2
203,6
204,5
205,7
206,0
207,1
208,5
209,5
210,7
211,1
212,3
213,7
214,5
215,2
216,3
217,0
218,7
219,6
220,5
221,1
222,7
223,8
224,7
225,3
226,3
227,4
228,1
229,9
230,1
231,4
232,5
233,3
234,6
235,7
236,0
237,5
238,9
239,2
240,9
241,0
242,7
243,6
244,4
245,9
246,2
247,5
248,2
249,8
250,4
251,8
252,7
253,0
254,7
255,0
256,6
257,1
258,3
259,2
260,4
261,1
262,3
263,2
264,9
265,3
266,4
267,8
268,8
269,4
270,6
271,2
272,3
273,8
274,2
275,1
276,8
277,2
278,4
279,3
280,1
281,2
282,4
283,1
284,7
285,2
286,3
287,1
288,4
289,3
290,1
291,8
292,6
293,8
294,6
295,5
296,0
297,2
298,2
299,0
300,9
301,9
302,7
303,3
304,4
305,1
306,5
307,0
308,8
309,4
310,1
311,7
312,9
313,1
314,8
315,8
316,2
317,1
318,3
319,4
320,9
321,6
322,8
323,0
324,7
325,2
326,3
327,1
328,7
329,4
330,3
331,9
332,8
333,5
334,8
335,9
336,5
337,0
338,4
339,2
340,5
341,0
342,7
343,7
344,6
345,2
346,6
347,9
348,5
349,6
350,4
351,5
352,2
353,4
354,6
355,2
356,0
357,2
358,9
359,3
360,9
361,7
362,6
363,9
364,4
365,7
366,0
367,5
368,6
369,5
370,8
371,5
372,8
373,8
374,5
375,5
376,6
377,7
378,8
379,8
380,4
381,9
382,7
383,2
384,9
385,4
386,8
387,4
388,5
389,6
390,5
391,3
392,5
393,4
394,9
395,4
396,1
397,5
398,3
399,1
400,2
401,6
402,3
403,9
404,6
405,0
406,9
407,1
408,6
409,8
410,9
411,6
412,3
413,4
414,5
415,1
416,7
417,3
418,1
419,3
420,6
421,2
422,7
423,4
424,6
425,8
426,4
427,2
428,0
429,8
430,0
431,9
432,8
433,5
434,4
435,1
436,9
437,9
438,7
439,3
440,7
441,4
442,7
443,7
444,2
445,3
446,5
447,7
448,2
449,6
450,4
451,5
452,5
453,1
454,4
455,7
456,3
457,4
458,7
459,8
460,3
461,1
462,9
463,7
464,7
465,4
466,9
467,5
468,3
469,8
470,6
471,4
472,3
473,5
474,9
475,3
476,4
477,5
478,6
479,1
480,0
481,9
482,4
483,3
484,7
485,0
486,0
487,0
488,3
489,6
490,4
491,8
492,3
493,0
494,7
495,5
496,8
497,2
498,8
499,0
500,2
501,7
502,4
503,6
504,3
505,1
506,5
507,8
508,5
509,7
510,1
511,7
512,2
513,5
514,6
515,7
516,0
517,5
518,6
519,4
520,6
521,1
522,4
523,8
524,8
525,4
526,1
527,3
528,3
529,9
530,8
531,0
532,3
533,4
534,7
535,2
536,7
537,8
538,2
539,8
540,5
541,8
542,4
543,5
544,1
545,5
546,9
547,0
548,8
549,5
550,6
551,2
552,6
553,6
554,3
555,6
556,6
557,3
558,6
559,1
560,9
561,6
562,0
563,7
564,5
565,0
566,2
567,2
568,2
569,4
570,8
571,2
572,8
573,8
574,1
575,8
576,1
577,6
578,6
579,6
580,9
581,5
582,5
583,5
584,6
585,9
586,0
587,0
588,4
589,3
590,1
591,7
592,2
593,4
594,8
595,2
596,9
597,4
598,8
599,0
600,7
601,5
602,6
603,6
604,9
605,2
606,5
607,6
608,3
609,5
610,2
611,0
612,8
613,6
614,6
615,2
616,8
617,7
618,1
619,3
620,2
621,5
622,7
623,6
624,0
625,2
626,1
627,9
628,7
629,5
630,6
631,5
632,8
633,6
634,1
635,5
636,4
637,1
638,4
639,3
640,9
641,0
642,3
643,4
644,3
645,0
646,1
647,2
648,8
649,1
650,7
651,1
652,1
653,3
654,3
655,5
656,3
657,0
658,8
659,1
660,3
661,9
662,0
663,2
664,2
665,0
666,1
667,0
668,8
669,6
670,8
671,6
672,4
673,4
674,0
675,4
676,2
677,0
678,8
679,3
680,8
681,9
682,6
683,3
684,3
685,3
686,8
687,7
688,2
689,7
690,3
691,2
692,8
693,1
694,1
695,4
696,6
697,7
698,3
699,3
700,6
701,2
702,2
703,5
704,9
705,2
706,9
707,4
708,5
709,4
710,6
711,5
712,5
713,9
714,5
715,2
716,0
717,5
718,3
719,3
720,8
721,9
722,2
723,9
724,4
725,5
726,6
727,7
728,1
729,1
730,5
731,0
732,3
733,8
734,7
735,0
736,0
737,7
738,3
739,4
740,3
741,2
742,9
743,1
744,7
745,8
746,2
747,6
748,6
749,9
750,0
751,2
752,6
753,4
754,0
755,5
756,9
757,3
758,6
759,4
760,8
761,3
762,6
763,6
764,5
765,2
766,8
767,9
768,8
769,9
770,3
771,6
772,8
773,8
774,5
775,2
776,3
777,2
778,0
779,2
780,6
781,3
782,2
783,4
784,4
785,2
786,7
787,0
788,3
789,6
790,5
791,3
792,5
793,6
794,9
795,1
796,9
797,2
798,0
799,4
800,4
801,3
802,4
803,1
804,4
805,3
806,0
807,4
808,3
809,1
810,1
811,8
812,0
813,2
814,2
815,5
816,3
817,7
818,7
819,2
820,7
821,3
822,6
823,4
824,1
825,1
826,6
827,1
828,5
829,6
830,7
831,6
832,0
833,7
834,1
835,1
836,2
837,8
838,5
839,1
840,6
841,2
842,1
843,9
844,8
845,0
846,0
847,5
848,6
849,5
850,8
851,1
852,6
853,6
854,3
855,6
856,4
857,1
858,2
859,4
860,9
861,8
862,2
863,3
864,7
865,6
866,3
867,5
868,7
869,9
870,3
871,6
872,1
873,9
874,4
875,6
876,7
877,3
878,2
879,9
880,4
881,6
882,1
883,2
884,9
885,6
886,5
887,9
888,3
889,2
890,9
891,5
892,3
893,4
894,7
895,1
896,7
897,0
898,8
899,2
900,7
901,6
902,9
903,8
904,1
905,7
906,8
907,1
908,8
909,8
910,9
911,3
912,7
913,6
914,8
915,3
916,1
917,6
918,5
919,4
920,1
921,0
922,8
923,5
924,6
925,3
926,7
927,4
928,9
929,2
930,3
931,6
932,1
933,7
934,0
935,5
936,8
937,4
938,1
939,3
940,8
941,1
942,5
943,3
944,9
945,6
946,4
947,7
948,2
949,0
950,4
951,8
952,2
953,6
954,2
955,4
956,9
957,3
958,2
959,6
960,0
961,8
962,7
963,5
964,3
965,1
966,0
967,0
968,1
969,1
970,5
971,6
972,5
973,4
974,3
975,8
976,2
977,0
978,8
979,0
980,3
981,6
982,7
983,8
984,7
985,7
986,9
987,9
988,4
989,3
990,1
991,5
992,1
993,7
994,1
995,6
996,5
997,4
998,1
999,1
1000,4
1001,9
1002,1
1003,7
1004,4
1005,7
1006,1
1007,8
1008,2
1009,4
1010,2
1011,0
1012,8
1013,0
1014,1
1015,4
1016,2
1017,2
1018,2
1019,0
1020,9
1021,7
1022,0
1023,7
1024,4
1025,5
1026,6
1027,0
1028,3
1029,6
1030,7
1031,3
1032,8
1033,1
1034,0
1035,0
1036,1
1037,4
1038,5
1039,4
1040,6
1041,7
1042,8
1043,8
1044,2
1045,8
1046,8
1047,5
1048,8
1049,8
1050,4
1051,3
1052,7
1053,6
1054,1
1055,7
1056,3
1057,8
1058,4
1059,2
1060,9
1061,7
1062,7
1063,8
1064,5
1065,1
1066,6
1067,5
1068,2
1069,4
1070,2
1071,6
1072,8
1073,2
1074,7
1075,1
1076,6
1077,9
1078,9
1079,1
1080,8
1081,7
1082,2
1083,6
1084,8
1085,1
1086,5
1087,2
1088,3
1089,3
1090,7
1091,2
1092,5
1093,1
1094,5
1095,6
1096,7
1097,5
1098,4
1099,4
1100,6
1101,3
1102,1
1103,0
1104,4
1105,6
1106,3
1107,2
1108,2
1109,1
1110,7
1111,7
1112,3
1113,7
1114,6
1115,6
1116,2
1117,8
1118,8
1119,1
1120,1
1121,4
1122,6
1123,1
1124,1
1125,2
1126,4
1127,4
1128,2
1129,2
1130,4
1131,3
1132,7
1133,9
1134,0
1135,4
1136,1
1137,5
1138,9
1139,2
1140,9
1141,7
1142,9
1143,9
1144,9
1145,2
1146,2
1147,8
1148,4
1149,1
1150,4
1151,6
1152,0
1153,2
1154,9
1155,5
1156,9
1157,5
1158,7
1159,1
1160,6
1161,9
1162,2
1163,8
1164,6
1165,0
1166,6
1167,7
1168,5
1169,3
1170,1
1171,8
1172,5
1173,3
1174,0
1175,3
1176,5
1177,5
1178,7
1179,0
1180,0
1181,2
1182,2
1183,0
1184,5
1185,0
1186,2
1187,5
1188,5
1189,8
1190,9
1191,0
1192,2
1193,8
1194,1
1195,3
1196,0
1197,3
1198,4
1199,3
1200,6
1201,3
1202,1
1203,1
1204,5
1205,2
1206,6
1207,9
1208,5
1209,5
1210,6
1211,3
1212,5
1213,1
1214,6
1215,7
1216,0
1217,2
1218,7
1219,8
1220,6
1221,4
1222,5
1223,2
1224,7
1225,9
1226,0
1227,8
1228,6
1229,0
1230,6
1231,8
1232,3
1233,9
1234,7
1235,6
1236,3
1237,7
1238,7
1239,9
1240,8
1241,3
1242,2
1243,5
1244,1
1245,2
1246,2
1247,9
1248,7
1249,7
1250,2
1251,9
1252,2
1253,5
1254,7
1255,4
1256,5
1257,1
1258,6
1259,4
1260,3
1261,8
1262,3
1263,9
1264,4
1265,9
1266,0
1267,7
1268,0
1269,4
1270,4
1271,8
1272,2
1273,6
1274,4
1275,4
1276,3
1277,1
1278,5
1279,5
1280,2
1281,5
1282,2
1283,7
1284,0
1285,9
1286,3
1287,3
1288,2
1289,5
1290,3
1291,3
1292,4
1293,6
1294,2
1295,2
1296,3
1297,9
1298,4
1299,1
1300,8
1301,4
1302,4
1303,4
1304,6
1305,0
1306,3
1307,4
1308,6
1309,9
1310,0
1311,6
1312,7
1313,3
1314,7
1315,0
1316,0
1317,4
1318,4
1319,2
1320,9
1321,2
1322,9
1323,3
1324,1
1325,9
1326,2
1327,7
1328,6
1329,6
1330,8
1331,6
1332,9
1333,8
1334,7
1335,7
1336,9
1337,9
1338,7
1339,3
1340,5
1341,3
1342,6
1343,0
1344,1
1345,6
1346,5
1347,7
1348,0
1349,6
1350,2
1351,6
1352,9
1353,4
1354,1
1355,4
1356,3
1357,1
1358,7
1359,2
1360,0
1361,8
1362,6
1363,3
1364,7
1365,8
1366,0
1367,2
1368,7
1369,0
1370,5
1371,1
1372,9
1373,7
1374,3
1375,8
1376,0
1377,9
1378,5
1379,2
1380,0
1381,6
1382,2
1383,2
1384,2
1385,4
1386,8
1387,0
1388,1
1389,5
1390,3
1391,9
1392,2
1393,8
1394,9
1395,0
1396,4
1397,1
1398,8
1399,4
1400,2
1401,7
1402,1
1403,7
1404,1
1405,0
1406,0
1407,8
1408,8
1409,9
1410,7
1411,4
1412,1
1413,7
1414,5
1415,7
1416,4
1417,5
1418,7
1419,9
1420,7
1421,2
1422,3
1423,1
1424,8
1425,5
1426,6
1427,0
1428,1
1429,8
1430,8
1431,4
1432,9
1433,8
1434,0
1435,7
1436,7
1437,0
1438,7
1439,3
1440,9
1441,8
1442,9
1443,8
1444,5
1445,2
1446,2
1447,9
1448,6
1449,0
1450,2
1451,5
1452,7
1453,9
1454,6
1455,3
1456,7
1457,1
1458,6
1459,0
1460,9
1461,1
1462,3
1463,4
1464,0
1465,4
1466,7
1467,6
1468,7
1469,9
1470,8
1471,9
1472,8
1473,8
1474,9
1475,3
1476,7
1477,8
1478,1
1479,4
1480,4
1481,8
1482,6
1483,2
1484,4
1485,2
1486,8
1487,2
1488,1
1489,1
1490,2
1491,2
1492,7
1493,7
1494,0
1495,1
1496,2
1497,3
1498,7
1499,6
1500,7
1501,5
1502,9
1503,5
1504,7
1505,4
1506,8
1507,4
1508,4
1509,7
1510,5
1511,3
1512,7
1513,1
1514,9
1515,2
1516,0
1517,6
1518,3
1519,5
1520,2
1521,2
1522,0
1523,3
1524,5
1525,9
1526,8
1527,0
1528,2
1529,7
1530,1
1531,6
1532,3
1533,6
1534,9
1535,3
1536,7
1537,7
1538,8
1539,8
1540,3
1541,8
1542,2
1543,5
1544,3
1545,6
1546,7
1547,8
1548,7
1549,2
1550,2
1551,9
1552,7
1553,0
1554,1
1555,9
1556,5
1557,6
1558,4
1559,8
1560,1
1561,7
1562,1
1563,4
1564,9
1565,3
1566,8
1567,6
1568,4
1569,2
1570,3
1571,2
1572,0
1573,2
1574,5
1575,0
1576,7
1577,9
1578,3
1579,7
1580,6
1581,8
1582,1
1583,4
1584,8
1585,1
1586,6
1587,1
1588,0
1589,6
1590,1
1591,3
1592,3
1593,0
1594,8
1595,3
1596,2
1597,1
1598,4
1599,5
1600,2
1601,9
1602,8
1603,3
1604,1
1605,1
1606,9
1607,4
1608,4
1609,4
1610,8
1611,4
1612,8
1613,2
1614,8
1615,9
1616,1
1617,1
1618,0
1619,3
1620,8
1621,6
1622,2
1623,4
1624,3
1625,9
1626,2
1627,3
1628,7
1629,9
1630,7
1631,5
1632,7
1633,2
1634,7
1635,6
1636,7
1637,9
1638,7
1639,2
1640,7
1641,9
1642,8
1643,3
1644,0
1645,1
1646,2
1647,3
1648,1
1649,2
1650,9
1651,0
1652,9
1653,6
1654,7
1655,1
1656,0
1657,4
1658,6
1659,0
1660,8
1661,5
1662,6
1663,2
1664,4
1665,3
1666,3
1667,3
1668,8
1669,0
1670,2
1671,3
1672,7
1673,2
1674,0
1675,2
1676,2
1677,1
1678,8
1679,2
1680,9
1681,6
1682,4
1683,6
1684,0
1685,2
1686,7
1687,3
1688,4
1689,4
1690,2
1691,2
1692,6
1693,5
1694,9
1695,4
1696,8
1697,7
1698,5
1699,1
1700,9
1701,1
1702,1
1703,3
1704,9
1705,9
1706,6
1707,0
1708,7
1709,6
1710,5
1711,6
1712,7
1713,0
1714,0
1715,0
1716,3
1717,4
1718,2
1719,0
1720,8
1721,7
1722,7
1723,3
1724,6
1725,0
1726,2
1727,2
1728,1
1729,4
1730,7
1731,8
1732,5
1733,2
1734,9
1735,7
1736,6
1737,2
1738,8
1739,9
1740,3
1741,8
1742,8
1743,7
1744,1
1745,5
1746,8
1747,0
1748,7
1749,2
1750,8
1751,7
1752,3
1753,6
1754,3
1755,2
1756,0
1757,0
1758,5
1759,1
1760,0
1761,7
1762,7
1763,4
1764,5
1765,7
1766,0
1767,1
1768,9
1769,2
1770,2
1771,6
1772,4
1773,9
1774,9
1775,9
1776,9
1777,0
1778,1
1779,2
1780,2
1781,0
1782,3
1783,4
1784,1
1785,2
1786,1
1787,7
1788,5
1789,0
1790,7
1791,8
1792,7
1793,0
1794,0
1795,2
1796,3
1797,6
1798,7
1799,0
1800,1
1801,6
1802,8
1803,7
1804,0
1805,9
1806,2
1807,7
1808,8
1809,7
1810,4
1811,1
1812,3
1813,8
1814,6
1815,9
1816,9
1817,3
1818,1
1819,5
1820,1
1821,1
1822,0
1823,5
1824,6
1825,9
1826,2
1827,0
1828,1
1829,7
1830,5
1831,9
1832,7
1833,5
1834,2
1835,7
1836,3
1837,6
1838,2
1839,4
1840,3
1841,2
1842,7
1843,9
1844,4
1845,2
1846,8
1847,6
1848,1
1849,2
1850,1
1851,4
1852,5
1853,8
1854,9
1855,7
1856,8
1857,0
1858,6
1859,5
1860,6
1861,2
1862,1
1863,9
1864,1
1865,4
1866,9
1867,0
1868,3
1869,8
1870,7
1871,5
1872,2
1873,9
1874,2
1875,9
1876,2
1877,2
1878,2
1879,4
1880,9
1881,7
1882,4
1883,1
1884,5
1885,6
1886,2
1887,1
1888,1
1889,4
1890,0
1891,6
1892,7
1893,7
1894,2
1895,1
1896,2
1897,8
1898,9
1899,2
1900,5
1901,2
1902,8
1903,9
1904,6
1905,1
1906,0
1907,5
1908,1
1909,8
1910,7
1911,6
1912,7
1913,8
1914,1
1915,3
1916,2
1917,7
1918,0
1919,0
1920,1
1921,5
1922,3
1923,0
1924,1
1925,3
1926,6
1927,6
1928,5
1929,1
1930,5
1931,1
1932,7
1933,4
1934,3
1935,0
1936,0
1937,0
1938,8
1939,4
1940,8
1941,1
1942,5
1943,4
1944,5
1945,3
1946,8
1947,5
1948,9
1949,2
1950,1
1951,3
1952,6
1953,1
1954,3
1955,9
1956,5
1957,6
1958,3
1959,8
1960,6
1961,1
1962,4
1963,7
1964,6
1965,6
1966,9
1967,9
1968,9
1969,0
1970,6
1971,3
1972,7
1973,7
1974,6
1975,4
1976,9
1977,0
1978,5
1979,6
1980,3
1981,6
1982,3
1983,7
1984,0
1985,8
1986,8
1987,3
1988,3
1989,1
1990,7
1991,1
1992,0
1993,0
1994,9
1995,2
1996,4
1997,3
1998,1
1999,0
2000,1
2001,9
2002,3
2003,2
2004,7
2005,1
2006,8
2007,0
2008,0
2009,0
2010,0
2011,3
2012,4
2013,3
2014,6
2015,8
2016,2
2017,3
2018,8
2019,4
2020,7
2021,5
2022,4
2023,1
2024,7
2025,5
2026,2
2027,7
2028,4
2029,3
2030,3
2031,6
2032,0
2033,2
2034,1
2035,2
2036,1
2037,1
2038,2
2039,1
2040,1
2041,8
2042,7
2043,1
2044,6
2045,7
2046,1
2047,2
2048,6
2049,7
2050,9
2051,9
2052,4
2053,3
2054,6
2055,2
2056,5
2057,5
2058,7
2059,9
2060,6
2061,7
2062,9
2063,9
2064,2
2065,5
2066,7
2067,6
2068,1
2069,6
2070,8
2071,7
2072,7
2073,3
2074,0
2075,0
2076,7
2077,0
2078,9
2079,2
2080,3
2081,7
2082,6
2083,4
2084,9
2085,5
2086,1
2087,9
2088,0
2089,5
2090,1
2091,1
2092,4
2093,1
2094,6
2095,0
2096,5
2097,7
2098,4
2099,5
2100,6
2101,1
2102,6
2103,5
2104,1
2105,2
2106,1
2107,0
2108,6
2109,2
2110,0
2111,4
2112,4
2113,7
2114,9
2115,5
2116,5
2117,8
2118,9
2119,5
2120,0
2121,9
2122,3
2123,6
2124,7
2125,0
2126,7
2127,0
2128,5
2129,8
2130,6
2131,9
2132,6
2133,7
2134,3
2135,6
2136,3
2137,5
2138,8
2139,5
2140,1
2141,7
2142,2
2143,8
2144,9
2145,4
2146,2
2147,0
2148,2
2149,3
2150,4
2151,2
2152,5
2153,8
2154,4
2155,3
2156,8
2157,4
2158,3
2159,4
2160,8
2161,8
2162,4
2163,2
2164,5
2165,6
2166,5
2167,7
2168,6
2169,1
2170,3
2171,5
2172,2
2173,2
2174,5
2175,8
2176,0
2177,4
2178,2
2179,5
2180,8
2181,9
2182,6
2183,8
2184,4
2185,8
2186,0
2187,5
2188,0
2189,2
2190,6
2191,5
2192,9
2193,4
2194,6
2195,6
2196,4
2197,8
2198,5
2199,1
2200,6
2201,3
2202,8
2203,8
2204,5
2205,0
2206,9
2207,6
2208,4
2209,0
2210,8
2211,2
2212,2
2213,9
2214,1
2215,9
2216,7
2217,4
2218,8
2219,9
2220,4
2221,1
2222,4
2223,5
2224,0
2225,2
2226,8
2227,0
2228,6
2229,1
2230,6
2231,6
2232,7
2233,7
2234,1
2235,8
2236,7
2237,3
2238,8
2239,7
2240,2
2241,3
2242,5
2243,0
2244,5
2245,5
2246,5
2247,7
2248,1
2249,8
2250,6
2251,5
2252,2
2253,5
2254,1
2255,1
2256,5
2257,5
2258,0
2259,7
2260,1
2261,6
2262,0
2263,2
2264,9
2265,3
2266,8
2267,7
2268,5
2269,0
2270,2
2271,3
2272,3
2273,9
2274,1
2275,8
2276,6
2277,5
2278,1
2279,3
2280,2
2281,9
2282,4
2283,8
2284,4
2285,5
2286,5
2287,0
2288,7
2289,4
2290,7
2291,8
2292,6
2293,3
2294,0
2295,7
2296,5
2297,3
2298,6
2299,6
2300,1
2301,8
2302,2
2303,9
2304,9
2305,8
2306,3
2307,1
2308,9
2309,5
2310,0
2311,0
2312,5
2313,0
2314,5
2315,6
2316,6
2317,4
2318,4
2319,5
2320,9
2321,4
2322,4
2323,4
2324,2
2325,1
2326,5
2327,5
2328,8
2329,6
2330,2
2331,9
2332,6
2333,9
2334,8
2335,7
2336,0
2337,0
2338,4
2339,7
2340,3
2341,3
2342,5
2343,7
2344,8
2345,1
2346,7
2347,0
2348,9
2349,4
2350,4
2351,3
2352,6
2353,0
2354,8
2355,7
2356,2
2357,3
2358,5
2359,1
2360,6
2361,1
2362,5
2363,3
2364,6
2365,8
2366,4
2367,9
2368,9
2369,8
2370,4
2371,6
2372,7
2373,7
2374,5
2375,2
2376,2
2377,4
2378,1
2379,1
2380,9
2381,8
2382,1
2383,7
2384,9
2385,1
2386,2
2387,7
2388,5
2389,7
2390,1
2391,8
2392,5
2393,3
2394,4
2395,0
2396,5
2397,6
2398,1
2399,8
2400,8
2401,9
2402,8
2403,5
2404,1
2405,4
2406,3
2407,1
2408,2
2409,4
2410,5
2411,8
2412,9
2413,3
2414,6
2415,3
2416,3
2417,4
2418,6
2419,2
2420,9
2421,9
2422,5
2423,9
2424,5
2425,6
2426,1
2427,5
2428,0
2429,5
2430,7
2431,7
2432,0
2433,4
2434,1
2435,9
2436,3
2437,1
2438,2
2439,1
2440,8
2441,9
2442,7
2443,2
2444,4
2445,9
2446,4
2447,7
2448,1
2449,2
2450,3
2451,4
2452,8
2453,3
2454,9
2455,4
2456,9
2457,9
2458,4
2459,2
2460,8
2461,0
2462,2
2463,8
2464,1
2465,8
2466,5
2467,3
2468,4
2469,4
2470,4
2471,1
2472,2
2473,3
2474,0
2475,8
2476,3
2477,4
2478,3
2479,0
2480,1
2481,1
2482,4
2483,7
2484,1
2485,2
2486,6
2487,1
2488,5
2489,9
2490,4
2491,5
2492,2
2493,5
2494,1
2495,0
2496,0
2497,6
2498,9
2499,1
2500,1
2501,0
2502,4
2503,9
2504,5
2505,9
2506,0
2507,1
2508,6
2509,2
2510,3
2511,3
2512,4
2513,5
2514,7
2515,1
2516,8
2517,6
2518,2
2519,3
2520,7
2521,2
2522,8
2523,7
2524,0
2525,7
2526,4
2527,2
2528,1
2529,0
2530,6
2531,9
2532,2
2533,5
2534,5
2535,5
2536,7
2537,4
2538,5
2539,0
2540,3
2541,1
2542,1
2543,7
2544,6
2545,7
2546,8
2547,8
2548,5
2549,6
2550,6
2551,8
2552,6
2553,9
2554,8
2555,1
2556,7
2557,4
2558,6
2559,4
2560,5
2561,5
2562,5
2563,4
2564,1
2565,2
2566,1
2567,9
2568,3
2569,7
2570,7
2571,9
2572,9
2573,1
2574,7
2575,7
2576,0
2577,3
2578,2
2579,2
2580,5
2581,8
2582,3
2583,3
2584,4
2585,0
2586,2
2587,1
2588,6
2589,6
2590,1
2591,9
2592,3
2593,0
2594,5
2595,8
2596,5
2597,5
2598,8
2599,6
2600,2
2601,3
2602,4
2603,3
2604,9
2605,3
2606,5
2607,1
2608,8
2609,2
2610,2
2611,1
2612,5
2613,8
2614,2
2615,8
2616,1
2617,7
2618,1
2619,8
2620,2
2621,3
2622,4
2623,3
2624,4
2625,5
2626,5
2627,2
2628,2
2629,7
2630,0
2631,4
2632,0
2633,9
2634,5
2635,0
2636,5
2637,7
2638,3
2639,1
2640,5
2641,9
2642,6
2643,0
2644,7
2645,4
2646,4
2647,0
2648,2
2649,0
2650,0
2651,3
2652,7
2653,9
2654,2
2655,1
2656,8
2657,5
2658,5
2659,1
2660,0
2661,7
2662,1
2663,6
2664,3
2665,3
2666,9
2667,4
2668,8
2669,4
2670,4
2671,9
2672,5
2673,7
2674,7
2675,9
2676,5
2677,3
2678,0
2679,2
2680,2
2681,4
2682,1
2683,9
2684,7
2685,6
2686,4
2687,2
2688,0
2689,1
2690,2
2691,1
2692,8
2693,5
2694,1
2695,4
2696,5
2697,4
2698,4
2699,2
2700,5
2701,4
2702,5
2703,4
2704,5
2705,6
2706,7
2707,8
2708,0
2709,9
2710,4
2711,5
2712,1
2713,7
2714,0
2715,4
2716,9
2717,0
2718,4
2719,2
2720,2
2721,8
2722,1
2723,5
2724,3
2725,3
2726,4
2727,6
2728,9
2729,8
2730,0
2731,1
2732,2
2733,4
2734,1
2735,6
2736,5
2737,2
2738,9
2739,7
2740,7
2741,9
2742,9
2743,3
2744,4
2745,6
2746,7
2747,7
2748,7
2749,4
2750,4
2751,2
2752,5
2753,5
2754,2
2755,1
2756,7
2757,0
2758,1
2759,7
2760,8
2761,9
2762,1
2763,4
2764,3
2765,2
2766,5
2767,2
2768,5
2769,6
2770,2
2771,4
2772,2
2773,3
2774,7
2775,8
2776,9
2777,9
2778,0
2779,7
2780,5
2781,8
2782,5
2783,7
2784,7
2785,7
2786,4
2787,1
2788,4
2789,2
2790,9
2791,0
2792,4
2793,9
2794,5
2795,6
2796,2
2797,6
2798,2
2799,1
2800,0
2801,0
2802,8
2803,9
2804,5
2805,8
2806,2
2807,0
2808,0
2809,4
2810,5
2811,2
2812,9
2813,5
2814,8
2815,1
2816,5
2817,8
2818,9
2819,5
2820,4
2821,0
2822,6
2823,4
2824,4
2825,7
2826,9
2827,4
2828,7
2829,0
2830,6
2831,8
2832,4
2833,7
2834,5
2835,1
2836,8
2837,0
2838,6
2839,5
2840,4
2841,2
2842,0
2843,8
2844,2
2845,3
2846,2
2847,4
2848,8
2849,1
2850,4
2851,2
2852,5
2853,8
2854,6
2855,8
2856,2
2857,4
2858,6
2859,0
2860,1
2861,2
2862,7
2863,4
2864,1
2865,8
2866,7
2867,9
2868,9
2869,2
2870,7
2871,7
2872,8
2873,1
2874,8
2875,6
2876,8
2877,2
2878,7
2879,4
2880,4
2881,5
2882,2
2883,9
2884,1
2885,0
2886,7
2887,5
2888,9
2889,6
2890,7
2891,7
2892,5
2893,3
2894,3
2895,1
2896,2
2897,7
2898,4
2899,5
2900,0
2901,4
2902,3
2903,7
2904,8
2905,4
2906,7
2907,1
2908,9
2909,0
2910,1
2911,1
2912,2
2913,4
2914,0
2915,6
2916,2
2917,8
2918,4
2919,3
2920,3
2921,1
2922,3
2923,5
2924,0
2925,4
2926,3
2927,3
2928,2
2929,0
2930,3
2931,3
2932,3
2933,2
2934,8
2935,7
2936,4
2937,0
2938,9
2939,9
2940,4
2941,7
2942,9
2943,8
2944,4
2945,9
2946,7
2947,9
2948,5
2949,8
2950,1
2951,8
2952,4
2953,6
2954,9
2955,5
2956,8
2957,8
2958,1
2959,8
2960,2
2961,2
2962,5
2963,5
2964,6
2965,3
2966,7
2967,7
2968,7
2969,5
2970,7
2971,6
2972,1
2973,1
2974,0
2975,1
2976,2
2977,3
2978,9
2979,5
2980,7
2981,1
2982,7
2983,0
2984,2
2985,8
2986,4
2987,5
2988,6
2989,4
2990,7
2991,3
2992,4
2993,9
2994,2
2995,0
2996,1
2997,6
2998,9
2999,2
3000,3
3001,2
3002,2
3003,2
3004,1
3005,5
3006,0
3007,1
3008,3
3009,7
3010,9
3011,2
3012,4
3013,6
3014,0
3015,5
3016,6
3017,7
3018,6
3019,8
3020,4
3021,5
3022,8
3023,9
3024,0
3025,1
3026,1
3027,5
3028,0
3029,5
3030,8
3031,6
3032,0
3033,7
3034,9
3035,1
3036,8
3037,2
3038,6
3039,5
3040,8
3041,8
3042,4
3043,6
3044,3
3045,0
3046,0
3047,4
3048,6
3049,8
3050,7
3051,7
3052,4
3053,1
3054,0
3055,3
3056,3
3057,0
3058,3
3059,1
3060,3
3061,3
3062,6
3063,5
3064,0
3065,5
3066,6
3067,4
3068,5
3069,5
3070,7
3071,9
3072,9
3073,7
3074,8
3075,5
3076,2
3077,4
3078,2
3079,7
3080,6
3081,0
3082,8
3083,2
3084,5
3085,6
3086,9
3087,8
3088,1
3089,2
3090,8
3091,0
3092,1
3093,8
3094,4
3095,4
3096,0
3097,6
3098,1
3099,0
3100,9
3101,2
3102,6
3103,9
3104,4
3105,6
3106,4
3107,2
3108,6
3109,8
3110,7
3111,5
3112,7
3113,2
3114,6
3115,4
3116,0
3117,0
3118,4
3119,3
3120,9
3121,8
3122,0
3123,6
3124,4
3125,7
3126,6
3127,0
3128,1
3129,8
3130,1
3131,1
3132,1
3133,6
3134,6
3135,0
3136,8
3137,6
3138,1
3139,0
3140,2
3141,1
3142,6
3143,7
3144,6
3145,6
3146,2
3147,6
3148,6
3149,8
3150,4
3151,9
3152,5
3153,7
3154,0
3155,9
3156,2
3157,4
3158,4
3159,9
3160,1
3161,4
3162,4
3163,9
3164,9
3165,3
3166,2
3167,3
3168,3
3169,5
3170,7
3171,2
3172,8
3173,7
3174,1
3175,3
3176,0
3177,3
3178,7
3179,0
3180,6
3181,3
3182,5
3183,9
3184,8
3185,1
3186,6
3187,2
3188,1
3189,1
3190,1
3191,4
3192,3
3193,3
3194,0
3195,6
3196,8
3197,0
3198,4
3199,6
3200,3
3201,4
3202,1
3203,9
3204,5
3205,0
3206,3
3207,6
3208,8
3209,9
3210,2
3211,3
3212,7
3213,2
3214,9
3215,2
3216,5
3217,0
3218,2
3219,7
3220,1
3221,2
3222,7
3223,8
3224,2
3225,7
3226,5
3227,5
3228,7
3229,8
3230,4
3231,4
3232,1
3233,5
3234,7
3235,0
3236,0
3237,5
3238,3
3239,2
3240,8
3241,1
3242,9
3243,9
3244,3
3245,7
3246,2
3247,0
3248,3
3249,4
3250,9
3251,2
3252,0
3253,9
3254,1
3255,7
3256,0
3257,3
3258,6
3259,5
3260,0
3261,4
3262,0
3263,8
3264,1
3265,7
3266,7
3267,2
3268,9
3269,7
3270,3
3271,1
3272,0
3273,2
3274,5
3275,8
3276,5
3277,8
3278,4
3279,7
3280,6
3281,8
3282,5
3283,5
3284,0
3285,6
3286,8
3287,6
3288,5
3289,1
3290,1
3291,7
3292,4
3293,3
3294,4
3295,5
3296,6
3297,7
3298,4
3299,0
3300,7
3301,5
3302,7
3303,0
3304,9
3305,1
3306,9
3307,8
3308,1
3309,1
3310,6
3311,6
3312,7
3313,3
3314,0
3315,7
3316,3
3317,0
3318,9
3319,7
3320,9
3321,8
3322,6
3323,5
3324,1
3325,2
3326,5
3327,9
3328,7
3329,4
3330,9
3331,8
3332,3
3333,4
3334,8
3335,5
3336,3
3337,1
3338,0
3339,5
3340,1
3341,6
3342,7
3343,8
3344,7
3345,7
3346,7
3347,7
3348,2
3349,8
3350,1
3351,5
3352,4
3353,1
3354,9
3355,6
3356,1
3357,2
3358,1
3359,5
3360,5
3361,7
3362,3
3363,8
3364,1
3365,3
3366,0
3367,1
3368,1
3369,4
3370,5
3371,2
3372,7
3373,9
3374,3
3375,6
3376,0
3377,4
3378,5
3379,5
3380,5
3381,6
3382,5
3383,9
3384,9
3385,5
3386,8
3387,9
3388,4
3389,1
3390,7
3391,5
3392,1
3393,8
3394,3
3395,8
3396,3
3397,7
3398,9
3399,3
3400,6
3401,1
3402,9
3403,8
3404,0
3405,3
3406,1
3407,4
3408,3
3409,1
3410,5
3411,9
3412,3
3413,2
3414,7
3415,7
3416,7
3417,1
3418,5
3419,9
3420,8
3421,9
3422,7
3423,6
3424,0
3425,9
3426,1
3427,7
3428,6
3429,4
3430,4
3431,1
3432,2
3433,4
3434,7
3435,4
3436,5
3437,9
3438,4
3439,6
3440,2
3441,6
3442,0
3443,5
3444,8
3445,6
3446,2
3447,1
3448,1
3449,5
3450,9
3451,6
3452,2
3453,8
3454,9
3455,7
3456,3
3457,4
3458,0
3459,9
3460,4
3461,3
3462,1
3463,1
3464,6
3465,6
3466,2
3467,1
3468,8
3469,6
3470,1
3471,0
3472,3
3473,3
3474,1
3475,2
3476,8
3477,5
3478,0
3479,3
3480,8
3481,6
3482,7
3483,4
3484,0
3485,3
3486,9
3487,5
3488,0
3489,3
3490,7
3491,5
3492,5
3493,1
3494,6
3495,2
3496,7
3497,3
3498,4
3499,2
3500,4
3501,6
3502,8
3503,5
3504,3
3505,7
3506,0
3507,6
3508,1
3509,1
3510,3
3511,6
3512,1
3513,9
3514,6
3515,8
3516,6
3517,4
3518,3
3519,1
3520,8
3521,9
3522,3
3523,5
3524,4
3525,4
3526,5
3527,6
3528,8
3529,8
3530,9
3531,0
3532,3
3533,5
3534,8
3535,4
3536,3
3537,7
3538,1
3539,5
3540,8
3541,2
3542,2
3543,3
3544,8
3545,6
3546,3
3547,6
3548,9
3549,3
3550,7
3551,2
3552,2
3553,6
3554,2
3555,2
3556,5
3557,0
3558,3
3559,7
3560,6
3561,8
3562,3
3563,2
3564,9
3565,0
3566,9
3567,9
3568,6
3569,8
3570,4
3571,2
3572,2
3573,6
3574,9
3575,0
3576,4
3577,9
3578,8
3579,2
3580,1
3581,5
3582,5
3583,6
3584,9
3585,7
3586,8
3587,2
3588,0
3589,8
3590,0
3591,3
3592,5
3593,0
3594,0
3595,6
3596,3
3597,1
3598,1
3599,6
3600,0
3601,8
3602,0
3603,7
3604,6
3605,7
3606,2
3607,9
3608,6
3609,3
3610,9
3611,4
3612,4
3613,4
3614,6
3615,9
3616,4
3617,5
3618,3
3619,9
3620,3
3621,1
3622,3
3623,8
3624,4
3625,4
3626,7
3627,1
3628,8
3629,3
3630,2
3631,1
3632,8
3633,5
3634,9
3635,4
3636,2
3637,4
3638,2
3639,0
3640,2
3641,3
3642,5
3643,3
3644,8
3645,7
3646,3
3647,9
3648,2
3649,5
3650,3
3651,1
3652,1
3653,1
3654,8
3655,8
3656,6
3657,6
3658,2
3659,1
3660,3
3661,0
3662,7
3663,0
3664,6
3665,6
3666,3
3667,7
3668,3
3669,6
3670,5
3671,7
3672,8
3673,8
3674,3
3675,1
3676,0
3677,6
3678,4
3679,4
3680,7
3681,7
3682,4
3683,9
3684,7
3685,1
3686,1
3687,5
3688,2
3689,7
3690,4
3691,3
3692,1
3693,4
3694,7
3695,5
3696,7
3697,3
3698,7
3699,9
3700,6
3701,9
3702,8
3703,4
3704,4
3705,3
3706,2
3707,9
3708,5
3709,6
3710,3
3711,0
3712,2
3713,8
3714,1
3715,9
3716,7
3717,4
3718,0
3719,7
3720,1
3721,1
3722,8
3723,8
3724,0
3725,4
3726,1
3727,2
3728,9
3729,7
3730,9
3731,5
3732,0
3733,2
3734,2
3735,3
3736,1
3737,9
3738,5
3739,5
3740,8
3741,8
3742,3
3743,5
3744,4
3745,2
3746,5
3747,2
3748,1
3749,5
3750,4
3751,7
3752,4
3753,0
3754,3
3755,7
3756,2
3757,1
3758,9
3759,9
3760,3
3761,5
3762,2
3763,4
3764,1
3765,7
3766,9
3767,2
3768,5
3769,0
3770,1
3771,1
3772,3
3773,8
3774,6
3775,6
3776,1
3777,4
3778,6
3779,3
3780,6
3781,2
3782,7
3783,4
3784,2
3785,1
3786,8
3787,1
3788,2
3789,6
3790,3
3791,3
3792,0
3793,0
3794,9
3795,1
3796,0
3797,4
3798,2
3799,4
3800,9
3801,1
3802,9
3803,5
3804,5
3805,8
3806,1
3807,3
3808,0
3809,1
3810,3
3811,5
3812,9
3813,4
3814,3
3815,7
3816,2
3817,5
3818,2
3819,6
3820,2
3821,3
3822,9
3823,2
3824,3
3825,6
3826,3
3827,7
3828,6
3829,5
3830,2
3831,9
3832,0
3833,8
3834,2
3835,0
3836,6
3837,4
3838,5
3839,4
3840,6
3841,6
3842,1
3843,5
3844,2
3845,3
3846,2
3847,0
3848,4
3849,5
3850,8
3851,1
3852,5
3853,7
3854,3
3855,7
3856,6
3857,1
3858,5
3859,4
3860,7
3861,9
3862,7
3863,9
3864,2
3865,3
3866,6
3867,6
3868,0
3869,7
3870,5
3871,8
3872,0
3873,7
3874,6
3875,2
3876,3
3877,0
3878,7
3879,8
3880,9
3881,6
3882,7
3883,3
3884,0
3885,8
3886,7
3887,1
3888,9
3889,7
3890,5
3891,8
3892,2
3893,4
3894,8
3895,3
3896,3
3897,8
3898,8
3899,9
3900,2
3901,3
3902,0
3903,1
3904,0
3905,9
3906,0
3907,8
3908,9
3909,6
3910,4
3911,6
3912,1
3913,2
3914,9
3915,1
3916,2
3917,9
3918,1
3919,9
3920,9
3921,5
3922,3
3923,1
3924,5
3925,4
3926,5
3927,0
3928,2
3929,2
3930,1
3931,0
3932,6
3933,0
3934,4
3935,2
3936,3
3937,2
3938,8
3939,5
3940,7
3941,7
3942,2
3943,9
3944,2
3945,7
3946,8
3947,0
3948,8
3949,8
3950,8
3951,7
3952,7
3953,8
3954,7
3955,0
3956,4
3957,5
3958,2
3959,6
3960,7
3961,7
3962,4
3963,3
3964,8
3965,9
3966,5
3967,1
3968,8
3969,1
3970,8
3971,1
3972,5
3973,4
3974,9
3975,6
3976,5
3977,9
3978,4
3979,1
3980,7
3981,3
3982,1
3983,3
3984,7
3985,9
3986,8
3987,0
3988,3
3989,0
3990,0
3991,3
3992,5
3993,7
3994,0
3995,9
3996,5
3997,5
3998,7
3999,6
4000,6
4001,5
4002,9
4003,1
4004,1
4005,8
4006,8
4007,0
4008,2
4009,9
4010,7
4011,0
4012,0
4013,4
4014,9
4015,2
4016,1
4017,2
4018,8
4019,9
4020,6
4021,5
4022,1
4023,9
4024,7
4025,2
4026,7
4027,9
4028,9
4029,5
4030,9
4031,2
4032,5
4033,9
4034,0
4035,1
4036,3
4037,7
4038,8
4039,2
4040,6
4041,4
4042,0
4043,4
4044,9
4045,0
4046,2
4047,6
4048,1
4049,9
4050,8
4051,6
4052,0
4053,5
4054,7
4055,7
4056,4
4057,0
4058,9
4059,5
4060,7
4061,9
4062,3
4063,4
4064,1
4065,4
4066,9
4067,8
4068,9
4069,1
4070,1
4071,5
4072,0
4073,5
4074,8
4075,1
4076,8
4077,4
4078,6
4079,4
4080,8
4081,6
4082,8
4083,4
4084,3
4085,0
4086,7
4087,5
4088,0
4089,9
4090,9
4091,1
4092,3
4093,3
4094,0
4095,1
4096,6
4097,4
4098,4
4099,8
4100,6
4101,4
4102,9
4103,7
4104,7
4105,9
4106,5
4107,2
4108,4
4109,0
4110,3
4111,5
4112,5
4113,1
4114,6
4115,8
4116,1
4117,8
4118,9
4119,5
4120,6
4121,1
4122,7
4123,1
4124,6
4125,3
4126,0
4127,3
4128,6
4129,7
4130,0
4131,4
4132,9
4133,0
4134,2
4135,1
4136,8
4137,8
4138,6
4139,5
4140,1
4141,5
4142,1
4143,3
4144,4
4145,7
4146,3
4147,1
4148,6
4149,4
4150,8
4151,8
4152,8
4153,6
4154,5
4155,1
4156,5
4157,5
4158,1
4159,2
4160,3
4161,4
4162,3
4163,9
4164,2
4165,7
4166,8
4167,3
4168,7
4169,5
4170,8
4171,3
4172,2
4173,1
4174,8
4175,8
4176,7
4177,2
4178,7
4179,1
4180,2
4181,8
4182,2
4183,2
4184,9
4185,3
4186,4
4187,8
4188,9
4189,3
4190,3
4191,5
4192,2
4193,8
4194,6
4195,7
4196,4
4197,9
4198,0
4199,8
4200,4
4201,0
4202,6
4203,5
4204,7
4205,9
4206,8
4207,2
4208,8
4209,9
4210,9
4211,4
4212,9
4213,8
4214,8
4215,4
4216,9
4217,9
4218,2
4219,7
4220,3
4221,3
4222,8
4223,5
4224,1
4225,3
4226,7
4227,3
4228,3
4229,9
4230,9
4231,3
4232,6
4233,3
4234,8
4235,3
4236,5
4237,6
4238,7
4239,7
4240,7
4241,8
4242,5
4243,3
4244,7
4245,2
4246,9
4247,3
4248,3
4249,7
4250,6
4251,4
4252,2
4253,4
4254,8
4255,0
4256,2
4257,1
4258,7
4259,0
4260,4
4261,0
4262,5
4263,6
4264,9
4265,4
4266,4
4267,3
4268,7
4269,9
4270,4
4271,3
4272,2
4273,2
4274,1
4275,0
4276,4
4277,6
4278,9
4279,5
4280,1
4281,5
4282,4
4283,6
4284,9
4285,3
4286,0
4287,3
4288,9
4289,9
4290,9
4291,5
4292,9
4293,2
4294,8
4295,4
4296,9
4297,2
4298,9
4299,6
4300,2
4301,3
4302,6
4303,6
4304,0
4305,9
4306,7
4307,7
4308,4
4309,5
4310,1
4311,4
4312,5
4313,2
4314,3
4315,7
4316,2
4317,2
4318,2
4319,9
4320,2
4321,1
4322,0
4323,8
4324,7
4325,9
4326,6
4327,4
4328,7
4329,0
4330,4
4331,1
4332,3
4333,9
4334,3
4335,9
4336,0
4337,7
4338,4
4339,2
4340,4
4341,9
4342,0
4343,3
4344,5
4345,2
4346,0
4347,8
4348,4
4349,3
4350,6
4351,6
4352,9
4353,7
4354,6
4355,8
4356,0
4357,7
4358,0
4359,9
4360,8
4361,2
4362,0
4363,0
4364,0
4365,2
4366,3
4367,4
4368,8
4369,1
4370,5
4371,1
4372,7
4373,2
4374,3
4375,4
4376,4
4377,4
4378,1
4379,4
4380,6
4381,3
4382,1
4383,2
4384,4
4385,9
4386,1
4387,0
4388,0
4389,2
4390,2
4391,5
4392,1
4393,8
4394,0
4395,3
4396,9
4397,7
4398,8
4399,9
4400,5
4401,0
4402,2
4403,9
4404,3
4405,8
4406,0
4407,9
4408,2
4409,3
4410,4
4411,5
4412,5
4413,9
4414,5
4415,0
4416,3
4417,3
4418,7
4419,6
4420,0
4421,4
4422,5
4423,6
4424,5
4425,5
4426,6
4427,1
4428,3
4429,6
4430,1
4431,9
4432,1
4433,3
4434,2
4435,0
4436,7
4437,7
4438,9
4439,3
4440,3
4441,6
4442,6
4443,2
4444,1
4445,5
4446,1
4447,7
4448,5
4449,6
4450,9
4451,2
4452,0
4453,7
4454,5
4455,7
4456,0
4457,4
4458,6
4459,4
4460,0
4461,7
4462,5
4463,2
4464,4
4465,9
4466,0
4467,3
4468,0
4469,7
4470,9
4471,8
4472,7
4473,5
4474,5
4475,0
4476,1
4477,5
4478,2
4479,5
4480,7
4481,3
4482,6
4483,8
4484,2
4485,9
4486,5
4487,7
4488,7
4489,5
4490,1
4491,5
4492,4
4493,0
4494,3
4495,0
4496,9
4497,2
4498,1
4499,4
4500,5
4501,6
4502,2
4503,7
4504,3
4505,6
4506,9
4507,7
4508,1
4509,9
4510,7
4511,5
4512,2
4513,4
4514,1
4515,6
4516,3
4517,5
4518,0
4519,1
4520,5
4521,3
4522,5
4523,8
4524,1
4525,8
4526,3
4527,7
4528,4
4529,4
4530,0
4531,8
4532,4
4533,9
4534,3
4535,3
4536,4
4537,0
4538,6
4539,7
4540,9
4541,5
4542,0
4543,9
4544,9
4545,7
4546,7
4547,7
4548,8
4549,1
4550,2
4551,6
4552,2
4553,1
4554,6
4555,9
4556,5
4557,0
4558,6
4559,4
4560,3
4561,1
4562,7
4563,2
4564,2
4565,2
4566,3
4567,6
4568,6
4569,3
4570,5
4571,5
4572,7
4573,3
4574,4
4575,9
4576,8
4577,7
4578,5
4579,1
4580,8
4581,6
4582,0
4583,4
4584,5
4585,6
4586,4
4587,8
4588,6
4589,4
4590,7
4591,8
4592,4
4593,3
4594,8
4595,2
4596,9
4597,9
4598,1
4599,6
4600,0
4601,9
4602,0
4603,2
4604,9
4605,1
4606,2
4607,5
4608,5
4609,9
4610,2
4611,7
4612,4
4613,6
4614,7
4615,8
4616,3
4617,2
4618,7
4619,8
4620,5
4621,5
4622,4
4623,8
4624,9
4625,9
4626,4
4627,0
4628,2
4629,1
4630,9
4631,0
4632,3
4633,6
4634,2
4635,5
4636,4
4637,1
4638,8
4639,4
4640,5
4641,5
4642,4
4643,2
4644,3
4645,6
4646,5
4647,8
4648,9
4649,9
4650,5
4651,4
4652,9
4653,1
4654,7
4655,6
4656,9
4657,8
4658,5
4659,7
4660,1
4661,5
4662,7
4663,6
4664,0
4665,6
4666,7
4667,4
4668,0
4669,8
4670,0
4671,6
4672,8
4673,8
4674,6
4675,0
4676,4
4677,4
4678,8
4679,7
4680,4
4681,1
4682,3
4683,6
4684,9
4685,6
4686,9
4687,6
4688,9
4689,9
4690,3
4691,8
4692,3
4693,9
4694,3
4695,9
4696,7
4697,8
4698,5
4699,3
4700,7
4701,5
4702,1
4703,5
4704,6
4705,6
4706,4
4707,6
4708,6
4709,3
4710,8
4711,2
4712,7
4713,1
4714,2
4715,7
4716,4
4717,9
4718,4
4719,1
4720,9
4721,2
4722,1
4723,3
4724,2
4725,3
4726,9
4727,0
4728,6
4729,7
4730,6
4731,3
4732,2
4733,4
4734,4
4735,5
4736,8
4737,0
4738,5
4739,3
4740,9
4741,9
4742,7
4743,6
4744,8
4745,8
4746,4
4747,7
4748,8
4749,1
4750,2
4751,9
4752,9
4753,1
4754,9
4755,2
4756,1
4757,1
4758,7
4759,2
4760,6
4761,9
4762,5
4763,1
4764,8
4765,2
4766,1
4767,0
4768,1
4769,1
4770,0
4771,3
4772,8
4773,3
4774,5
4775,4
4776,0
4777,9
4778,3
4779,2
4780,0
4781,0
4782,6
4783,7
4784,5
4785,0
4786,3
4787,5
4788,8
4789,0
4790,9
4791,4
4792,2
4793,5
4794,7
4795,7
4796,0
4797,7
4798,6
4799,9
4800,0
4801,7
4802,0
4803,3
4804,2
4805,7
4806,7
4807,8
4808,1
4809,7
4810,6
4811,7
4812,3
4813,2
4814,3
4815,6
4816,3
4817,9
4818,4
4819,2
4820,4
4821,8
4822,8
4823,0
4824,6
4825,6
4826,3
4827,1
4828,1
4829,7
4830,6
4831,7
4832,0
4833,2
4834,3
4835,9
4836,3
4837,9
4838,0
4839,9
4840,0
4841,9
4842,6
4843,4
4844,0
4845,3
4846,3
4847,9
4848,3
4849,6
4850,6
4851,9
4852,3
4853,3
4854,9
4855,3
4856,7
4857,5
4858,3
4859,9
4860,2
4861,2
4862,4
4863,0
4864,2
4865,9
4866,8
4867,7
4868,6
4869,5
4870,5
4871,1
4872,0
4873,7
4874,6
4875,8
4876,2
4877,5
4878,4
4879,7
4880,9
4881,1
4882,1
4883,0
4884,2
4885,2
4886,4
4887,4
4888,0
4889,9
4890,1
4891,5
4892,3
4893,0
4894,6
4895,2
4896,6
4897,4
4898,8
4899,3
4900,2
4901,0
4902,8
4903,9
4904,3
4905,0
4906,5
4907,8
4908,7
4909,6
4910,8
4911,5
4912,6
4913,2
4914,3
4915,5
4916,8
4917,6
4918,1
4919,1
4920,4
4921,4
4922,9
4923,0
4924,0
4925,4
4926,5
4927,4
4928,8
4929,3
4930,8
4931,6
4932,7
4933,2
4934,9
4935,2
4936,6
4937,5
4938,1
4939,7
4940,3
4941,5
4942,9
4943,7
4944,5
4945,8
4946,5
4947,6
4948,9
4949,5
4950,7
4951,8
4952,8
4953,1
4954,8
4955,5
4956,4
4957,0
4958,1
4959,5
4960,1
4961,4
4962,1
4963,1
4964,3
4965,9
4966,2
4967,8
4968,9
4969,5
4970,8
4971,9
4972,0
4973,8
4974,0
4975,7
4976,8
4977,6
4978,3
4979,5
4980,7
4981,0
4982,0
4983,0
4984,5
4985,0
4986,9
4987,5
4988,4
4989,3
4990,6
4991,9
4992,6
4993,7
4994,7
4995,2
4996,4
4997,3
4998,2
4999,1
5000,6
5001,3
5002,8
5003,5
5004,2
5005,5
5006,5
5007,2
5008,6
5009,0
5010,3
5011,7
5012,1
5013,9
5014,2
5015,5
5016,5
5017,0
5018,7
5019,7
5020,4
5021,0
5022,7
5023,6
5024,3
5025,5
5026,1
5027,9
5028,3
5029,6
5030,1
5031,3
5032,9
5033,5
5034,2
5035,3
5036,0
5037,2
5038,5
5039,6
5040,7
5041,3
5042,7
5043,8
5044,6
5045,2
5046,4
5047,8
5048,8
5049,5
5050,7
5051,0
5052,4
5053,1
5054,4
5055,7
5056,2
5057,9
5058,9
5059,1
5060,0
5061,7
5062,4
5063,1
5064,3
5065,1
5066,2
5067,5
5068,9
5069,4
5070,5
5071,1
5072,2
5073,4
5074,0
5075,9
5076,6
5077,2
5078,1
5079,5
5080,5
5081,0
5082,1
5083,1
5084,5
5085,3
5086,9
5087,6
5088,0
5089,6
5090,7
5091,4
5092,8
5093,6
5094,3
5095,7
5096,7
5097,4
5098,3
5099,6
5100,0
5101,0
5102,8
5103,2
5104,8
5105,1
5106,4
5107,0
5108,1
5109,4
5110,3
5111,7
5112,8
5113,5
5114,8
5115,7
5116,3
5117,8
5118,8
5119,8
5120,8
5121,3
5122,8
5123,7
5124,4
5125,2
5126,9
5127,3
5128,3
5129,2
5130,6
5131,8
5132,5
5133,0
5134,3
5135,3
5136,4
5137,0
5138,4
5139,9
5140,0
5141,9
5142,0
5143,5
5144,9
5145,8
5146,7
5147,9
5148,4
5149,8
5150,1
5151,7
5152,4
5153,6
5154,3
5155,8
5156,0
5157,3
5158,6
5159,0
5160,9
5161,6
5162,9
5163,6
5164,6
5165,2
5166,5
5167,0
5168,8
5169,9
5170,4
5171,3
5172,4
5173,5
5174,9
5175,8
5176,8
5177,9
5178,2
5179,2
5180,0
5181,6
5182,3
5183,8
5184,8
5185,8
5186,8
5187,7
5188,2
5189,2
5190,1
5191,2
5192,3
5193,1
5194,6
5195,6
5196,1
5197,3
5198,0
5199,5
5200,1
5201,4
5202,2
5203,9
5204,3
5205,7
5206,4
5207,4
5208,4
5209,4
5210,1
5211,6
5212,3
5213,8
5214,6
5215,6
5216,3
5217,5
5218,0
5219,0
5220,1
5221,1
5222,9
5223,9
5224,5
5225,6
5226,2
5227,5
5228,6
5229,5
5230,6
5231,2
5232,3
5233,8
5234,3
5235,2
5236,6
5237,8
5238,3
5239,2
5240,1
5241,1
5242,2
5243,6
5244,8
5245,9
5246,3
5247,7
5248,9
5249,1
5250,7
5251,8
5252,4
5253,7
5254,1
5255,0
5256,9
5257,6
5258,3
5259,1
5260,0
5261,2
5262,3
5263,9
5264,3
5265,5
5266,0
5267,0
5268,6
5269,5
5270,9
5271,5
5272,1
5273,3
5274,2
5275,1
5276,0
5277,4
5278,7
5279,9
5280,2
5281,6
5282,3
5283,1
5284,4
5285,7
5286,9
5287,6
5288,5
5289,8
5290,8
5291,5
5292,8
5293,7
5294,9
5295,8
5296,3
5297,0
5298,2
5299,7
5300,9
5301,8
5302,4
5303,3
5304,6
5305,0
5306,2
5307,7
5308,5
5309,1
5310,3
5311,9
5312,9
5313,3
5314,7
5315,8
5316,6
5317,4
5318,9
5319,2
5320,0
5321,2
5322,5
5323,5
5324,2
5325,2
5326,4
5327,4
5328,0
5329,7
5330,5
5331,7
5332,3
5333,1
5334,9
5335,4
5336,4
5337,5
5338,5
5339,5
5340,6
5341,2
5342,2
5343,6
5344,6
5345,9
5346,7
5347,9
5348,9
5349,5
5350,6
5351,1
5352,4
5353,0
5354,9
5355,5
5356,7
5357,5
5358,6
5359,6
5360,5
5361,8
5362,4
5363,3
5364,6
5365,9
5366,5
5367,5
5368,0
5369,4
5370,8
5371,2
5372,3
5373,8
5374,4
5375,0
5376,3
5377,9
5378,3
5379,6
5380,2
5381,6
5382,1
5383,6
5384,7
5385,7
5386,8
5387,1
5388,5
5389,2
5390,3
5391,1
5392,1
5393,2
5394,8
5395,4
5396,3
5397,6
5398,0
5399,0
5400,8
5401,9
5402,3
5403,5
5404,6
5405,9
5406,5
5407,1
5408,8
5409,1
5410,5
5411,3
5412,9
5413,0
5414,9
5415,1
5416,1
5417,3
5418,8
5419,6
5420,0
5421,7
5422,3
5423,9
5424,6
5425,0
5426,2
5427,6
5428,1
5429,4
5430,1
5431,9
5432,6
5433,4
5434,7
5435,5
5436,4
5437,6
5438,9
5439,0
5440,6
5441,0
5442,3
5443,9
5444,0
5445,7
5446,4
5447,1
5448,7
5449,0
5450,1
5451,2
5452,3
5453,2
5454,9
5455,1
5456,0
5457,2
5458,5
5459,1
5460,2
5461,2
5462,5
5463,1
5464,1
5465,9
5466,4
5467,6
5468,2
5469,7
5470,7
5471,0
5472,3
5473,2
5474,5
5475,0
5476,3
5477,6
5478,1
5479,8
5480,3
5481,9
5482,6
5483,8
5484,5
5485,5
5486,0
5487,0
5488,4
5489,6
5490,8
5491,5
5492,5
5493,0
5494,1
5495,3
5496,5
5497,8
5498,1
5499,9
5500,9
5501,9
5502,8
5503,4
5504,3
5505,5
5506,4
5507,7
5508,2
5509,8
5510,4
5511,1
5512,4
5513,3
5514,3
5515,4
5516,2
5517,6
5518,8
5519,2
5520,9
5521,2
5522,3
5523,9
5524,7
5525,5
5526,8
5527,6
5528,3
5529,8
5530,9
5531,8
5532,7
5533,7
5534,5
5535,7
5536,2
5537,6
5538,8
5539,5
5540,6
5541,4
5542,3
5543,7
5544,3
5545,6
5546,0
5547,1
5548,6
5549,5
5550,4
5551,0
5552,1
5553,1
5554,8
5555,0
5556,5
5557,3
5558,0
5559,0
5560,1
5561,9
5562,2
5563,1
5564,7
5565,7
5566,1
5567,0
5568,7
5569,4
5570,0
5571,7
5572,1
5573,2
5574,2
5575,3
5576,3
5577,0
5578,9
5579,0
5580,3
5581,6
5582,9
5583,2
5584,6
5585,0
5586,1
5587,6
5588,2
5589,4
5590,7
5591,7
5592,2
5593,4
5594,9
5595,6
5596,7
5597,4
5598,4
5599,7
5600,2
5601,0
5602,2
5603,9
5604,9
5605,2
5606,6
5607,1
5608,7
5609,2
5610,3
5611,5
5612,5
5613,9
5614,7
5615,2
5616,7
5617,5
5618,0
5619,6
5620,3
5621,2
5622,7
5623,8
5624,8
5625,2
5626,9
5627,5
5628,4
5629,2
5630,7
5631,6
5632,0
5633,7
5634,8
5635,3
5636,6
5637,1
5638,6
5639,5
5640,7
5641,7
5642,0
5643,0
5644,4
5645,7
5646,2
5647,2
5648,0
5649,8
5650,7
5651,9
5652,0
5653,2
5654,4
5655,1
5656,6
5657,4
5658,0
5659,0
5660,5
5661,2
5662,2
5663,4
5664,9
5665,9
5666,3
5667,1
5668,6
5669,3
5670,0
5671,9
5672,6
5673,6
5674,8
5675,4
5676,9
5677,1
5678,6
5679,2
5680,1
5681,6
5682,9
5683,8
5684,8
5685,0
5686,6
5687,6
5688,9
5689,3
5690,4
5691,0
5692,6
5693,6
5694,9
5695,4
5696,0
5697,1
5698,2
5699,9
5700,3
5701,6
5702,0
5703,0
5704,8
5705,4
5706,6
5707,4
5708,0
5709,2
5710,2
5711,1
5712,4
5713,7
5714,4
5715,2
5716,9
5717,4
5718,8
5719,7
5720,7
5721,1
5722,2
5723,6
5724,3
5725,6
5726,1
5727,2
5728,7
5729,6
5730,1
5731,7
5732,1
5733,8
5734,3
5735,0
5736,9
5737,9
5738,3
5739,8
5740,5
5741,9
5742,6
5743,3
5744,8
5745,4
5746,2
5747,6
5748,2
5749,9
5750,9
5751,6
5752,8
5753,2
5754,9
5755,6
5756,9
5757,4
5758,2
5759,9
5760,9
5761,7
5762,5
5763,9
5764,3
5765,9
5766,3
5767,5
5768,5
5769,5
5770,7
5771,4
5772,8
5773,7
5774,1
5775,6
5776,0
5777,4
5778,6
5779,1
5780,6
5781,5
5782,5
5783,0
5784,3
5785,9
5786,7
5787,9
5788,3
5789,2
5790,1
5791,8
5792,3
5793,6
5794,7
5795,3
5796,5
5797,9
5798,5
5799,1
5800,7
5801,0
5802,1
5803,6
5804,1
5805,5
5806,2
5807,1
5808,6
5809,1
5810,9
5811,5
5812,7
5813,3
5814,1
5815,5
5816,1
5817,2
5818,6
5819,0
5820,1
5821,6
5822,2
5823,7
5824,4
5825,4
5826,5
5827,8
5828,5
5829,1
5830,4
5831,5
5832,4
5833,2
5834,0
5835,2
5836,2
5837,0
5838,6
5839,4
5840,8
5841,1
5842,0
5843,7
5844,8
5845,7
5846,2
5847,6
5848,1
5849,2
5850,5
5851,6
5852,9
5853,9
5854,3
5855,7
5856,8
5857,4
5858,9
5859,1
5860,8
5861,9
5862,8
5863,3
5864,1
5865,3
5866,0
5867,8
5868,2
5869,9
5870,7
5871,7
5872,5
5873,5
5874,3
5875,7
5876,2
5877,9
5878,4
5879,5
5880,5
5881,3
5882,7
5883,8
5884,7
5885,1
5886,8
5887,3
5888,9
5889,8
5890,1
5891,2
5892,4
5893,4
5894,6
5895,1
5896,5
5897,7
5898,0
5899,8
5900,7
5901,0
5902,9
5903,8
5904,6
5905,6
5906,8
5907,4
5908,9
5909,5
5910,6
5911,9
5912,1
5913,0
5914,5
5915,7
5916,0
5917,2
5918,2
5919,1
5920,2
5921,2
5922,6
5923,3
5924,6
5925,9
5926,0
5927,6
5928,2
5929,3
5930,2
5931,0
5932,8
5933,4
5934,4
5935,9
5936,2
5937,1
5938,8
5939,1
5940,0
5941,6
5942,8
5943,5
5944,9
5945,1
5946,2
5947,9
5948,3
5949,7
5950,9
5951,1
5952,4
5953,1
5954,1
5955,3
5956,3
5957,2
5958,4
5959,7
5960,5
5961,0
5962,2
5963,9
5964,3
5965,7
5966,2
5967,8
5968,8
5969,6
5970,2
5971,7
5972,8
5973,2
5974,4
5975,7
5976,7
5977,9
5978,6
5979,5
5980,9
5981,5
5982,0
5983,1
5984,5
5985,1
5986,0
5987,0
5988,8
5989,3
5990,4
5991,8
5992,8
5993,2
5994,6
5995,3
5996,0
5997,2
5998,1
5999,2
6000,9
6001,2
6002,9
6003,4
6004,7
6005,1
6006,4
6007,2
6008,9
6009,8
6010,8
6011,8
6012,4
6013,2
6014,2
6015,5
6016,0
6017,9
6018,5
6019,3
6020,5
6021,6
6022,6
6023,3
6024,6
6025,9
6026,3
6027,9
6028,9
6029,3
6030,5
6031,1
6032,0
6033,7
6034,1
6035,8
6036,5
6037,6
6038,8
6039,2
6040,8
6041,2
6042,5
6043,8
6044,0
6045,7
6046,7
6047,1
6048,2
6049,7
6050,2
6051,3
6052,5
6053,5
6054,2
6055,8
6056,3
6057,5
6058,4
6059,6
6060,6
6061,9
6062,1
6063,6
6064,3
6065,5
6066,9
6067,3
6068,7
6069,4
6070,6
6071,5
6072,0
6073,3
6074,1
6075,7
6076,4
6077,5
6078,3
6079,0
6080,0
6081,1
6082,2
6083,8
6084,4
6085,8
6086,6
6087,2
6088,8
6089,9
6090,7
6091,9
6092,7
6093,9
6094,4
6095,2
6096,7
6097,1
6098,3
6099,9
6100,0
6101,4
6102,3
6103,2
6104,1
6105,9
6106,7
6107,2
6108,4
6109,2
6110,6
6111,0
6112,8
6113,5
6114,4
6115,3
6116,9
6117,4
6118,6
6119,2
6120,3
6121,8
6122,5
6123,1
6124,3
6125,1
6126,7
6127,2
6128,3
6129,2
6130,4
6131,6
6132,7
6133,8
6134,6
6135,7
6136,9
6137,6
6138,7
6139,6
6140,8
6141,4
6142,2
6143,7
6144,0
6145,5
6146,0
6147,7
6148,0
6149,4
6150,9
6151,2
6152,0
6153,6
6154,8
6155,9
6156,4
6157,3
6158,0
6159,9
6160,5
6161,8
6162,1
6163,0
6164,5
6165,5
6166,1
6167,6
6168,3
6169,8
6170,2
6171,0
6172,9
6173,4
6174,1
6175,3
6176,7
6177,9
6178,6
6179,9
6180,4
6181,4
6182,3
6183,9
6184,9
6185,5
6186,8
6187,2
6188,5
6189,0
6190,0
6191,1
6192,8
6193,1
6194,0
6195,5
6196,1
6197,4
6198,1
6199,4
6200,6
6201,6
6202,8
6203,7
6204,1
6205,4
6206,8
6207,2
6208,4
6209,4
6210,5
6211,0
6212,1
6213,5
6214,0
6215,5
6216,9
6217,3
6218,1
6219,2
6220,1
6221,8
6222,2
6223,6
6224,2
6225,2
6226,0
6227,6
6228,6
6229,1
6230,6
6231,7
6232,3
6233,6
6234,0
6235,6
6236,0
6237,7
6238,9
6239,6
6240,2
6241,5
6242,9
6243,7
6244,6
6245,1
6246,6
6247,4
6248,3
6249,7
6250,5
6251,1
6252,4
6253,7
6254,2
6255,9
6256,8
6257,2
6258,0
6259,1
6260,5
6261,0
6262,1
6263,1
6264,7
6265,7
6266,5
6267,0
6268,1
6269,6
6270,7
6271,5
6272,6
6273,0
6274,0
6275,6
6276,4
6277,4
6278,8
6279,7
6280,0
6281,7
6282,4
6283,3
6284,6
6285,1
6286,1
6287,5
6288,4
6289,0
6290,5
6291,3
6292,3
6293,1
6294,2
6295,8
6296,9
6297,0
6298,1
6299,7
6300,9
6301,5
6302,6
6303,3
6304,3
6305,8
6306,9
6307,1
6308,3
6309,8
6310,9
6311,8
6312,8
6313,7
6314,1
6315,6
6316,2
6317,2
6318,4
6319,4
6320,0
6321,5
6322,1
6323,8
6324,6
6325,3
6326,7
6327,8
6328,8
6329,0
6330,6
6331,1
6332,3
6333,4
6334,6
6335,2
6336,5
6337,1
6338,5
6339,7
6340,9
6341,3
6342,4
6343,4
6344,4
6345,7
6346,7
6347,9
6348,3
6349,5
6350,4
6351,0
6352,8
6353,8
6354,1
6355,7
6356,7
6357,4
6358,1
6359,9
6360,2
6361,6
6362,1
6363,5
6364,9
6365,3
6366,8
6367,5
6368,6
6369,2
6370,1
6371,1
6372,2
6373,5
6374,2
6375,1
6376,6
6377,5
6378,7
6379,5
6380,5
6381,5
6382,5
6383,1
6384,9
6385,8
6386,6
6387,3
6388,9
6389,3
6390,4
6391,6
6392,9
6393,5
6394,1
6395,9
6396,7
6397,7
6398,5
6399,4
6400,0
6401,9
6402,5
6403,6
6404,0
6405,6
6406,2
6407,4
6408,3
6409,3
6410,5
6411,0
6412,2
6413,1
6414,2
6415,3
6416,2
6417,4
6418,1
6419,2
6420,0
6421,0
6422,0
6423,0
6424,9
6425,3
6426,3
6427,2
6428,6
6429,1
6430,3
6431,0
6432,6
6433,7
6434,4
6435,8
6436,6
6437,6
6438,3
6439,0
6440,1
6441,0
6442,7
6443,5
6444,4
6445,2
6446,3
6447,2
6448,6
6449,7
6450,1
6451,7
6452,2
6453,1
6454,1
6455,0
6456,2
6457,4
6458,9
6459,6
6460,0
6461,6
6462,5
6463,7
6464,9
6465,0
6466,9
6467,8
6468,0
6469,0
6470,5
6471,9
6472,4
6473,3
6474,0
6475,6
6476,1
6477,6
6478,1
6479,8
6480,9
6481,1
6482,3
6483,1
6484,5
6485,2
6486,6
6487,8
6488,4
6489,4
6490,5
6491,7
6492,2
6493,3
6494,9
6495,3
6496,4
6497,7
6498,3
6499,3
6500,8
6501,4
6502,0
6503,0
6504,7
6505,8
6506,1
6507,0
6508,0
6509,3
6510,0
6511,2
6512,1
6513,4
6514,1
6515,7
6516,0
6517,9
6518,6
6519,3
6520,8
6521,6
6522,7
6523,4
6524,1
6525,1
6526,2
6527,4
6528,8
6529,2
6530,2
6531,7
6532,2
6533,5
6534,1
6535,7
6536,6
6537,7
6538,5
6539,7
6540,4
6541,9
6542,7
6543,4
6544,1
6545,6
6546,8
6547,9
6548,5
6549,8
6550,0
6551,8
6552,0
6553,0
6554,0
6555,5
6556,9
6557,9
6558,9
6559,8
6560,9
6561,7
6562,0
6563,4
6564,7
6565,8
6566,8
6567,8
6568,2
6569,9
6570,3
6571,1
6572,4
6573,5
6574,4
6575,6
6576,2
6577,8
6578,8
6579,4
6580,1
6581,0
6582,0
6583,5
6584,7
6585,4
6586,9
6587,1
6588,9
6589,9
6590,2
6591,3
6592,5
6593,2
6594,6
6595,8
6596,4
6597,0
6598,7
6599,2
6600,0
6601,4
6602,6
6603,7
6604,0
6605,5
6606,4
6607,0
6608,0
6609,6
6610,8
6611,8
6612,8
6613,8
6614,4
6615,5
6616,6
6617,9
6618,0
6619,7
6620,0
6621,5
6622,2
6623,0
6624,6
6625,1
6626,7
6627,4
6628,0
6629,3
6630,8
6631,8
6632,7
6633,2
6634,2
6635,2
6636,8
6637,3
6638,9
6639,2
6640,5
6641,5
6642,3
6643,1
6644,2
6645,8
6646,6
6647,8
6648,9
6649,0
6650,9
6651,1
6652,4
6653,4
6654,2
6655,6
6656,2
6657,1
6658,7
6659,0
6660,8
6661,4
6662,6
6663,2
6664,3
6665,0
6666,0
6667,6
6668,3
6669,9
6670,6
6671,4
6672,9
6673,4
6674,9
6675,1
6676,8
6677,0
6678,5
6679,8
6680,5
6681,7
6682,4
6683,6
6684,8
6685,4
6686,6
6687,4
6688,8
6689,6
6690,0
6691,7
6692,0
6693,7
6694,7
6695,3
6696,8
6697,1
6698,4
6699,4
6700,1
6701,7
6702,3
6703,5
6704,7
6705,8
6706,5
6707,0
6708,4
6709,8
6710,4
6711,5
6712,6
6713,0
6714,2
6715,7
6716,0
6717,5
6718,2
6719,6
6720,4
6721,6
6722,4
6723,8
6724,4
6725,0
6726,8
6727,7
6728,9
6729,2
6730,0
6731,6
6732,0
6733,1
6734,4
6735,4
6736,1
6737,4
6738,8
6739,7
6740,9
6741,5
6742,3
6743,0
6744,2
6745,8
6746,7
6747,7
6748,7
6749,6
6750,6
6751,5
6752,7
6753,8
6754,3
6755,3
6756,3
6757,0
6758,7
6759,4
6760,9
6761,9
6762,8
6763,4
6764,1
6765,7
6766,0
6767,2
6768,3
6769,0
6770,1
6771,8
6772,0
6773,9
6774,1
6775,3
6776,0
6777,8
6778,5
6779,3
6780,1
6781,9
6782,1
6783,4
6784,0
6785,8
6786,5
6787,2
6788,1
6789,4
6790,8
6791,5
6792,9
6793,3
6794,3
6795,9
6796,8
6797,7
6798,1
6799,8
6800,9
6801,7
6802,5
6803,6
6804,5
6805,9
6806,7
6807,4
6808,9
6809,0
6810,7
6811,1
6812,7
6813,0
6814,0
6815,2
6816,9
6817,1
6818,6
6819,8
6820,7
6821,0
6822,7
6823,4
6824,4
6825,1
6826,8
6827,5
6828,0
6829,8
6830,4
6831,0
6832,2
6833,4
6834,4
6835,4
6836,9
6837,5
6838,5
6839,4
6840,4
6841,1
6842,8
6843,3
6844,8
6845,6
6846,4
6847,4
6848,0
6849,3
6850,0
6851,7
6852,5
6853,4
6854,4
6855,2
6856,5
6857,8
6858,8
6859,1
6860,0
6861,6
6862,2
6863,6
6864,8
6865,2
6866,1
6867,6
6868,3
6869,0
6870,8
6871,5
6872,1
6873,9
6874,7
6875,6
6876,0
6877,2
6878,1
6879,2
6880,6
6881,9
6882,6
6883,4
6884,2
6885,1
6886,8
6887,9
6888,2
6889,7
6890,8
6891,1
6892,8
6893,4
6894,1
6895,9
6896,7
6897,3
6898,8
6899,2
6900,4
6901,6
6902,8
6903,9
6904,2
6905,0
6906,1
6907,4
6908,3
6909,0
6910,1
6911,7
6912,3
6913,1
6914,8
6915,2
6916,7
6917,1
6918,6
6919,8
6920,8
6921,5
6922,9
6923,8
6924,4
6925,8
6926,8
6927,8
6928,6
6929,4
6930,2
6931,1
6932,9
6933,3
6934,8
6935,9
6936,7
6937,5
6938,1
6939,5
6940,1
6941,0
6942,2
6943,2
6944,3
6945,3
6946,0
6947,8
6948,8
6949,6
6950,8
6951,4
6952,9
6953,3
6954,6
6955,9
6956,5
6957,0
6958,5
6959,2
6960,7
6961,5
6962,9
6963,9
6964,4
6965,1
6966,5
6967,6
6968,0
6969,0
6970,8
6971,5
6972,9
6973,4
6974,5
6975,6
6976,2
6977,9
6978,5
6979,9
6980,1
6981,0
6982,8
6983,8
6984,3
6985,3
6986,2
6987,6
6988,0
6989,5
6990,2
6991,0
6992,6
6993,1
6994,0
6995,3
6996,9
6997,8
6998,7
6999,6
7000,5
7001,5
7002,1
7003,9
7004,8
7005,0
7006,4
7007,9
7008,6
7009,2
7010,5
7011,2
7012,8
7013,1
7014,8
7015,4
7016,6
7017,5
7018,4
7019,2
7020,4
7021,1
7022,5
7023,5
7024,3
7025,0
7026,1
7027,5
7028,6
7029,0
7030,8
7031,6
7032,9
7033,4
7034,1
7035,7
7036,0
7037,5
7038,1
7039,9
7040,6
7041,3
7042,0
7043,2
7044,9
7045,1
7046,2
7047,6
7048,7
7049,4
7050,9
7051,1
7052,8
7053,6
7054,2
7055,6
7056,4
7057,1
7058,7
7059,0
7060,9
7061,3
7062,6
7063,7
7064,5
7065,3
7066,4
7067,0
7068,2
7069,9
7070,7
7071,7
7072,6
7073,6
7074,4
7075,6
7076,7
7077,6
7078,8
7079,7
7080,4
7081,7
7082,6
7083,6
7084,1
7085,9
7086,0
7087,6
7088,3
7089,5
7090,0
7091,2
7092,2
7093,3
7094,9
7095,9
7096,0
7097,0
7098,5
7099,2
7100,3
7101,2
7102,0
7103,2
7104,8
7105,9
7106,9
7107,8
7108,0
7109,9
7110,3
7111,0
7112,0
7113,0
7114,6
7115,2
7116,3
7117,6
7118,2
7119,3
7120,9
7121,1
7122,2
7123,7
7124,6
7125,7
7126,7
7127,5
7128,0
7129,6
7130,4
7131,6
7132,1
7133,4
7134,6
7135,5
7136,1
7137,8
7138,1
7139,1
7140,1
7141,4
7142,7
7143,2
7144,2
7145,6
7146,6
7147,6
7148,9
7149,1
7150,3
7151,2
7152,1
7153,4
7154,3
7155,5
7156,9
7157,3
7158,4
7159,7
7160,2
7161,0
7162,7
7163,6
7164,8
7165,4
7166,6
7167,2
7168,0
7169,2
7170,2
7171,4
7172,0
7173,2
7174,9
7175,9
7176,5
7177,9
7178,8
7179,2
7180,2
7181,3
7182,0
7183,5
7184,2
7185,9
7186,6
7187,9
7188,4
7189,4
7190,7
7191,8
7192,5
7193,5
7194,2
7195,0
7196,9
7197,4
7198,3
7199,2
7200,6
7201,2
7202,3
7203,3
7204,5
7205,5
7206,1
7207,2
7208,7
7209,0
7210,5
7211,4
7212,3
7213,0
7214,0
7215,6
7216,6
7217,0
7218,2
7219,5
7220,7
7221,7
7222,6
7223,6
7224,8
7225,0
7226,2
7227,3
7228,2
7229,8
7230,7
7231,4
7232,2
7233,7
7234,6
7235,1
7236,8
7237,2
7238,8
7239,4
7240,0
7241,5
7242,7
7243,3
7244,9
7245,9
7246,2
7247,1
7248,5
7249,9
7250,7
7251,4
7252,0
7253,5
7254,7
7255,3
7256,4
7257,7
7258,4
7259,5
7260,3
7261,1
7262,0
7263,5
7264,7
7265,4
7266,4
7267,3
7268,8
7269,2
7270,7
7271,6
7272,8
7273,1
7274,6
7275,0
7276,1
7277,8
7278,8
7279,5
7280,2
7281,2
7282,4
7283,1
7284,4
7285,7
7286,6
7287,0
7288,1
7289,7
7290,4
7291,3
7292,8
7293,3
7294,3
7295,8
7296,5
7297,3
7298,0
7299,7
7300,9
7301,4
7302,6
7303,0
7304,0
7305,9
7306,8
7307,6
7308,0
7309,3
7310,4
7311,2
7312,5
7313,3
7314,9
7315,7
7316,8
7317,3
7318,7
7319,8
7320,1
7321,8
7322,2
7323,5
7324,7
7325,3
7326,0
7327,6
7328,0
7329,4
7330,8
7331,6
7332,2
7333,2
7334,2
7335,1
7336,5
7337,8
7338,0
7339,2
7340,8
7341,3
7342,2
7343,0
7344,6
7345,2
7346,0
7347,2
7348,4
7349,9
7350,1
7351,5
7352,2
7353,3
7354,3
7355,4
7356,3
7357,0
7358,3
7359,6
7360,6
7361,4
7362,4
7363,1
7364,6
7365,8
7366,0
7367,6
7368,8
7369,5
7370,4
7371,6
7372,2
7373,5
7374,9
7375,4
7376,6
7377,1
7378,2
7379,1
7380,0
7381,9
7382,1
7383,3
7384,6
7385,8
7386,5
7387,0
7388,3
7389,9
7390,9
7391,6
7392,4
7393,5
7394,6
7395,9
7396,9
7397,5
7398,4
7399,2
7400,2
7401,1
7402,4
7403,1
7404,6
7405,9
7406,5
7407,6
7408,4
7409,5
7410,4
7411,4
7412,5
7413,2
7414,3
7415,4
7416,3
7417,0
7418,5
7419,1
7420,0
7421,9
7422,4
7423,6
7424,9
7425,3
7426,9
7427,9
7428,2
7429,3
7430,7
7431,3
7432,6
7433,6
7434,6
7435,7
7436,7
7437,3
7438,6
7439,9
7440,4
7441,4
7442,1
7443,4
7444,7
7445,2
7446,0
7447,8
7448,0
7449,7
7450,1
7451,4
7452,7
7453,0
7454,0
7455,8
7456,5
7457,5
7458,8
7459,2
7460,1
7461,8
7462,2
7463,3
7464,4
7465,4
7466,5
7467,8
7468,9
7469,0
7470,2
7471,7
7472,2
7473,4
7474,4
7475,6
7476,5
7477,6
7478,3
7479,2
7480,5
7481,0
7482,0
7483,7
7484,1
7485,9
7486,8
7487,6
7488,1
7489,6
7490,9
7491,0
7492,8
7493,0
7494,3
7495,3
7496,7
7497,7
7498,8
7499,8
7500,0
7501,2
7502,2
7503,4
7504,8
7505,4
7506,3
7507,2
7508,3
7509,1
7510,4
7511,4
7512,5
7513,5
7514,0
7515,7
7516,6
7517,5
7518,2
7519,0
7520,6
7521,1
7522,3
7523,6
7524,2
7525,4
7526,3
7527,4
7528,9
7529,8
7530,0
7531,3
7532,0
7533,2
7534,9
7535,6
7536,7
7537,6
7538,2
7539,5
7540,6
7541,9
7542,0
7543,7
7544,3
7545,0
7546,5
7547,3
7548,8
7549,7
7550,6
7551,3
7552,3
7553,7
7554,4
7555,3
7556,3
7557,2
7558,4
7559,0
7560,9
7561,7
7562,3
7563,7
7564,9
7565,6
7566,7
7567,1
7568,9
7569,9
7570,7
7571,8
7572,7
7573,7
7574,1
7575,8
7576,1
7577,1
7578,8
7579,8
7580,3
7581,5
7582,3
7583,5
7584,1
7585,7
7586,7
7587,9
7588,3
7589,0
7590,7
7591,8
7592,8
7593,2
7594,4
7595,4
7596,3
7597,9
7598,8
7599,7
7600,1
7601,1
7602,7
7603,4
7604,3
7605,4
7606,7
7607,1
7608,2
7609,0
7610,2
7611,1
7612,6
7613,1
7614,5
7615,9
7616,3
7617,0
7618,7
7619,9
7620,9
7621,6
7622,8
7623,7
7624,4
7625,4
7626,4
7627,9
7628,9
7629,1
7630,6
7631,5
7632,2
7633,4
7634,1
7635,1
7636,2
7637,3
7638,9
7639,8
7640,9
7641,8
7642,7
7643,9
7644,0
7645,7
7646,7
7647,0
7648,8
7649,6
7650,8
7651,6
7652,4
7653,1
7654,2
7655,3
7656,6
7657,6
7658,7
7659,5
7660,1
7661,0
7662,4
7663,8
7664,3
7665,8
7666,6
7667,7
7668,0
7669,2
7670,2
7671,3
7672,8
7673,0
7674,7
7675,0
7676,9
7677,7
7678,6
7679,3
7680,1
7681,0
7682,7
7683,5
7684,7
7685,2
7686,6
7687,7
7688,8
7689,7
7690,1
7691,3
7692,6
7693,4
7694,8
7695,4
7696,8
7697,8
7698,0
7699,2
7700,2
7701,0
7702,6
7703,1
7704,6
7705,9
7706,8
7707,7
7708,5
7709,1
7710,5
7711,5
7712,6
7713,9
7714,8
7715,7
7716,9
7717,0
7718,3
7719,4
7720,5
7721,1
7722,2
7723,6
7724,3
7725,9
7726,6
7727,4
7728,2
7729,7
7730,1
7731,1
7732,5
7733,3
7734,5
7735,5
7736,1
7737,0
7738,7
7739,8
7740,5
7741,9
7742,4
7743,1
7744,7
7745,2
7746,3
7747,7
7748,4
7749,0
7750,2
7751,3
7752,9
7753,6
7754,1
7755,1
7756,1
7757,5
7758,6
7759,3
7760,0
7761,4
7762,2
7763,4
7764,1
7765,6
7766,1
7767,3
7768,0
7769,4
7770,3
7771,7
7772,7
7773,8
7774,4
7775,0
7776,4
7777,5
7778,6
7779,6
7780,3
7781,7
7782,1
7783,2
7784,7
7785,8
7786,6
7787,5
7788,4
7789,8
7790,9
7791,8
7792,1
7793,4
7794,7
7795,2
7796,7
7797,2
7798,2
7799,0
7800,0
7801,2
7802,0
7803,8
7804,5
7805,4
7806,9
7807,6
7808,5
7809,5
7810,8
7811,2
7812,9
7813,5
7814,6
7815,5
7816,8
7817,8
7818,0
7819,4
7820,3
7821,7
7822,5
7823,5
7824,5
7825,0
7826,8
7827,4
7828,1
7829,4
7830,9
7831,3
7832,9
7833,0
7834,6
7835,9
7836,3
7837,0
7838,1
7839,1
7840,8
7841,9
7842,6
7843,0
7844,8
7845,8
7846,7
7847,3
7848,2
7849,0
7850,4
7851,0
7852,1
7853,5
7854,5
7855,9
7856,0
7857,8
7858,0
7859,7
7860,2
7861,6
7862,2
7863,6
7864,2
7865,1
7866,6
7867,4
7868,4
7869,9
7870,5
7871,6
7872,8
7873,7
7874,6
7875,7
7876,6
7877,4
7878,1
7879,7
7880,1
7881,6
7882,9
7883,0
7884,3
7885,7
7886,3
7887,6
7888,3
7889,6
7890,6
7891,2
7892,6
7893,1
7894,7
7895,3
7896,2
7897,3
7898,6
7899,8
7900,4
7901,5
7902,0
7903,1
7904,0
7905,7
7906,1
7907,0
7908,0
7909,6
7910,3
7911,2
7912,4
7913,7
7914,6
7915,3
7916,3
7917,7
7918,6
7919,4
7920,2
7921,7
7922,6
7923,5
7924,6
7925,2
7926,3
7927,1
7928,4
7929,1
7930,1
7931,1
7932,0
7933,3
7934,0
7935,1
7936,0
7937,7
7938,8
7939,0
7940,4
7941,4
7942,8
7943,8
7944,8
7945,1
7946,8
7947,0
7948,4
7949,1
7950,4
7951,7
7952,3
7953,4
7954,6
7955,9
7956,1
7957,8
7958,7
7959,5
7960,4
7961,4
7962,0
7963,2
7964,7
7965,1
7966,9
7967,2
7968,4
7969,1
7970,6
7971,5
7972,4
7973,8
7974,6
7975,1
7976,6
7977,8
7978,6
7979,4
7980,6
7981,0
7982,5
7983,9
7984,5
7985,6
7986,1
7987,4
7988,0
7989,5
7990,5
7991,3
7992,4
7993,9
7994,8
7995,0
7996,4
7997,9
7998,7
7999,8
8000,6
8001,7
8002,6
8003,1
8004,7
8005,0
8006,5
8007,6
8008,8
8009,0
8010,4
8011,1
8012,7
8013,2
8014,5
8015,5
8016,0
8017,4
8018,2
8019,9
8020,6
8021,0
8022,0
8023,3
8024,1
8025,2
8026,2
8027,9
8028,2
8029,1
8030,5
8031,5
8032,7
8033,4
8034,0
8035,6
8036,3
8037,3
8038,4
8039,1
8040,6
8041,2
8042,4
8043,7
8044,3
8045,0
8046,5
8047,8
8048,0
8049,1
8050,7
8051,1
8052,3
8053,8
8054,7
8055,3
8056,3
8057,5
8058,8
8059,5
8060,7
8061,7
8062,1
8063,4
8064,5
8065,6
8066,6
8067,8
8068,5
8069,3
8070,0
8071,1
8072,5
8073,7
8074,0
8075,1
8076,6
8077,3
8078,1
8079,5
8080,3
8081,7
8082,3
8083,3
8084,4
8085,1
8086,6
8087,6
8088,9
8089,8
8090,3
8091,3
8092,5
8093,4
8094,1
8095,6
8096,5
8097,0
8098,4
8099,7
8100,1
8101,9
8102,5
8103,2
8104,9
8105,1
8106,6
8107,9
8108,9
8109,7
8110,0
8111,9
8112,9
8113,8
8114,2
8115,8
8116,5
8117,2
8118,7
8119,2
8120,5
8121,4
8122,2
8123,4
8124,4
8125,0
8126,5
8127,6
8128,4
8129,2
8130,2
8131,3
8132,0
8133,9
8134,6
8135,4
8136,9
8137,0
8138,8
8139,3
8140,3
8141,1
8142,7
8143,7
8144,2
8145,9
8146,2
8147,4
8148,1
8149,2
8150,5
8151,0
8152,9
8153,5
8154,7
8155,5
8156,1
8157,4
8158,2
8159,1
8160,5
8161,5
8162,3
8163,8
8164,9
8165,3
8166,2
8167,8
8168,1
8169,3
8170,8
8171,2
8172,9
8173,3
8174,6
8175,5
8176,8
8177,3
8178,4
8179,1
8180,6
8181,7
8182,3
8183,3
8184,8
8185,5
8186,9
8187,8
8188,5
8189,1
8190,2
8191,7
8192,1
8193,3
8194,0
8195,8
8196,1
8197,0
8198,0
8199,9
8200,8
8201,4
8202,8
8203,1
8204,7
8205,3
8206,7
8207,3
8208,3
8209,4
8210,8
8211,2
8212,7
8213,2
8214,3
8215,0
8216,6
8217,3
8218,1
8219,3
8220,5
8221,5
8222,5
8223,5
8224,4
8225,9
8226,7
8227,3
8228,9
8229,8
8230,9
8231,4
8232,4
8233,8
8234,5
8235,1
8236,6
8237,9
8238,1
8239,8
8240,0
8241,2
8242,6
8243,2
8244,2
8245,4
8246,7
8247,5
8248,5
8249,1
8250,3
8251,0
8252,0
8253,0
8254,8
8255,1
8256,7
8257,7
8258,5
8259,2
8260,7
8261,7
8262,7
8263,7
8264,0
8265,0
8266,3
8267,7
8268,6
8269,1
8270,0
8271,2
8272,8
8273,2
8274,0
8275,0
8276,6
8277,4
8278,5
8279,0
8280,2
8281,4
8282,1
8283,7
8284,2
8285,6
8286,3
8287,6
8288,9
8289,6
8290,8
8291,0
8292,2
8293,4
8294,5
8295,2
8296,6
8297,2
8298,5
8299,8
8300,6
8301,3
8302,3
8303,1
8304,6
8305,4
8306,9
8307,1
8308,5
8309,0
8310,2
8311,9
8312,7
8313,2
8314,8
8315,3
8316,9
8317,5
8318,7
8319,8
8320,9
8321,3
8322,2
8323,3
8324,1
8325,0
8326,1
8327,3
8328,9
8329,7
8330,7
8331,9
8332,3
8333,5
8334,3
8335,1
8336,1
8337,5
8338,8
8339,8
8340,8
8341,9
8342,6
8343,8
8344,6
8345,9
8346,2
8347,7
8348,5
8349,6
8350,8
8351,1
8352,1
8353,3
8354,0
8355,1
8356,4
8357,4
8358,6
8359,9
8360,3
8361,4
8362,9
8363,8
8364,1
8365,0
8366,3
8367,4
8368,1
8369,6
8370,1
8371,5
8372,2
8373,2
8374,8
8375,7
8376,0
8377,8
8378,8
8379,5
8380,2
8381,8
8382,6
8383,9
8384,3
8385,9
8386,8
8387,1
8388,7
8389,6
8390,3
8391,1
8392,6
8393,0
8394,7
8395,1
8396,0
8397,3
8398,1
8399,7
8400,7
8401,9
8402,5
8403,6
8404,7
8405,8
8406,4
8407,4
8408,6
8409,8
8410,8
8411,7
8412,7
8413,8
8414,4
8415,9
8416,6
8417,0
8418,8
8419,0
8420,8
8421,8
8422,7
8423,6
8424,0
8425,0
8426,1
8427,4
8428,2
8429,6
8430,2
8431,7
8432,6
8433,0
8434,7
8435,2
8436,2
8437,2
8438,0
8439,5
8440,1
8441,6
8442,6
8443,2
8444,3
8445,2
8446,8
8447,4
8448,4
8449,2
8450,4
8451,5
8452,2
8453,6
8454,5
8455,1
8456,6
8457,9
8458,2
8459,6
8460,8
8461,5
8462,4
8463,7
8464,0
8465,6
8466,9
8467,4
8468,4
8469,7
8470,3
8471,5
8472,0
8473,0
8474,1
8475,1
8476,8
8477,3
8478,0
8479,9
8480,8
8481,4
8482,9
8483,1
8484,8
8485,1
8486,8
8487,0
8488,6
8489,8
8490,3
8491,0
8492,4
8493,8
8494,8
8495,2
8496,5
8497,3
8498,8
8499,2
8500,0
8501,7
8502,9
8503,8
8504,8
8505,7
8506,0
8507,6
8508,1
8509,0
8510,5
8511,8
8512,0
8513,2
8514,3
8515,9
8516,7
8517,3
8518,2
8519,6
8520,7
8521,4
8522,4
8523,1
8524,8
8525,9
8526,1
8527,1
8528,7
8529,3
8530,9
8531,8
8532,7
8533,9
8534,0
8535,8
8536,2
8537,3
8538,9
8539,6
8540,4
8541,5
8542,4
8543,0
8544,9
8545,0
8546,6
8547,2
8548,3
8549,3
8550,3
8551,7
8552,2
8553,6
8554,3
8555,8
8556,6
8557,2
8558,7
8559,6
8560,9
8561,2
8562,3
8563,3
8564,8
8565,0
8566,6
8567,3
8568,1
8569,1
8570,1
8571,3
8572,2
8573,3
8574,2
8575,3
8576,0
8577,0
8578,8
8579,5
8580,5
8581,2
8582,3
8583,0
8584,4
8585,0
8586,8
8587,5
8588,1
8589,0
8590,3
8591,4
8592,9
8593,4
8594,4
8595,8
8596,7
8597,2
8598,8
8599,5
8600,3
8601,9
8602,2
8603,5
8604,5
8605,3
8606,8
8607,0
8608,1
8609,1
8610,9
8611,8
8612,6
8613,6
8614,5
8615,0
8616,2
8617,4
8618,9
8619,6
8620,7
8621,9
8622,0
8623,3
8624,1
8625,0
8626,4
8627,8
8628,2
8629,9
8630,9
8631,6
8632,1
8633,5
8634,2
8635,2
8636,4
8637,0
8638,2
8639,6
8640,4
8641,5
8642,8
8643,8
8644,9
8645,3
8646,7
8647,6
8648,8
8649,5
8650,0
8651,6
8652,9
8653,0
8654,0
8655,7
8656,3
8657,6
8658,1
8659,1
8660,8
8661,1
8662,3
8663,4
8664,2
8665,4
8666,4
8667,5
8668,8
8669,4
8670,2
8671,5
8672,4
8673,7
8674,5
8675,0
8676,8
8677,0
8678,5
8679,8
8680,8
8681,0
8682,7
8683,7
8684,6
8685,8
8686,6
8687,5
8688,6
8689,2
8690,1
8691,2
8692,4
8693,4
8694,6
8695,4
8696,7
8697,4
8698,0
8699,6
8700,3
8701,2
8702,8
8703,1
8704,8
8705,5
8706,1
8707,6
8708,3
8709,3
8710,8
8711,6
8712,3
8713,6
8714,6
8715,2
8716,6
8717,9
8718,6
8719,4
8720,8
8721,6
8722,7
8723,2
8724,3
8725,0
8726,7
8727,6
8728,1
8729,9
8730,3
8731,9
8732,5
8733,3
8734,0
8735,9
8736,3
8737,0
8738,7
8739,7
8740,0
8741,5
8742,8
8743,2
8744,2
8745,0
8746,6
8747,7
8748,8
8749,0
8750,0
8751,2
8752,5
8753,5
8754,5
8755,0
8756,4
8757,5
8758,7
8759,3
8760,0
8761,1
8762,5
8763,2
8764,6
8765,8
8766,2
8767,5
8768,6
8769,0
8770,6
8771,7
8772,9
8773,0
8774,4
8775,2
8776,5
8777,6
8778,4
8779,2
8780,1
8781,7
8782,5
8783,5
8784,8
8785,7
8786,8
8787,2
8788,6
8789,5
8790,0
8791,5
8792,2
8793,6
8794,2
8795,1
8796,2
8797,4
8798,8
8799,3
8800,6
8801,1
8802,0
8803,6
8804,0
8805,1
8806,7
8807,8
8808,4
8809,1
8810,6
8811,1
8812,9
8813,1
8814,2
8815,2
8816,2
8817,7
8818,2
8819,3
8820,2
8821,3
8822,8
8823,4
8824,9
8825,8
8826,4
8827,3
8828,0
8829,8
8830,2
8831,4
8832,1
8833,2
8834,0
8835,5
8836,1
8837,9
8838,4
8839,0
8840,7
8841,4
8842,3
8843,9
8844,2
8845,0
8846,3
8847,7
8848,8
8849,0
8850,8
8851,6
8852,9
8853,4
8854,6
8855,0
8856,3
8857,0
8858,5
8859,0
8860,2
8861,8
8862,8
8863,4
8864,6
8865,2
8866,7
8867,4
8868,9
8869,2
8870,5
8871,8
8872,9
8873,5
8874,0
8875,7
8876,7
8877,3
8878,1
8879,3
8880,2
8881,6
8882,3
8883,9
8884,9
8885,0
8886,1
8887,2
8888,3
8889,8
8890,1
8891,7
8892,2
8893,5
8894,9
8895,3
8896,0
8897,9
8898,2
8899,3
8900,4
8901,3
8902,4
8903,5
8904,5
8905,6
8906,7
8907,6
8908,3
8909,3
8910,2
8911,9
8912,7
8913,2
8914,5
8915,8
8916,8
8917,0
8918,7
8919,8
8920,4
8921,1
8922,6
8923,8
8924,2
8925,9
8926,2
8927,7
8928,8
8929,9
8930,5
8931,1
8932,8
8933,7
8934,9
8935,6
8936,4
8937,5
8938,4
8939,0
8940,1
8941,3
8942,3
8943,3
8944,0
8945,9
8946,3
8947,0
8948,9
8949,5
8950,0
8951,8
8952,9
8953,5
8954,0
8955,9
8956,9
8957,6
8958,0
8959,0
8960,6
8961,4
8962,2
8963,2
8964,0
8965,0
8966,0
8967,8
8968,4
8969,6
8970,3
8971,6
8972,5
8973,3
8974,0
8975,5
8976,4
8977,2
8978,0
8979,2
8980,4
8981,8
8982,7
8983,9
8984,4
8985,0
8986,5
8987,9
8988,6
8989,5
8990,0
8991,7
8992,8
8993,7
8994,2
8995,7
8996,2
8997,5
8998,6
8999,0
9000,5
9001,4
9002,0
9003,8
9004,1
9005,4
9006,5
9007,2
9008,4
9009,4
9010,3
9011,8
9012,2
9013,3
9014,4
9015,2
9016,8
9017,8
9018,1
9019,1
9020,3
9021,9
9022,6
9023,7
9024,6
9025,3
9026,3
9027,3
9028,1
9029,3
9030,8
9031,8
9032,9
9033,9
9034,9
9035,7
9036,0
9037,9
9038,4
9039,5
9040,5
9041,7
9042,1
9043,9
9044,4
9045,7
9046,1
9047,8
9048,2
9049,9
9050,0
9051,7
9052,0
9053,9
9054,6
9055,5
9056,0
9057,3
9058,8
9059,4
9060,6
9061,5
9062,5
9063,9
9064,8
9065,9
9066,9
9067,3
9068,3
9069,2
9070,1
9071,6
9072,7
9073,4
9074,1
9075,1
9076,4
9077,7
9078,5
9079,5
9080,7
9081,9
9082,6
9083,5
9084,7
9085,6
9086,1
9087,3
9088,8
9089,4
9090,3
9091,3
9092,9
9093,6
9094,4
9095,7
9096,0
9097,9
9098,6
9099,5
9100,7
9101,1
9102,8
9103,5
9104,2
9105,8
9106,8
9107,6
9108,3
9109,3
9110,6
9111,8
9112,7
9113,6
9114,3
9115,6
9116,9
9117,6
9118,2
9119,3
9120,0
9121,2
9122,8
9123,5
9124,9
9125,1
9126,7
9127,5
9128,8
9129,6
9130,7
9131,9
9132,1
9133,6
9134,6
9135,5
9136,7
9137,6
9138,9
9139,3
9140,8
9141,1
9142,7
9143,1
9144,9
9145,7
9146,1
9147,0
9148,2
9149,7
9150,5
9151,2
9152,0
9153,4
9154,3
9155,5
9156,3
9157,3
9158,8
9159,1
9160,8
9161,1
9162,8
9163,8
9164,9
9165,3
9166,1
9167,9
9168,0
9169,9
9170,2
9171,5
9172,6
9173,0
9174,5
9175,3
9176,3
9177,9
9178,8
9179,0
9180,1
9181,8
9182,0
9183,0
9184,0
9185,4
9186,1
9187,8
9188,4
9189,2
9190,8
9191,5
9192,0
9193,8
9194,0
9195,9
9196,5
9197,9
9198,5
9199,9
9200,4
9201,4
9202,3
9203,9
9204,5
9205,9
9206,8
9207,1
9208,0
9209,7
9210,5
9211,4
9212,5
9213,0
9214,1
9215,1
9216,8
9217,3
9218,4
9219,6
9220,3
9221,5
9222,9
9223,6
9224,2
9225,0
9226,6
9227,3
9228,8
9229,1
9230,4
9231,6
9232,3
9233,7
9234,5
9235,7
9236,2
9237,5
9238,9
9239,9
9240,3
9241,8
9242,4
9243,1
9244,7
9245,3
9246,8
9247,2
9248,2
9249,7
9250,9
9251,3
9252,4
9253,0
9254,2
9255,0
9256,7
9257,6
9258,4
9259,5
9260,3
9261,7
9262,2
9263,8
9264,1
9265,5
9266,4
9267,3
9268,3
9269,5
9270,8
9271,6
9272,5
9273,5
9274,4
9275,5
9276,3
9277,8
9278,8
9279,8
9280,9
9281,0
9282,6
9283,4
9284,6
9285,0
9286,2
9287,6
9288,1
9289,2
9290,2
9291,2
9292,6
9293,6
9294,3
9295,0
9296,9
9297,8
9298,5
9299,6
9300,9
9301,0
9302,1
9303,1
9304,4
9305,6
9306,3
9307,3
9308,7
9309,2
9310,2
9311,3
9312,1
9313,9
9314,2
9315,4
9316,4
9317,3
9318,9
9319,8
9320,3
9321,0
9322,0
9323,7
9324,3
9325,7
9326,2
9327,7
9328,2
9329,9
9330,4
9331,9
9332,9
9333,8
9334,7
9335,3
9336,9
9337,3
9338,8
9339,0
9340,7
9341,2
9342,1
9343,1
9344,1
9345,8
9346,4
9347,9
9348,1
9349,8
9350,2
9351,9
9352,0
9353,8
9354,2
9355,3
9356,5
9357,4
9358,8
9359,2
9360,6
9361,5
9362,9
9363,6
9364,0
9365,6
9366,2
9367,8
9368,2
9369,2
9370,6
9371,5
9372,2
9373,0
9374,1
9375,7
9376,9
9377,6
9378,8
9379,8
9380,7
9381,4
9382,0
9383,2
9384,4
9385,9
9386,4
9387,6
9388,3
9389,9
9390,3
9391,7
9392,9
9393,4
9394,7
9395,2
9396,3
9397,4
9398,2
9399,0
9400,7
9401,8
9402,9
9403,3
9404,9
9405,2
9406,4
9407,1
9408,2
9409,4
9410,5
9411,6
9412,1
9413,4
9414,9
9415,9
9416,0
9417,2
9418,2
9419,5
9420,8
9421,6
9422,7
9423,4
9424,6
9425,8
9426,1
9427,3
9428,9
9429,7
9430,2
9431,5
9432,2
9433,0
9434,6
9435,8
9436,7
9437,5
9438,1
9439,6
9440,5
9441,3
9442,7
9443,8
9444,2
9445,2
9446,8
9447,0
9448,7
9449,5
9450,4
9451,4
9452,9
9453,3
9454,3
9455,0
9456,2
9457,0
9458,4
9459,2
9460,6
9461,7
9462,1
9463,4
9464,4
9465,7
9466,4
9467,3
9468,2
9469,2
9470,8
9471,4
9472,9
9473,8
9474,5
9475,5
9476,0
9477,5
9478,3
9479,3
9480,5
9481,5
9482,3
9483,0
9484,1
9485,7
9486,7
9487,4
9488,9
9489,4
9490,0
9491,7
9492,1
9493,1
9494,7
9495,9
9496,7
9497,8
9498,3
9499,1
9500,4
9501,9
9502,7
9503,0
9504,7
9505,7
9506,2
9507,8
9508,2
9509,4
9510,9
9511,1
9512,2
9513,0
9514,9
9515,4
9516,9
9517,9
9518,0
9519,9
9520,3
9521,0
9522,2
9523,2
9524,0
9525,3
9526,3
9527,7
9528,3
9529,4
9530,1
9531,6
9532,2
9533,0
9534,5
9535,1
9536,7
9537,5
9538,0
9539,2
9540,1
9541,4
9542,3
9543,8
9544,3
9545,5
9546,3
9547,7
9548,7
9549,3
9550,8
9551,8
9552,3
9553,7
9554,1
9555,2
9556,3
9557,0
9558,7
9559,2
9560,8
9561,8
9562,6
9563,0
9564,5
9565,6
9566,7
9567,3
9568,4
9569,7
9570,3
9571,6
9572,3
9573,3
9574,5
9575,5
9576,6
9577,7
9578,5
9579,2
9580,9
9581,9
9582,9
9583,8
9584,3
9585,9
9586,7
9587,0
9588,9
9589,2
9590,4
9591,4
9592,5
9593,5
9594,1
9595,1
9596,2
9597,8
9598,9
9599,4
9600,4
9601,3
9602,3
9603,6
9604,4
9605,5
9606,7
9607,0
9608,6
9609,3
9610,0
9611,8
9612,9
9613,6
9614,7
9615,9
9616,1
9617,7
9618,0
9619,6
9620,8
9621,3
9622,0
9623,8
9624,4
9625,1
9626,8
9627,3
9628,0
9629,1
9630,8
9631,4
9632,5
9633,2
9634,1
9635,5
9636,6
9637,5
9638,4
9639,5
9640,1
9641,8
9642,2
9643,2
9644,8
9645,9
9646,9
9647,3
9648,3
9649,1
9650,4
9651,7
9652,1
9653,7
9654,4
9655,8
9656,0
9657,2
9658,7
9659,7
9660,5
9661,3
9662,2
9663,6
9664,3
9665,7
9666,3
9667,2
9668,6
9669,2
9670,8
9671,3
9672,2
9673,7
9674,8
9675,6
9676,3
9677,4
9678,0
9679,6
9680,2
9681,1
9682,1
9683,0
9684,0
9685,7
9686,3
9687,7
9688,1
9689,4
9690,5
9691,0
9692,2
9693,1
9694,3
9695,2
9696,7
9697,6
9698,3
9699,9
9700,1
9701,4
9702,6
9703,4
9704,5
9705,3
9706,6
9707,2
9708,9
9709,3
9710,6
9711,2
9712,6
9713,0
9714,8
9715,1
9716,9
9717,4
9718,6
9719,9
9720,2
9721,9
9722,3
9723,5
9724,9
9725,0
9726,0
9727,3
9728,3
9729,0
9730,8
9731,5
9732,9
9733,7
9734,8
9735,2
9736,8
9737,5
9738,3
9739,9
9740,0
9741,9
9742,1
9743,6
9744,8
9745,9
9746,4
9747,8
9748,2
9749,2
9750,0
9751,7
9752,3
9753,2
9754,9
9755,1
9756,8
9757,2
9758,8
9759,8
9760,4
9761,8
9762,8
9763,3
9764,4
9765,0
9766,0
9767,7
9768,2
9769,8
9770,6
9771,2
9772,6
9773,1
9774,6
9775,9
9776,1
9777,0
9778,2
9779,5
9780,4
9781,0
9782,1
9783,6
9784,7
9785,4
9786,2
9787,0
9788,2
9789,2
9790,8
9791,7
9792,3
9793,2
9794,7
9795,5
9796,1
9797,6
9798,4
9799,4
9800,8
9801,6
9802,4
9803,5
9804,6
9805,4
9806,5
9807,6
9808,7
9809,8
9810,0
9811,5
9812,1
9813,5
9814,8
9815,5
9816,9
9817,4
9818,3
9819,8
9820,3
9821,4
9822,8
9823,3
9824,5
9825,7
9826,8
9827,4
9828,6
9829,3
9830,0
9831,6
9832,6
9833,5
9834,1
9835,4
9836,6
9837,2
9838,3
9839,5
9840,6
9841,9
9842,2
9843,9
9844,8
9845,4
9846,9
9847,7
9848,6
9849,6
9850,6
9851,4
9852,0
9853,4
9854,3
9855,1
9856,1
9857,4
9858,1
9859,8
9860,0
9861,3
9862,7
9863,3
9864,0
9865,7
9866,6
9867,5
9868,5
9869,9
9870,4
9871,2
9872,7
9873,4
9874,2
9875,9
9876,8
9877,1
9878,9
9879,6
9880,5
9881,8
9882,2
9883,5
9884,9
9885,0
9886,1
9887,7
9888,4
9889,4
9890,9
9891,0
9892,2
9893,8
9894,1
9895,9
9896,7
9897,6
9898,7
9899,1
9900,5
9901,0
9902,1
9903,1
9904,5
9905,0
9906,8
9907,4
9908,4
9909,9
9910,4
9911,9
9912,1
9913,4
9914,0
9915,9
9916,0
9917,8
9918,0
9919,6
9920,4
9921,9
9922,3
9923,9
9924,8
9925,8
9926,6
9927,8
9928,7
9929,7
9930,9
9931,4
9932,1
9933,4
9934,7
9935,1
9936,2
9937,8
9938,4
9939,7
9940,0
9941,6
9942,6
9943,0
9944,7
9945,3
9946,5
9947,0
9948,3
9949,0
9950,7
9951,0
9952,3
9953,5
9954,2
9955,0
9956,4
9957,5
9958,8
9959,1
9960,7
9961,1
9962,5
9963,4
9964,8
9965,1
9966,5
9967,9
9968,9
9969,2
9970,3
9971,6
9972,8
9973,9
9974,4
9975,2
9976,3
9977,2
9978,1
9979,3
9980,8
9981,9
9982,1
9983,9
9984,3
9985,8
9986,1
9987,2
9988,5
9989,2
9990,5
9991,8
9992,7
9993,9
9994,9
9995,4
9996,8
9997,0
9998,5
9999,3
10000,7
10001,9
10002,8
10003,2
10004,3
10005,7
10006,8
10007,3
10008,8
10009,3
10010,1
10011,6
10012,5
10013,5
10014,3
10015,5
10016,7
10017,5
10018,9
10019,2
10020,7
10021,8
10022,8
10023,5
10024,3
10025,5
10026,3
10027,0
10028,7
10029,5
10030,6
10031,5
10032,3
10033,5
10034,6
10035,5
10036,0
10037,0
10038,4
10039,6
10040,8
10041,2
10042,8
10043,8
10044,3
10045,9
10046,4
10047,9
10048,2
10049,4
10050,6
10051,0
10052,0
10053,6
10054,9
10055,4
10056,7
10057,9
10058,5
10059,4
10060,8
10061,6
10062,0
10063,8
10064,9
10065,9
10066,7
10067,6
10068,3
10069,4
10070,4
10071,9
10072,2
10073,6
10074,0
10075,1
10076,3
10077,9
10078,7
10079,5
10080,2
10081,4
10082,5
10083,6
10084,4
10085,8
10086,6
10087,1
10088,8
10089,4
10090,2
10091,5
10092,2
10093,5
10094,3
10095,3
10096,0
10097,2
10098,7
10099,2
10100,9
10101,7
10102,0
10103,6
10104,9
10105,1
10106,8
10107,1
10108,0
10109,4
10110,2
10111,3
10112,7
10113,8
10114,9
10115,0
10116,2
10117,6
10118,3
10119,2
10120,7
10121,5
10122,8
10123,9
10124,0
10125,0
10126,6
10127,2
10128,4
10129,0
10130,1
10131,3
10132,9
10133,5
10134,7
10135,1
10136,5
10137,2
10138,4
10139,1
10140,3
10141,4
10142,2
10143,1
10144,2
10145,1
10146,8
10147,4
10148,9
10149,5
10150,3
10151,0
10152,3
10153,6
10154,4
10155,3
10156,0
10157,3
10158,0
10159,3
10160,5
10161,5
10162,1
10163,1
10164,9
10165,3
10166,4
10167,2
10168,9
10169,5
10170,4
10171,2
10172,7
10173,7
10174,9
10175,1
10176,4
10177,8
10178,0
10179,6
10180,9
10181,2
10182,9
10183,4
10184,7
10185,0
10186,2
10187,0
10188,0
10189,8
10190,5
10191,1
10192,5
10193,2
10194,4
10195,8
10196,4
10197,4
10198,8
10199,4
10200,2
10201,9
10202,7
10203,2
10204,9
10205,5
10206,2
10207,3
10208,1
10209,4
10210,7
10211,3
10212,4
10213,4
10214,9
10215,8
10216,7
10217,3
10218,9
10219,2
10220,3
10221,2
10222,3
10223,6
10224,8
10225,8
10226,4
10227,3
10228,2
10229,7
10230,8
10231,6
10232,9
10233,9
10234,6
10235,2
10236,6
10237,7
10238,4
10239,3
10240,6
10241,4
10242,8
10243,0
10244,6
10245,0
10246,8
10247,2
10248,8
10249,3
10250,6
10251,7
10252,8
10253,0
10254,9
10255,4
10256,9
10257,9
10258,0
10259,4
10260,3
10261,2
10262,8
10263,7
10264,4
10265,1
10266,3
10267,9
10268,4
10269,4
10270,2
10271,1
10272,3
10273,7
10274,7
10275,6
10276,4
10277,5
10278,7
10279,9
10280,3
10281,3
10282,6
10283,7
10284,7
10285,1
10286,7
10287,4
10288,9
10289,2
10290,3
10291,1
10292,6
10293,0
10294,6
10295,1
10296,2
10297,5
10298,0
10299,8
10300,5
10301,5
10302,8
10303,6
10304,3
10305,8
10306,4
10307,3
10308,8
10309,3
10310,4
10311,0
10312,0
10313,4
10314,8
10315,1
10316,0
10317,2
10318,3
10319,1
10320,7
10321,8
10322,4
10323,9
10324,1
10325,2
10326,5
10327,1
10328,8
10329,5
10330,3
10331,5
10332,9
10333,2
10334,1
10335,5
10336,3
10337,1
10338,0
10339,0
10340,6
10341,2
10342,8
10343,9
10344,3
10345,0
10346,2
10347,8
10348,5
10349,3
10350,9
10351,0
10352,3
10353,1
10354,3
10355,3
10356,2
10357,7
10358,9
10359,9
10360,2
10361,2
10362,7
10363,5
10364,6
10365,5
10366,2
10367,4
10368,6
10369,5
10370,0
10371,7
10372,3
10373,1
10374,1
10375,2
10376,1
10377,2
10378,7
10379,9
10380,5
10381,3
10382,3
10383,8
10384,3
10385,0
10386,0
10387,1
10388,5
10389,7
10390,8
10391,6
10392,5
10393,8
10394,8
10395,9
10396,3
10397,3
10398,5
10399,8
10400,9
10401,9
10402,0
10403,7
10404,3
10405,2
10406,0
10407,1
10408,0
10409,3
10410,5
10411,6
10412,5
10413,2
10414,7
10415,4
10416,5
10417,7
10418,0
10419,2
10420,4
10421,5
10422,6
10423,5
10424,0
10425,1
10426,7
10427,7
10428,9
10429,3
10430,9
10431,4
10432,0
10433,4
10434,1
10435,9
10436,1
10437,9
10438,1
10439,1
10440,1
10441,6
10442,3
10443,2
10444,8
10445,7
10446,3
10447,9
10448,9
10449,3
10450,7
10451,9
10452,2
10453,8
10454,7
10455,4
10456,1
10457,6
10458,8
10459,4
10460,4
10461,6
10462,5
10463,3
10464,1
10465,4
10466,6
10467,0
10468,4
10469,1
10470,1
10471,2
10472,8
10473,2
10474,9
10475,2
10476,1
10477,7
10478,7
10479,5
10480,0
10481,5
10482,3
10483,2
10484,0
10485,1
10486,8
10487,9
10488,8
10489,7
10490,9
10491,1
10492,2
10493,5
10494,8
10495,7
10496,2
10497,9
10498,7
10499,2
10500,5
10501,9
10502,4
10503,9
10504,7
10505,0
10506,5
10507,7
10508,0
10509,7
10510,3
10511,4
10512,2
10513,8
10514,3
10515,3
10516,3
10517,7
10518,2
10519,4
10520,2
10521,9
10522,3
10523,0
10524,5
10525,5
10526,6
10527,1
10528,7
10529,2
10530,9
10531,4
10532,6
10533,6
10534,9
10535,1
10536,6
10537,6
10538,9
10539,3
10540,8
10541,0
10542,4
10543,5
10544,6
10545,8
10546,1
10547,3
10548,2
10549,0
10550,7
10551,0
10552,7
10553,6
10554,0
10555,5
10556,6
10557,3
10558,5
10559,2
10560,3
10561,6
10562,6
10563,8
10564,2
10565,4
10566,1
10567,2
10568,0
10569,8
10570,1
10571,7
10572,6
10573,5
10574,0
10575,0
10576,0
10577,5
10578,7
10579,8
10580,5
10581,4
10582,8
10583,7
10584,9
10585,8
10586,9
10587,1
10588,9
10589,7
10590,0
10591,7
10592,1
10593,5
10594,4
10595,1
10596,9
10597,4
10598,5
10599,2
10600,4
10601,7
10602,3
10603,1
10604,5
10605,5
10606,6
10607,0
10608,7
10609,5
10610,5
10611,0
10612,3
10613,2
10614,2
10615,9
10616,5
10617,2
10618,6
10619,3
10620,5
10621,3
10622,6
10623,6
10624,7
10625,6
10626,0
10627,2
10628,5
10629,7
10630,6
10631,5
10632,3
10633,7
10634,8
10635,5
10636,7
10637,2
10638,9
10639,2
10640,9
10641,6
10642,2
10643,8
10644,6
10645,4
10646,3
10647,5
10648,7
10649,6
10650,3
10651,2
10652,4
10653,4
10654,6
10655,4
10656,4
10657,3
10658,8
10659,2
10660,7
10661,6
10662,4
10663,7
10664,9
10665,0
10666,5
10667,2
10668,0
10669,6
10670,9
10671,3
10672,7
10673,3
10674,9
10675,6
10676,4
10677,4
10678,7
10679,7
10680,0
10681,4
10682,5
10683,6
10684,0
10685,7
10686,1
10687,7
10688,0
10689,0
10690,7
10691,9
10692,4
10693,2
10694,1
10695,3
10696,9
10697,9
10698,4
10699,0
10700,4
10701,5
10702,9
10703,5
10704,7
10705,2
10706,5
10707,8
10708,1
10709,4
10710,6
10711,0
10712,4
10713,8
10714,0
10715,0
10716,5
10717,7
10718,7
10719,0
10720,5
10721,3
10722,6
10723,8
10724,9
10725,9
10726,5
10727,9
10728,5
10729,1
10730,6
10731,1
10732,3
10733,0
10734,0
10735,2
10736,4
10737,1
10738,4
10739,7
10740,5
10741,1
10742,5
10743,2
10744,8
10745,2
10746,5
10747,7
10748,8
10749,7
10750,7
10751,7
10752,5
10753,3
10754,6
10755,6
10756,0
10757,9
10758,0
10759,3
10760,0
10761,7
10762,7
10763,4
10764,6
10765,3
10766,5
10767,4
10768,8
10769,1
10770,3
10771,1
10772,8
10773,5
10774,3
10775,3
10776,6
10777,3
10778,9
10779,7
10780,2
10781,6
10782,3
10783,6
10784,2
10785,1
10786,0
10787,1
10788,1
10789,7
10790,4
10791,1
10792,0
10793,0
10794,1
10795,0
10796,5
10797,4
10798,0
10799,2
10800,3
10801,3
10802,8
10803,8
10804,5
10805,8
10806,2
10807,4
10808,0
10809,0
10810,1
10811,8
10812,9
10813,5
10814,8
10815,0
10816,6
10817,4
10818,8
10819,0
10820,1
10821,0
10822,2
10823,2
10824,5
10825,2
10826,5
10827,9
10828,0
10829,3
10830,5
10831,7
10832,0
10833,1
10834,3
10835,4
10836,8
10837,5
10838,8
10839,7
10840,1
10841,6
10842,7
10843,0
10844,3
10845,3
10846,6
10847,5
10848,0
10849,4
10850,4
10851,4
10852,8
10853,6
10854,0
10855,0
10856,9
10857,8
10858,6
10859,1
10860,5
10861,4
10862,3
10863,1
10864,0
10865,7
10866,6
10867,9
10868,2
10869,7
10870,6
10871,7
10872,7
10873,0
10874,8
10875,3
10876,7
10877,3
10878,9
10879,5
10880,4
10881,3
10882,3
10883,2
10884,9
10885,0
10886,9
10887,0
10888,4
10889,5
10890,0
10891,5
10892,4
10893,7
10894,2
10895,4
10896,9
10897,1
10898,3
10899,2
10900,1
10901,5
10902,1
10903,9
10904,4
10905,7
10906,2
10907,5
10908,6
10909,0
10910,2
10911,5
10912,2
10913,0
10914,9
10915,3
10916,6
10917,2
10918,0
10919,8
10920,0
10921,0
10922,2
10923,5
10924,5
10925,9
10926,1
10927,3
10928,8
10929,9
10930,4
10931,3
10932,4
10933,1
10934,8
10935,6
10936,3
10937,0
10938,3
10939,3
10940,6
10941,3
10942,5
10943,7
10944,6
10945,1
10946,7
10947,8
10948,0
10949,5
10950,4
10951,3
10952,2
10953,0
10954,5
10955,8
10956,1
10957,8
10958,5
10959,7
10960,1
10961,2
10962,3
10963,8
10964,9
10965,3
10966,3
10967,4
10968,2
10969,4
10970,6
10971,8
10972,3
10973,1
10974,9
10975,3
10976,4
10977,0
10978,8
10979,1
10980,0
10981,6
10982,4
10983,1
10984,1
10985,9
10986,6
10987,6
10988,2
10989,7
10990,1
10991,7
10992,2
10993,1
10994,7
10995,4
10996,6
10997,9
10998,7
10999,4
11000,0
11001,5
11002,0
11003,9
11004,0
11005,7
11006,1
11007,8
11008,2
11009,7
11010,3
11011,5
11012,6
11013,0
11014,6
11015,7
11016,6
11017,3
11018,7
11019,2
11020,5
11021,6
11022,3
11023,6
11024,9
11025,6
11026,0
11027,0
11028,2
11029,8
11030,7
11031,6
11032,9
11033,0
11034,6
11035,0
11036,9
11037,9
11038,8
11039,9
11040,1
11041,4
11042,1
11043,7
11044,4
11045,8
11046,7
11047,5
11048,7
11049,4
11050,3
11051,2
11052,1
11053,9
11054,1
11055,0
11056,4
11057,4
11058,6
11059,9
11060,2
11061,3
11062,6
11063,2
11064,9
11065,3
11066,3
11067,0
11068,8
11069,3
11070,0
11071,9
11072,2
11073,1
11074,4
11075,5
11076,5
11077,6
11078,4
11079,2
11080,7
11081,6
11082,7
11083,4
11084,3
11085,9
11086,6
11087,3
11088,9
11089,9
11090,4
11091,6
11092,0
11093,1
11094,6
11095,0
11096,2
11097,5
11098,5
11099,4
11100,0
11101,0
11102,2
11103,2
11104,5
11105,3
11106,2
11107,5
11108,3
11109,4
11110,8
11111,4
11112,2
11113,0
11114,0
11115,9
11116,8
11117,8
11118,1
11119,9
11120,6
11121,9
11122,8
11123,4
11124,8
11125,0
11126,0
11127,6
11128,3
11129,3
11130,0
11131,0
11132,9
11133,6
11134,3
11135,3
11136,3
11137,3
11138,0
11139,5
11140,3
11141,1
11142,0
11143,5
11144,3
11145,3
11146,8
11147,4
11148,3
11149,0
11150,0
11151,7
11152,0
11153,0
11154,0
11155,5
11156,8
11157,4
11158,9
11159,8
11160,5
11161,1
11162,8
11163,5
11164,8
11165,7
11166,4
11167,8
11168,3
11169,2
11170,3
11171,7
11172,2
11173,2
11174,9
11175,5
11176,0
11177,5
11178,3
11179,7
11180,5
11181,4
11182,3
11183,5
11184,9
11185,1
11186,6
11187,3
11188,2
11189,4
11190,3
11191,8
11192,1
11193,9
11194,3
11195,2
11196,7
11197,5
11198,3
11199,8
11200,7
11201,0
11202,3
11203,6
11204,6
11205,1
11206,5
11207,1
11208,9
11209,8
11210,5
11211,7
11212,6
11213,0
11214,2
11215,0
11216,0
11217,6
11218,4
11219,8
11220,7
11221,0
11222,1
11223,2
11224,3
11225,2
11226,0
11227,4
11228,7
11229,3
11230,2
11231,4
11232,7
11233,5
11234,6
11235,8
11236,8
11237,9
11238,3
11239,4
11240,9
11241,2
11242,5
11243,8
11244,0
11245,5
11246,8
11247,3
11248,7
11249,2
11250,0
11251,5
11252,2
11253,5
11254,5
11255,3
11256,6
11257,3
11258,4
11259,8
11260,9
11261,2
11262,2
11263,3
11264,1
11265,1
11266,6
11267,2
11268,4
11269,8
11270,0
11271,9
11272,4
11273,1
11274,0
11275,7
11276,1
11277,0
11278,3
11279,3
11280,6
11281,7
11282,7
11283,8
11284,5
11285,4
11286,9
11287,7
11288,4
11289,5
11290,7
11291,3
11292,0
11293,8
11294,0
11295,2
11296,8
11297,8
11298,1
11299,1
11300,4
11301,0
11302,8
11303,1
11304,4
11305,3
11306,6
11307,3
11308,9
11309,7
11310,7
11311,0
11312,3
11313,2
11314,6
11315,9
11316,9
11317,5
11318,7
11319,4
11320,6
11321,3
11322,5
11323,1
11324,9
11325,0
11326,6
11327,2
11328,8
11329,3
11330,6
11331,9
11332,0
11333,4
11334,7
11335,8
11336,4
11337,4
11338,8
11339,7
11340,8
11341,4
11342,7
11343,7
11344,2
11345,2
11346,4
11347,7
11348,8
11349,5
11350,2
11351,6
11352,8
11353,1
11354,2
11355,2
11356,5
11357,0
11358,6
11359,2
11360,5
11361,9
11362,3
11363,0
11364,2
11365,3
11366,9
11367,5
11368,5
11369,5
11370,6
11371,4
11372,1
11373,8
11374,7
11375,4
11376,6
11377,8
11378,0
11379,0
11380,2
11381,2
11382,3
11383,6
11384,8
11385,4
11386,8
11387,6
11388,1
11389,1
11390,3
11391,9
11392,9
11393,5
11394,1
11395,2
11396,9
11397,5
11398,1
11399,4
11400,6
11401,0
11402,2
11403,6
11404,9
11405,0
11406,8
11407,1
11408,2
11409,5
11410,3
11411,9
11412,2
11413,8
11414,4
11415,1
11416,3
11417,7
11418,9
11419,6
11420,7
11421,3
11422,0
11423,9
11424,3
11425,0
11426,9
11427,2
11428,3
11429,2
11430,0
11431,8
11432,8
11433,1
11434,8
11435,6
11436,7
11437,0
11438,1
11439,6
11440,5
11441,3
11442,6
11443,8
11444,3
11445,3
11446,9
11447,9
11448,3
11449,4
11450,6
11451,2
11452,6
11453,0
11454,6
11455,0
11456,0
11457,4
11458,6
11459,7
11460,0
11461,5
11462,8
11463,4
11464,2
11465,2
11466,8
11467,2
11468,3
11469,2
11470,9
11471,5
11472,2
11473,6
11474,1
11475,9
11476,5
11477,9
11478,2
11479,2
11480,2
11481,9
11482,2
11483,3
11484,6
11485,3
11486,1
11487,3
11488,8
11489,9
11490,4
11491,9
11492,4
11493,4
11494,6
11495,5
11496,1
11497,9
11498,8
11499,4
11500,5
11501,9
11502,5
11503,8
11504,6
11505,6
11506,1
11507,8
11508,5
11509,1
11510,8
11511,9
11512,0
11513,5
11514,9
11515,9
11516,1
11517,2
11518,7
11519,8
11520,4
11521,6
11522,7
11523,6
11524,7
11525,1
11526,6
11527,5
11528,9
11529,2
11530,8
11531,2
11532,0
11533,0
11534,1
11535,4
11536,1
11537,4
11538,5
11539,7
11540,4
11541,2
11542,9
11543,2
11544,3
11545,0
11546,9
11547,4
11548,8
11549,6
11550,0
11551,1
11552,8
11553,6
11554,7
11555,1
11556,4
11557,6
11558,6
11559,5
11560,1
11561,7
11562,2
11563,1
11564,8
11565,8
11566,3
11567,0
11568,7
11569,3
11570,8
11571,2
11572,3
11573,9
11574,6
11575,8
11576,0
11577,8
11578,7
11579,7
11580,1
11581,7
11582,9
11583,7
11584,4
11585,8
11586,0
11587,8
11588,5
11589,9
11590,9
11591,7
11592,6
11593,1
11594,9
11595,9
11596,8
11597,8
11598,5
11599,6
11600,1
11601,4
11602,0
11603,9
11604,7
11605,2
11606,4
11607,7
11608,5
11609,1
11610,3
11611,4
11612,1
11613,9
11614,5
11615,1
11616,5
11617,8
11618,5
11619,9
11620,4
11621,0
11622,6
11623,2
11624,6
11625,4
11626,2
11627,7
11628,9
11629,5
11630,7
11631,3
11632,7
11633,6
11634,6
11635,5
11636,8
11637,8
11638,5
11639,9
11640,7
11641,2
11642,0
11643,7
11644,2
11645,2
11646,5
11647,0
11648,7
11649,6
11650,1
11651,4
11652,0
11653,7
11654,2
11655,0
11656,3
11657,8
11658,0
11659,9
11660,5
11661,5
11662,2
11663,9
11664,9
11665,8
11666,3
11667,6
11668,3
11669,1
11670,7
11671,0
11672,7
11673,8
11674,5
11675,2
11676,2
11677,8
11678,4
11679,9
11680,7
11681,5
11682,3
11683,6
11684,0
11685,4
11686,0
11687,6
11688,9
11689,2
11690,3
11691,0
11692,5
11693,6
11694,2
11695,1
11696,0
11697,1
11698,6
11699,8
11700,5
11701,2
11702,3
11703,4
11704,5
11705,6
11706,3
11707,0
11708,6
11709,8
11710,6
11711,1
11712,6
11713,5
11714,3
11715,4
11716,2
11717,4
11718,8
11719,6
11720,8
11721,8
11722,1
11723,1
11724,6
11725,8
11726,5
11727,6
11728,2
11729,5
11730,6
11731,0
11732,8
11733,4
11734,4
11735,0
11736,3
11737,2
11738,3
11739,7
11740,4
11741,2
11742,6
11743,1
11744,7
11745,0
11746,9
11747,8
11748,3
11749,6
11750,8
11751,8
11752,0
11753,8
11754,1
11755,8
11756,6
11757,2
11758,3
11759,5
11760,5
11761,1
11762,0
11763,9
11764,7
11765,3
11766,8
11767,9
11768,1
11769,6
11770,0
11771,7
11772,4
11773,9
11774,6
11775,0
11776,5
11777,1
11778,5
11779,1
11780,4
11781,8
11782,0
11783,7
11784,9
11785,8
11786,3
11787,5
11788,9
11789,6
11790,3
11791,9
11792,3
11793,5
11794,7
11795,8
11796,5
11797,4
11798,4
11799,3
11800,3
11801,1
11802,3
11803,1
11804,1
11805,6
11806,2
11807,7
11808,4
11809,4
11810,6
11811,2
11812,1
11813,5
11814,8
11815,6
11816,9
11817,8
11818,2
11819,1
11820,8
11821,9
11822,2
11823,0
11824,8
11825,1
11826,2
11827,0
11828,0
11829,4
11830,2
11831,7
11832,2
11833,0
11834,3
11835,5
11836,4
11837,2
11838,6
11839,6
11840,7
11841,9
11842,0
11843,0
11844,4
11845,5
11846,3
11847,8
11848,2
11849,0
11850,2
11851,1
11852,4
11853,3
11854,3
11855,3
11856,3
11857,0
11858,9
11859,7
11860,3
11861,9
11862,1
11863,7
11864,6
11865,5
11866,7
11867,4
11868,7
11869,8
11870,6
11871,3
11872,6
11873,0
11874,4
11875,9
11876,9
11877,2
11878,5
11879,2
11880,1
11881,6
11882,9
11883,2
11884,4
11885,6
11886,8
11887,9
11888,0
11889,0
11890,1
11891,1
11892,7
11893,9
11894,4
11895,7
11896,2
11897,2
11898,6
11899,3
11900,2
11901,4
11902,5
11903,9
11904,6
11905,5
11906,5
11907,2
11908,0
11909,2
11910,5
11911,1
11912,0
11913,1
11914,8
11915,0
11916,6
11917,3
11918,2
11919,9
11920,3
11921,8
11922,4
11923,8
11924,3
11925,7
11926,2
11927,4
11928,5
11929,7
11930,7
11931,5
11932,3
11933,1
11934,7
11935,8
11936,0
11937,6
11938,3
11939,3
11940,7
11941,9
11942,2
11943,4
11944,7
11945,5
11946,9
11947,7
11948,2
11949,3
11950,5
11951,0
11952,5
11953,6
11954,0
11955,4
11956,5
11957,5
11958,6
11959,7
11960,7
11961,9
11962,2
11963,1
11964,5
11965,9
11966,5
11967,9
11968,4
11969,6
11970,4
11971,1
11972,3
11973,5
11974,1
11975,1
11976,8
11977,2
11978,6
11979,0
11980,8
11981,7
11982,6
11983,6
11984,7
11985,8
11986,6
11987,3
11988,2
11989,6
11990,3
11991,2
11992,2
11993,9
11994,4
11995,1
11996,8
11997,3
11998,7
11999,0
12000,1
12001,9
12002,6
12003,5
12004,3
12005,7
12006,4
12007,3
12008,1
12009,8
12010,7
12011,5
12012,8
12013,8
12014,4
12015,1
12016,1
12017,3
12018,1
12019,9
12020,7
12021,3
12022,4
12023,2
12024,9
12025,2
12026,8
12027,5
12028,2
12029,2
12030,1
12031,0
12032,4
12033,5
12034,5
12035,2
12036,4
12037,6
12038,1
12039,1
12040,4
12041,5
12042,2
12043,5
12044,4
12045,1
12046,8
12047,0
12048,4
12049,9
12050,3
12051,4
12052,4
12053,4
12054,0
12055,6
12056,5
12057,5
12058,2
12059,1
12060,9
12061,4
12062,9
12063,6
12064,4
12065,5
12066,4
12067,9
12068,2
12069,5
12070,3
12071,0
12072,7
12073,4
12074,0
12075,4
12076,1
12077,9
12078,4
12079,2
12080,6
12081,7
12082,7
12083,8
12084,7
12085,3
12086,3
12087,6
12088,0
12089,3
12090,7
12091,6
12092,7
12093,9
12094,1
12095,8
12096,0
12097,0
12098,2
12099,0
12100,5
12101,3
12102,3
12103,3
12104,1
12105,7
12106,7
12107,2
12108,1
12109,6
12110,5
12111,1
12112,8
12113,9
12114,4
12115,0
12116,3
12117,5
12118,0
12119,8
12120,0
12121,1
12122,6
12123,9
12124,1
12125,0
12126,2
12127,2
12128,2
12129,1
12130,0
12131,7
12132,0
12133,7
12134,8
12135,5
12136,0
12137,8
12138,6
12139,2
12140,3
12141,7
12142,7
12143,0
12144,4
12145,8
12146,6
12147,6
12148,9
12149,1
12150,2
12151,7
12152,5
12153,1
12154,2
12155,3
12156,6
12157,8
12158,2
12159,8
12160,0
12161,8
12162,1
12163,6
12164,7
12165,7
12166,5
12167,2
12168,4
12169,0
12170,5
12171,7
12172,0
12173,7
12174,8
12175,6
12176,1
12177,4
12178,5
12179,7
12180,2
12181,6
12182,6
12183,3
12184,8
12185,4
12186,6
12187,4
12188,2
12189,1
12190,4
12191,2
12192,4
12193,4
12194,3
12195,0
12196,3
12197,6
12198,5
12199,4
12200,7
12201,5
12202,5
12203,3
12204,8
12205,1
12206,5
12207,9
12208,9
12209,9
12210,6
12211,1
12212,4
12213,4
12214,9
12215,1
12216,6
12217,1
12218,5
12219,7
12220,0
12221,6
12222,8
12223,0
12224,1
12225,8
12226,1
12227,6
12228,5
12229,1
12230,4
12231,2
12232,3
12233,1
12234,3
12235,7
12236,0
12237,2
12238,7
12239,7
12240,2
12241,2
12242,4
12243,9
12244,0
12245,9
12246,8
12247,6
12248,9
12249,5
12250,9
12251,0
12252,6
12253,8
12254,5
12255,5
12256,9
12257,9
12258,6
12259,9
12260,9
12261,2
12262,0
12263,5
12264,4
12265,7
12266,9
12267,1
12268,5
12269,0
12270,1
12271,9
12272,7
12273,2
12274,0
12275,7
12276,5
12277,6
12278,9
12279,7
12280,9
12281,4
12282,1
12283,1
12284,2
12285,9
12286,9
12287,1
12288,9
12289,8
12290,7
12291,0
12292,1
12293,0
12294,5
12295,2
12296,2
12297,5
12298,6
12299,2
12300,1
12301,2
12302,9
12303,4
12304,4
12305,5
12306,6
12307,1
12308,9
12309,2
12310,1
12311,3
12312,2
12313,9
12314,3
12315,6
12316,1
12317,5
12318,6
12319,3
12320,7
12321,0
12322,1
12323,4
12324,5
12325,8
12326,1
12327,0
12328,0
12329,0
12330,5
12331,4
12332,9
12333,3
12334,0
12335,8
12336,6
12337,3
12338,6
12339,3
12340,7
12341,6
12342,0
12343,1
12344,7
12345,8
12346,2
12347,2
12348,3
12349,6
12350,5
12351,6
12352,2
12353,8
12354,6
12355,9
12356,3
12357,7
12358,6
12359,6
12360,6
12361,3
12362,6
12363,7
12364,8
12365,0
12366,5
12367,3
12368,6
12369,5
12370,6
12371,9
12372,2
12373,3
12374,2
12375,4
12376,0
12377,9
12378,1
12379,7
12380,5
12381,3
12382,6
12383,0
12384,6
12385,1
12386,0
12387,0
12388,3
12389,1
12390,7
12391,6
12392,8
12393,3
12394,3
12395,6
12396,3
12397,7
12398,7
12399,5
12400,6
12401,4
12402,8
12403,1
12404,4
12405,3
12406,0
12407,5
12408,0
12409,4
12410,1
12411,2
12412,0
12413,5
12414,9
12415,2
12416,1
12417,9
12418,4
12419,6
12420,4
12421,8
12422,5
12423,2
12424,6
12425,5
12426,5
12427,8
12428,0
12429,2
12430,2
12431,7
12432,6
12433,2
12434,5
12435,9
12436,9
12437,6
12438,3
12439,7
12440,5
12441,9
12442,9
12443,9
12444,7
12445,3
12446,3
12447,7
12448,8
12449,3
12450,5
12451,8
12452,9
12453,7
12454,7
12455,4
12456,2
12457,2
12458,8
12459,8
12460,0
12461,2
12462,3
12463,6
12464,2
12465,8
12466,4
12467,1
12468,5
12469,5
12470,9
12471,3
12472,5
12473,5
12474,5
12475,8
12476,9
12477,6
12478,8
12479,1
12480,9
12481,5
12482,0
12483,3
12484,4
12485,9
12486,2
12487,7
12488,3
12489,9
12490,1
12491,5
12492,2
12493,0
12494,3
12495,7
12496,3
12497,8
12498,1
12499,9
12500,0
12501,6
12502,6
12503,1
12504,6
12505,6
12506,6
12507,0
12508,4
12509,0
12510,7
12511,9
12512,0
12513,1
12514,4
12515,0
12516,1
12517,7
12518,3
12519,1
12520,4
12521,3
12522,5
12523,3
12524,5
12525,4
12526,5
12527,1
12528,7
12529,9
12530,5
12531,6
12532,3
12533,7
12534,7
12535,6
12536,9
12537,1
12538,1
12539,4
12540,3
12541,4
12542,0
12543,5
12544,0
12545,5
12546,2
12547,7
12548,0
12549,3
12550,1
12551,9
12552,1
12553,5
12554,3
12555,5
12556,5
12557,5
12558,0
12559,4
12560,7
12561,1
12562,9
12563,1
12564,8
12565,9
12566,1
12567,5
12568,6
12569,4
12570,9
12571,3
12572,7
12573,0
12574,1
12575,0
12576,1
12577,3
12578,7
12579,3
12580,3
12581,7
12582,5
12583,5
12584,9
12585,1
12586,2
12587,7
12588,6
12589,8
12590,6
12591,8
12592,8
12593,1
12594,6
12595,8
12596,8
12597,8
12598,5
12599,9
12600,5
12601,0
12602,2
12603,9
12604,8
12605,4
12606,9
12607,1
12608,4
12609,7
12610,7
12611,4
12612,2
12613,9
12614,0
12615,6
12616,1
12617,1
12618,1
12619,8
12620,0
12621,8
12622,9
12623,4
12624,4
12625,5
12626,1
12627,4
12628,2
12629,4
12630,1
12631,9
12632,6
12633,6
12634,7
12635,1
12636,7
12637,6
12638,6
12639,1
12640,3
12641,0
12642,3
12643,3
12644,6
12645,2
12646,9
12647,7
12648,2
12649,0
12650,8
12651,2
12652,2
12653,2
12654,5
12655,8
12656,3
12657,3
12658,5
12659,0
12660,7
12661,1
12662,5
12663,1
12664,1
12665,9
12666,0
12667,9
12668,3
12669,9
12670,1
12671,8
12672,3
12673,1
12674,9
12675,6
12676,2
12677,9
12678,3
12679,2
12680,0
12681,1
12682,1
12683,1
12684,6
12685,1
12686,2
12687,8
12688,2
12689,0
12690,9
12691,3
12692,3
12693,2
12694,9
12695,2
12696,3
12697,1
12698,3
12699,7
12700,2
12701,7
12702,8
12703,7
12704,0
12705,4
12706,5
12707,0
12708,0
12709,4
12710,9
12711,4
12712,3
12713,7
12714,1
12715,9
12716,7
12717,9
12718,0
12719,1
12720,3
12721,7
12722,6
12723,5
12724,1
12725,4
12726,5
12727,5
12728,4
12729,9
12730,0
12731,4
12732,8
12733,8
12734,6
12735,6
12736,7
12737,2
12738,5
12739,1
12740,7
12741,9
12742,7
12743,2
12744,9
12745,9
12746,1
12747,4
12748,5
12749,5
12750,3
12751,6
12752,4
12753,4
12754,7
12755,0
12756,5
12757,5
12758,7
12759,4
12760,2
12761,3
12762,8
12763,9
12764,1
12765,7
12766,0
12767,1
12768,3
12769,3
12770,5
12771,7
12772,7
12773,1
12774,4
12775,9
12776,3
12777,7
12778,0
12779,3
12780,4
12781,2
12782,1
12783,9
12784,2
12785,7
12786,3
12787,9
12788,1
12789,5
12790,2
12791,1
12792,1
12793,4
12794,8
12795,6
12796,1
12797,9
12798,4
12799,0
12800,0
12801,0
12802,0
12803,4
12804,5
12805,1
12806,8
12807,5
12808,4
12809,1
12810,3
12811,6
12812,6
12813,4
12814,0
12815,3
12816,4
12817,6
12818,7
12819,1
12820,7
12821,8
12822,3
12823,8
12824,0
12825,2
12826,6
12827,0
12828,2
12829,4
12830,8
12831,6
12832,4
12833,2
12834,8
12835,0
12836,6
12837,8
12838,9
12839,1
12840,9
12841,8
12842,3
12843,0
12844,4
12845,6
12846,7
12847,4
12848,7
12849,1
12850,1
12851,1
12852,3
12853,0
12854,4
12855,5
12856,7
12857,3
12858,0
12859,7
12860,7
12861,2
12862,2
12863,2
12864,8
12865,9
12866,5
12867,6
12868,4
12869,5
12870,8
12871,8
12872,0
12873,9
12874,4
12875,3
12876,0
12877,8
12878,0
12879,6
12880,4
12881,9
12882,9
12883,6
12884,9
12885,5
12886,4
12887,9
12888,0
12889,5
12890,2
12891,9
12892,3
12893,8
12894,1
12895,7
12896,2
12897,4
12898,3
12899,1
12900,0
12901,7
12902,9
12903,2
12904,1
12905,6
12906,0
12907,7
12908,7
12909,3
12910,0
12911,5
12912,0
12913,8
12914,2
12915,0
12916,9
12917,8
12918,7
12919,7
12920,9
12921,9
12922,5
12923,9
12924,2
12925,7
12926,6
12927,3
12928,5
12929,5
12930,6
12931,6
12932,2
12933,0
12934,3
12935,0
12936,3
12937,9
12938,8
12939,4
12940,8
12941,7
12942,7
12943,6
12944,6
12945,7
12946,3
12947,9
12948,6
12949,2
12950,9
12951,8
12952,0
12953,8
12954,9
12955,7
12956,3
12957,3
12958,9
12959,1
12960,9
12961,3
12962,7
12963,8
12964,6
12965,3
12966,3
12967,1
12968,4
12969,1
12970,5
12971,2
12972,8
12973,5
12974,8
12975,4
12976,9
12977,9
12978,3
12979,9
12980,1
12981,6
12982,5
12983,3
12984,1
12985,9
12986,3
12987,9
12988,3
12989,5
12990,0
12991,9
12992,1
12993,4
12994,1
12995,4
12996,3
12997,9
12998,8
12999,7
13000,2
13001,2
13002,4
13003,5
13004,9
13005,9
13006,6
13007,1
13008,8
13009,1
13010,3
13011,9
13012,8
13013,7
13014,0
13015,4
13016,1
13017,0
13018,4
13019,9
13020,0
13021,1
13022,2
13023,3
13024,2
13025,9
13026,6
13027,4
13028,0
13029,3
13030,3
13031,8
13032,1
13033,1
13034,1
13035,3
13036,7
13037,3
13038,3
13039,9
13040,7
13041,1
13042,8
13043,0
13044,9
13045,0
13046,7
13047,8
13048,4
13049,2
13050,6
13051,1
13052,5
13053,2
13054,5
13055,0
13056,3
13057,8
13058,7
13059,6
13060,3
13061,2
13062,9
13063,7
13064,1
13065,2
13066,6
13067,4
13068,5
13069,6
13070,1
13071,6
13072,0
13073,6
13074,5
13075,8
13076,0
13077,3
13078,0
13079,7
13080,6
13081,3
13082,3
13083,8
13084,0
13085,3
13086,2
13087,1
13088,0
13089,3
13090,1
13091,5
13092,1
13093,5
13094,8
13095,7
13096,1
13097,7
13098,9
13099,7
13100,0
13101,9
13102,8
13103,2
13104,5
13105,1
13106,9
13107,2
13108,9
13109,9
13110,5
13111,4
13112,6
13113,8
13114,9
13115,7
13116,6
13117,8
13118,9
13119,9
13120,0
13121,5
13122,3
13123,2
13124,8
13125,4
13126,3
13127,7
13128,5
13129,0
13130,5
13131,9
13132,4
13133,6
13134,4
13135,3
13136,4
13137,8
13138,2
13139,1
13140,9
13141,2
13142,8
13143,8
13144,4
13145,7
13146,5
13147,9
13148,6
13149,6
13150,7
13151,5
13152,9
13153,0
13154,7
13155,1
13156,5
13157,1
13158,5
13159,5
13160,5
13161,6
13162,0
13163,7
13164,5
13165,5
13166,9
13167,7
13168,3
13169,2
13170,6
13171,3
13172,6
13173,9
13174,2
13175,2
13176,0
13177,8
13178,1
13179,3
13180,8
13181,9
13182,2
13183,9
13184,1
13185,2
13186,7
13187,9
13188,0
13189,6
13190,7
13191,1
13192,2
13193,8
13194,9
13195,8
13196,2
13197,0
13198,2
13199,2
13200,5
13201,9
13202,6
13203,9
13204,4
13205,6
13206,8
13207,7
13208,0
13209,3
13210,6
13211,1
13212,8
13213,6
13214,6
13215,4
13216,7
13217,5
13218,6
13219,9
13220,8
13221,0
13222,0
13223,1
13224,4
13225,8
13226,2
13227,9
13228,1
13229,3
13230,8
13231,9
13232,0
13233,4
13234,9
13235,7
13236,9
13237,5
13238,2
13239,5
13240,1
13241,3
13242,9
13243,8
13244,7
13245,4
13246,0
13247,0
13248,4
13249,1
13250,1
13251,6
13252,9
13253,5
13254,0
13255,9
13256,2
13257,9
13258,5
13259,4
13260,2
13261,4
13262,6
13263,5
13264,8
13265,5
13266,4
13267,2
13268,2
13269,9
13270,8
13271,9
13272,2
13273,5
13274,5
13275,8
13276,2
13277,0
13278,3
13279,6
13280,5
13281,3
13282,5
13283,8
13284,3
13285,5
13286,4
13287,8
13288,1
13289,1
13290,0
13291,9
13292,6
13293,2
13294,8
13295,3
13296,3
13297,8
13298,4
13299,2
13300,2
13301,5
13302,3
13303,1
13304,8
13305,1
13306,5
13307,7
13308,8
13309,5
13310,5
13311,0
13312,2
13313,1
13314,6
13315,3
13316,6
13317,7
13318,4
13319,7
13320,0
13321,2
13322,4
13323,3
13324,5
13325,0
13326,8
13327,2
13328,6
13329,3
13330,4
13331,9
13332,8
13333,3
13334,2
13335,3
13336,6
13337,3
13338,2
13339,7
13340,8
13341,0
13342,3
13343,2
13344,7
13345,6
13346,2
13347,8
13348,6
13349,6
13350,8
13351,6
13352,3
13353,9
13354,3
13355,9
13356,3
13357,1
13358,7
13359,5
13360,5
13361,0
13362,8
13363,2
13364,9
13365,6
13366,5
13367,1
13368,9
13369,6
13370,9
13371,3
13372,7
13373,1
13374,5
13375,7
13376,2
13377,6
13378,7
13379,8
13380,5
13381,2
13382,1
13383,6
13384,2
13385,3
13386,3
13387,1
13388,4
13389,5
13390,1
13391,0
13392,0
13393,2
13394,5
13395,4
13396,1
13397,1
13398,3
13399,6
13400,9
13401,2
13402,6
13403,3
13404,9
13405,6
13406,0
13407,2
13408,3
13409,9
13410,2
13411,6
13412,6
13413,8
13414,8
13415,3
13416,0
13417,1
13418,4
13419,8
13420,4
13421,0
13422,2
13423,0
13424,3
13425,1
13426,7
13427,1
13428,8
13429,2
13430,0
13431,7
13432,9
13433,2
13434,5
13435,0
13436,2
13437,9
13438,6
13439,9
13440,0
13441,9
13442,1
13443,3
13444,6
13445,5
13446,1
13447,0
13448,8
13449,2
13450,7
13451,5
13452,2
13453,6
13454,7
13455,1
13456,7
13457,3
13458,1
13459,8
13460,6
13461,9
13462,5
13463,6
13464,9
13465,3
13466,3
13467,9
13468,7
13469,0
13470,7
13471,4
13472,2
13473,0
13474,7
13475,5
13476,9
13477,2
13478,8
13479,5
13480,0
13481,1
13482,8
13483,9
13484,2
13485,8
13486,2
13487,4
13488,3
13489,9
13490,6
13491,5
13492,0
13493,9
13494,7
13495,3
13496,0
13497,1
13498,7
13499,8
13500,5
13501,1
13502,0
13503,2
13504,1
13505,8
13506,7
13507,3
13508,2
13509,4
13510,0
13511,1
13512,9
13513,3
13514,6
13515,9
13516,1
13517,3
13518,6
13519,7
13520,9
13521,5
13522,0
13523,2
13524,5
13525,0
13526,3
13527,5
13528,6
13529,5
13530,5
13531,6
13532,8
13533,4
13534,1
13535,4
13536,3
13537,4
13538,9
13539,2
13540,4
13541,9
13542,7
13543,9
13544,5
13545,0
13546,7
13547,4
13548,6
13549,3
13550,9
13551,5
13552,6
13553,0
13554,3
13555,9
13556,1
13557,6
13558,9
13559,6
13560,0
13561,1
13562,5
13563,5
13564,9
13565,6
13566,0
13567,8
13568,6
13569,4
13570,0
13571,2
13572,3
13573,5
13574,1
13575,4
13576,9
13577,6
13578,8
13579,3
13580,6
13581,3
13582,4
13583,7
13584,2
13585,2
13586,3
13587,8
13588,8
13589,1
13590,5
13591,9
13592,1
13593,2
13594,8
13595,9
13596,1
13597,3
13598,3
13599,8
13600,2
13601,3
13602,1
13603,1
13604,2
13605,0
13606,0
13607,7
13608,1
13609,7
13610,6
13611,8
13612,6
13613,2
13614,1
13615,5
13616,8
13617,7
13618,6
13619,0
13620,8
13621,8
13622,6
13623,8
13624,2
13625,6
13626,1
13627,1
13628,6
13629,0
13630,2
13631,9
13632,8
13633,9
13634,9
13635,1
13636,8
13637,8
13638,4
13639,0
13640,9
13641,5
13642,3
13643,2
13644,9
13645,5
13646,7
13647,2
13648,0
13649,9
13650,5
13651,6
13652,7
13653,6
13654,3
13655,7
13656,5
13657,2
13658,6
13659,5
13660,0
13661,7
13662,5
13663,3
13664,2
13665,4
13666,3
13667,7
13668,3
13669,3
13670,2
13671,8
13672,6
13673,6
13674,7
13675,8
13676,8
13677,0
13678,6
13679,3
13680,8
13681,7
13682,5
13683,6
13684,5
13685,3
13686,1
13687,7
13688,1
13689,2
13690,9
13691,3
13692,0
13693,8
13694,8
13695,2
13696,8
13697,8
13698,2
13699,8
13700,0
13701,3
13702,4
13703,8
13704,1
13705,5
13706,0
13707,9
13708,3
13709,5
13710,5
13711,4
13712,7
13713,1
13714,3
13715,9
13716,3
13717,3
13718,0
13719,6
13720,4
13721,2
13722,8
13723,9
13724,0
13725,4
13726,9
13727,4
13728,0
13729,0
13730,2
13731,3
13732,8
13733,3
13734,2
13735,3
13736,8
13737,4
13738,1
13739,8
13740,6
13741,9
13742,0
13743,0
13744,2
13745,3
13746,9
13747,3
13748,5
13749,7
13750,6
13751,5
13752,6
13753,3
13754,8
13755,1
13756,1
13757,3
13758,8
13759,4
13760,5
13761,5
13762,9
13763,4
13764,2
13765,6
13766,7
13767,5
13768,3
13769,3
13770,5
13771,2
13772,0
13773,1
13774,3
13775,7
13776,6
13777,4
13778,8
13779,0
13780,3
13781,3
13782,1
13783,4
13784,1
13785,9
13786,7
13787,0
13788,3
13789,9
13790,8
13791,5
13792,8
13793,5
13794,0
13795,5
13796,6
13797,4
13798,0
13799,8
13800,2
13801,6
13802,2
13803,0
13804,4
13805,4
13806,9
13807,6
13808,1
13809,2
13810,2
13811,8
13812,2
13813,2
13814,5
13815,0
13816,1
13817,1
13818,5
13819,1
13820,7
13821,5
13822,3
13823,7
13824,8
13825,7
13826,9
13827,0
13828,2
13829,2
13830,8
13831,1
13832,3
13833,7
13834,8
13835,1
13836,5
13837,2
13838,2
13839,3
13840,8
13841,4
13842,3
13843,5
13844,1
13845,1
13846,1
13847,1
13848,4
13849,3
13850,7
13851,7
13852,1
13853,0
13854,3
13855,2
13856,8
13857,6
13858,1
13859,0
13860,3
13861,1
13862,5
13863,4
13864,2
13865,2
13866,9
13867,2
13868,8
13869,1
13870,7
13871,3
13872,8
13873,9
13874,4
13875,8
13876,0
13877,4
13878,1
13879,6
13880,8
13881,3
13882,2
13883,8
13884,6
13885,1
13886,6
13887,2
13888,5
13889,9
13890,9
13891,6
13892,4
13893,5
13894,8
13895,1
13896,6
13897,4
13898,1
13899,0
13900,9
13901,4
13902,5
13903,4
13904,6
13905,0
13906,8
13907,7
13908,2
13909,1
13910,0
13911,4
13912,9
13913,5
13914,9
13915,5
13916,8
13917,4
13918,8
13919,0
13920,5
13921,6
13922,4
13923,1
13924,6
13925,9
13926,7
13927,1
13928,9
13929,9
13930,7
13931,1
13932,2
13933,7
13934,2
13935,5
13936,0
13937,8
13938,7
13939,2
13940,6
13941,8
13942,0
13943,7
13944,3
13945,4
13946,8
13947,5
13948,5
13949,6
13950,3
13951,1
13952,5
13953,3
13954,0
13955,9
13956,3
13957,1
13958,1
13959,1
13960,0
13961,7
13962,0
13963,0
13964,9
13965,4
13966,3
13967,4
13968,4
13969,8
13970,0
13971,7
13972,2
13973,5
13974,1
13975,5
13976,7
13977,9
13978,1
13979,6
13980,1
13981,0
13982,0
13983,9
13984,2
13985,9
13986,9
13987,7
13988,0
13989,5
13990,0
13991,7
13992,5
13993,9
13994,8
13995,9
13996,7
13997,6
13998,3
13999,3
14000,3
14001,1
14002,8
14003,3
14004,8
14005,2
14006,2
14007,3
14008,4
14009,4
14010,3
14011,1
14012,5
14013,1
14014,3
14015,8
14016,1
14017,0
14018,8
14019,3
14020,5
14021,5
14022,8
14023,3
14024,9
14025,5
14026,5
14027,9
14028,1
14029,8
14030,4
14031,3
14032,2
14033,7
14034,2
14035,5
14036,5
14037,3
14038,3
14039,7
14040,6
14041,4
14042,9
14043,9
14044,0
14045,1
14046,6
14047,9
14048,7
14049,7
14050,1
14051,5
14052,4
14053,2
14054,5
14055,4
14056,8
14057,5
14058,6
14059,6
14060,6
14061,6
14062,4
14063,5
14064,9
14065,4
14066,9
14067,0
14068,8
14069,6
14070,4
14071,0
14072,1
14073,3
14074,9
14075,4
14076,6
14077,8
14078,3
14079,2
14080,9
14081,6
14082,8
14083,0
14084,1
14085,2
14086,7
14087,4
14088,0
14089,2
14090,3
14091,9
14092,9
14093,7
14094,1
14095,9
14096,2
14097,3
14098,6
14099,8
14100,2
14101,5
14102,1
14103,6
14104,3
14105,5
14106,5
14107,0
14108,0
14109,7
14110,9
14111,8
14112,7
14113,1
14114,0
14115,5
14116,9
14117,0
14118,3
14119,5
14120,4
14121,8
14122,5
14123,3
14124,2
14125,9
14126,7
14127,9
14128,0
14129,1
14130,5
14131,3
14132,5
14133,8
14134,4
14135,8
14136,6
14137,9
14138,3
14139,9
14140,8
14141,2
14142,9
14143,9
14144,1
14145,8
14146,4
14147,2
14148,4
14149,7
14150,0
14151,2
14152,6
14153,9
14154,8
14155,3
14156,6
14157,6
14158,6
14159,8
14160,5
14161,2
14162,4
14163,1
14164,2
14165,5
14166,3
14167,0
14168,9
14169,5
14170,6
14171,3
14172,0
14173,9
14174,1
14175,2
14176,9
14177,7
14178,5
14179,3
14180,0
14181,9
14182,0
14183,9
14184,3
14185,6
14186,2
14187,0
14188,7
14189,2
14190,6
14191,7
14192,8
14193,4
14194,8
14195,0
14196,5
14197,6
14198,6
14199,1
14200,4
14201,2
14202,1
14203,8
14204,7
14205,3
14206,9
14207,5
14208,0
14209,1
14210,3
14211,3
14212,3
14213,4
14214,0
14215,6
14216,9
14217,1
14218,8
14219,4
14220,8
14221,5
14222,0
14223,1
14224,0
14225,0
14226,1
14227,9
14228,2
14229,4
14230,1
14231,9
14232,5
14233,4
14234,6
14235,7
14236,0
14237,6
14238,9
14239,6
14240,2
14241,4
14242,9
14243,6
14244,2
14245,5
14246,4
14247,1
14248,3
14249,2
14250,2
14251,6
14252,9
14253,7
14254,2
14255,7
14256,1
14257,7
14258,5
14259,7
14260,7
14261,1
14262,2
14263,0
14264,0
14265,2
14266,5
14267,1
14268,0
14269,2
14270,2
14271,0
14272,0
14273,7
14274,9
14275,6
14276,1
14277,4
14278,7
14279,7
14280,7
14281,2
14282,6
14283,9
14284,6
14285,2
14286,5
14287,2
14288,9
14289,3
14290,6
14291,9
14292,5
14293,2
14294,1
14295,0
14296,4
14297,9
14298,9
14299,9
14300,6
14301,4
14302,6
14303,1
14304,3
14305,8
14306,3
14307,6
14308,1
14309,1
14310,4
14311,4
14312,0
14313,0
14314,3
14315,0
14316,3
14317,6
14318,9
14319,9
14320,8
14321,8
14322,0
14323,2
14324,3
14325,8
14326,3
14327,7
14328,8
14329,4
14330,9
14331,0
14332,5
14333,7
14334,7
14335,1
14336,2
14337,5
14338,8
14339,0
14340,6
14341,1
14342,4
14343,5
14344,8
14345,1
14346,0
14347,0
14348,8
14349,1
14350,4
14351,4
14352,9
14353,4
14354,7
14355,0
14356,9
14357,1
14358,4
14359,7
14360,8
14361,9
14362,5
14363,9
14364,0
14365,6
14366,1
14367,9
14368,9
14369,4
14370,7
14371,5
14372,6
14373,3
14374,2
14375,2
14376,8
14377,6
14378,5
14379,6
14380,2
14381,5
14382,2
14383,4
14384,0
14385,5
14386,9
14387,3
14388,6
14389,3
14390,6
14391,4
14392,1
14393,3
14394,2
14395,6
14396,6
14397,3
14398,6
14399,6
14400,8
14401,5
14402,2
14403,1
14404,6
14405,6
14406,7
14407,2
14408,3
14409,1
14410,6
14411,8
14412,1
14413,8
14414,7
14415,5
14416,5
14417,6
14418,6
14419,6
14420,8
14421,0
14422,0
14423,0
14424,5
14425,2
14426,1
14427,2
14428,7
14429,3
14430,1
14431,3
14432,0
14433,3
14434,0
14435,1
14436,9
14437,2
14438,8
14439,8
14440,1
14441,2
14442,8
14443,0
14444,0
14445,7
14446,2
14447,2
14448,7
14449,4
14450,7
14451,7
14452,3
14453,1
14454,5
14455,1
14456,4
14457,8
14458,7
14459,1
14460,6
14461,5
14462,1
14463,4
14464,6
14465,8
14466,6
14467,9
14468,4
14469,6
14470,8
14471,3
14472,8
14473,7
14474,7
14475,0
14476,8
14477,9
14478,5
14479,6
14480,0
14481,0
14482,3
14483,7
14484,2
14485,6
14486,7
14487,4
14488,1
14489,8
14490,4
14491,9
14492,9
14493,9
14494,8
14495,0
14496,2
14497,8
14498,4
14499,5
14500,3
14501,7
14502,7
14503,7
14504,0
14505,3
14506,0
14507,8
14508,9
14509,5
14510,4
14511,6
14512,9
14513,4
14514,9
14515,5
14516,5
14517,6
14518,2
14519,8
14520,3
14521,5
14522,6
14523,9
14524,6
14525,2
14526,7
14527,2
14528,7
14529,4
14530,0
14531,8
14532,7
14533,4
14534,8
14535,3
14536,1
14537,7
14538,5
14539,4
14540,3
14541,9
14542,2
14543,7
14544,9
14545,0
14546,8
14547,9
14548,7
14549,1
14550,6
14551,6
14552,0
14553,4
14554,9
14555,4
14556,2
14557,7
14558,8
14559,8
14560,3
14561,4
14562,6
14563,5
14564,3
14565,4
14566,3
14567,7
14568,9
14569,8
14570,4
14571,2
14572,2
14573,0
14574,0
14575,3
14576,1
14577,9
14578,3
14579,4
14580,6
14581,5
14582,8
14583,7
14584,1
14585,4
14586,4
14587,0
14588,6
14589,5
14590,1
14591,9
14592,7
14593,8
14594,6
14595,6
14596,3
14597,5
14598,4
14599,6
14600,4
14601,5
14602,4
14603,0
14604,5
14605,5
14606,1
14607,8
14608,7
14609,3
14610,6
14611,6
14612,3
14613,8
14614,0
14615,4
14616,1
14617,2
14618,5
14619,2
14620,8
14621,3
14622,4
14623,9
14624,1
14625,7
14626,1
14627,6
14628,6
14629,1
14630,0
14631,0
14632,4
14633,4
14634,0
14635,8
14636,0
14637,1
14638,6
14639,0
14640,2
14641,1
14642,7
14643,5
14644,7
14645,6
14646,6
14647,1
14648,4
14649,8
14650,2
14651,3
14652,3
14653,7
14654,3
14655,8
14656,9
14657,3
14658,0
14659,1
14660,6
14661,3
14662,2
14663,3
14664,4
14665,7
14666,7
14667,2
14668,3
14669,2
14670,3
14671,0
14672,6
14673,7
14674,3
14675,6
14676,0
14677,3
14678,9
14679,6
14680,9
14681,3
14682,1
14683,2
14684,9
14685,2
14686,2
14687,8
14688,9
14689,9
14690,9
14691,4
14692,6
14693,6
14694,6
14695,6
14696,5
14697,0
14698,9
14699,5
14700,5
14701,8
14702,4
14703,1
14704,3
14705,8
14706,2
14707,8
14708,1
14709,0
14710,2
14711,9
14712,7
14713,7
14714,8
14715,3
14716,1
14717,5
14718,9
14719,6
14720,4
14721,4
14722,3
14723,0
14724,4
14725,8
14726,3
14727,4
14728,1
14729,8
14730,7
14731,0
14732,6
14733,4
14734,6
14735,2
14736,8
14737,4
14738,1
14739,9
14740,7
14741,5
14742,0
14743,5
14744,9
14745,4
14746,7
14747,0
14748,7
14749,1
14750,8
14751,1
14752,8
14753,7
14754,9
14755,5
14756,7
14757,6
14758,4
14759,6
14760,3
14761,8
14762,2
14763,6
14764,6
14765,7
14766,9
14767,3
14768,7
14769,3
14770,3
14771,1
14772,8
14773,9
14774,4
14775,1
14776,5
14777,6
14778,8
14779,2
14780,9
14781,0
14782,5
14783,8
14784,0
14785,9
14786,6
14787,3
14788,5
14789,1
14790,1
14791,6
14792,1
14793,2
14794,6
14795,8
14796,4
14797,3
14798,4
14799,1
14800,7
14801,3
14802,4
14803,2
14804,9
14805,6
14806,0
14807,1
14808,9
14809,1
14810,7
14811,5
14812,7
14813,9
14814,9
14815,2
14816,2
14817,3
14818,6
14819,0
14820,6
14821,9
14822,9
14823,2
14824,3
14825,5
14826,8
14827,7
14828,9
14829,0
14830,6
14831,6
14832,7
14833,8
14834,9
14835,0
14836,4
14837,2
14838,3
14839,9
14840,1
14841,9
14842,2
14843,2
14844,7
14845,5
14846,4
14847,2
14848,0
14849,2
14850,0
14851,8
14852,2
14853,3
14854,5
14855,7
14856,3
14857,0
14858,8
14859,1
14860,0
14861,2
14862,1
14863,4
14864,8
14865,9
14866,5
14867,7
14868,8
14869,0
14870,2
14871,0
14872,7
14873,1
14874,8
14875,3
14876,6
14877,2
14878,0
14879,9
14880,1
14881,6
14882,9
14883,5
14884,2
14885,5
14886,1
14887,5
14888,9
14889,4
14890,9
14891,6
14892,1
14893,0
14894,5
14895,4
14896,1
14897,3
14898,5
14899,5
14900,7
14901,9
14902,2
14903,9
14904,8
14905,5
14906,5
14907,8
14908,8
14909,8
14910,1
14911,5
14912,6
14913,5
14914,8
14915,7
14916,0
14917,3
14918,4
14919,1
14920,1
14921,2
14922,6
14923,3
14924,8
14925,3
14926,8
14927,0
14928,0
14929,4
14930,9
14931,4
14932,8
14933,2
14934,2
14935,5
14936,7
14937,2
14938,2
14939,2
14940,9
14941,2
14942,0
14943,1
14944,7
14945,0
14946,6
14947,8
14948,4
14949,2
14950,7
14951,0
14952,1
14953,4
14954,6
14955,0
14956,1
14957,0
14958,2
14959,4
14960,5
14961,1
14962,7
14963,7
14964,9
14965,5
14966,8
14967,9
14968,9
14969,0
14970,5
14971,1
14972,1
14973,2
14974,9
14975,2
14976,7
14977,0
14978,2
14979,3
14980,5
14981,5
14982,9
14983,5
14984,0
14985,3
14986,9
14987,8
14988,9
14989,1
14990,1
14991,2
14992,2
14993,2
14994,7
14995,6
14996,9
14997,3
14998,7
14999,4
15000,3
15001,6
15002,1
15003,7
15004,9
15005,7
15006,1
15007,7
15008,3
15009,1
15010,2
15011,5
15012,8
15013,9
15014,0
15015,0
15016,8
15017,4
15018,0
15019,1
15020,1
15021,8
15022,5
15023,3
15024,0
15025,6
15026,9
15027,1
15028,2
15029,9
15030,8
15031,9
15032,1
15033,5
15034,7
15035,3
15036,3
15037,2
15038,2
15039,3
15040,1
15041,1
15042,2
15043,9
15044,3
15045,4
15046,7
15047,0
15048,2
15049,3
15050,1
15051,1
15052,6
15053,4
15054,8
15055,1
15056,5
15057,3
15058,2
15059,2
15060,6
15061,5
15062,7
15063,2
15064,0
15065,2
15066,6
15067,3
15068,3
15069,6
15070,6
15071,7
15072,3
15073,3
15074,9
15075,1
15076,0
15077,4
15078,1
15079,9
15080,9
15081,0
15082,7
15083,0
15084,2
15085,3
15086,1
15087,5
15088,8
15089,6
15090,0
15091,8
15092,0
15093,7
15094,9
15095,4
15096,3
15097,9
15098,8
15099,8
15100,3
15101,7
15102,2
15103,8
15104,9
15105,1
15106,1
15107,3
15108,8
15109,4
15110,8
15111,1
15112,1
15113,1
15114,0
15115,5
15116,3
15117,7
15118,9
15119,0
15120,8
15121,2
15122,7
15123,5
15124,9
15125,8
15126,4
15127,0
15128,1
15129,3
15130,5
15131,9
15132,1
15133,6
15134,9
15135,9
15136,0
15137,7
15138,3
15139,9
15140,6
15141,7
15142,5
15143,1
15144,3
15145,8
15146,7
15147,3
15148,9
15149,9
15150,4
15151,4
15152,1
15153,7
15154,8
15155,8
15156,6
15157,2
15158,8
15159,8
15160,6
15161,4
15162,1
15163,0
15164,9
15165,4
15166,5
15167,4
15168,3
15169,8
15170,9
15171,0
15172,8
15173,5
15174,2
15175,3
15176,8
15177,9
15178,3
15179,5
15180,7
15181,5
15182,2
15183,6
15184,4
15185,1
15186,5
15187,5
15188,3
15189,9
15190,5
15191,7
15192,7
15193,3
15194,4
15195,5
15196,5
15197,9
15198,3
15199,1
15200,2
15201,5
15202,4
15203,7
15204,1
15205,4
15206,2
15207,9
15208,3
15209,7
15210,8
15211,1
15212,6
15213,1
15214,1
15215,4
15216,4
15217,0
15218,2
15219,0
15220,3
15221,2
15222,0
15223,3
15224,1
15225,1
15226,5
15227,9
15228,3
15229,9
15230,4
15231,0
15232,7
15233,2
15234,7
15235,4
15236,3
15237,1
15238,8
15239,7
15240,4
15241,2
15242,1
15243,4
15244,6
15245,8
15246,3
15247,4
15248,1
15249,7
15250,3
15251,7
15252,2
15253,6
15254,5
15255,5
15256,2
15257,2
15258,5
15259,0
15260,7
15261,1
15262,2
15263,2
15264,5
15265,5
15266,3
15267,9
15268,9
15269,9
15270,0
15271,6
15272,9
15273,2
15274,4
15275,1
15276,3
15277,3
15278,6
15279,8
15280,9
15281,0
15282,1
15283,0
15284,4
15285,7
15286,2
15287,2
15288,0
15289,2
15290,7
15291,9
15292,5
15293,6
15294,2
15295,9
15296,6
15297,6
15298,7
15299,9
15300,1
15301,8
15302,9
15303,6
15304,9
15305,2
15306,1
15307,0
15308,8
15309,9
15310,4
15311,5
15312,5
15313,5
15314,2
15315,8
15316,9
15317,0
15318,9
15319,3
15320,7
15321,8
15322,4
15323,3
15324,2
15325,9
15326,1
15327,1
15328,5
15329,9
15330,2
15331,2
15332,2
15333,1
15334,4
15335,2
15336,7
15337,7
15338,7
15339,3
15340,4
15341,5
15342,2
15343,9
15344,3
15345,0
15346,7
15347,2
15348,8
15349,0
15350,7
15351,6
15352,4
15353,7
15354,1
15355,8
15356,4
15357,9
15358,0
15359,5
15360,7
15361,5
15362,7
15363,1
15364,4
15365,8
15366,2
15367,6
15368,9
15369,8
15370,4
15371,9
15372,0
15373,7
15374,9
15375,6
15376,9
15377,3
15378,1
15379,7
15380,3
15381,4
15382,4
15383,4
15384,4
15385,4
15386,7
15387,7
15388,4
15389,7
15390,0
15391,2
15392,5
15393,0
15394,6
15395,4
15396,5
15397,0
15398,7
15399,9
15400,4
15401,0
15402,0
15403,8
15404,8
15405,6
15406,5
15407,5
15408,3
15409,2
15410,5
15411,8
15412,4
15413,0
15414,2
15415,8
15416,3
15417,7
15418,8
15419,1
15420,6
15421,4
15422,1
15423,6
15424,9
15425,7
15426,5
15427,6
15428,0
15429,4
15430,6
15431,3
15432,0
15433,4
15434,3
15435,4
15436,4
15437,1
15438,3
15439,3
15440,4
15441,0
15442,2
15443,6
15444,3
15445,2
15446,3
15447,2
15448,6
15449,5
15450,3
15451,7
15452,0
15453,8
15454,9
15455,6
15456,9
15457,3
15458,2
15459,8
15460,5
15461,1
15462,5
15463,5
15464,8
15465,2
15466,3
15467,3
15468,3
15469,0
15470,2
15471,7
15472,5
15473,6
15474,6
15475,1
15476,9
15477,8
15478,3
15479,0
15480,7
15481,5
15482,8
15483,9
15484,5
15485,7
15486,8
15487,0
15488,3
15489,3
15490,2
15491,1
15492,5
15493,1
15494,6
15495,6
15496,0
15497,9
15498,8
15499,3
15500,5
15501,4
15502,3
15503,4
15504,4
15505,0
15506,8
15507,6
15508,5
15509,9
15510,8
15511,5
15512,2
15513,6
15514,8
15515,4
15516,8
15517,3
15518,5
15519,3
15520,5
15521,2
15522,5
15523,9
15524,3
15525,9
15526,2
15527,7
15528,9
15529,1
15530,3
15531,4
15532,6
15533,6
15534,6
15535,7
15536,7
15537,1
15538,0
15539,8
15540,2
15541,1
15542,5
15543,4
15544,6
15545,1
15546,5
15547,6
15548,9
15549,2
15550,7
15551,3
15552,6
15553,8
15554,2
15555,2
15556,2
15557,0
15558,5
15559,0
15560,0
15561,8
15562,9
15563,5
15564,3
15565,5
15566,7
15567,2
15568,9
15569,8
15570,5
15571,5
15572,3
15573,5
15574,5
15575,0
15576,1
15577,2
15578,8
15579,4
15580,2
15581,8
15582,8
15583,3
15584,2
15585,8
15586,1
15587,1
15588,1
15589,8
15590,9
15591,3
15592,3
15593,8
15594,4
15595,1
15596,2
15597,4
15598,8
15599,8
15600,4
15601,7
15602,7
15603,7
15604,7
15605,2
15606,1
15607,0
15608,6
15609,5
15610,6
15611,9
15612,4
15613,7
15614,1
15615,8
15616,3
15617,2
15618,0
15619,5
15620,8
15621,8
15622,5
15623,5
15624,5
15625,7
15626,8
15627,5
15628,2
15629,1
15630,3
15631,2
15632,1
15633,2
15634,8
15635,3
15636,1
15637,5
15638,3
15639,0
15640,3
15641,1
15642,8
15643,1
15644,5
15645,6
15646,3
15647,0
15648,2
15649,8
15650,7
15651,6
15652,9
15653,6
15654,5
15655,8
15656,7
15657,6
15658,1
15659,0
15660,9
15661,9
15662,5
15663,8
15664,5
15665,5
15666,1
15667,6
15668,4
15669,3
15670,3
15671,3
15672,8
15673,5
15674,1
15675,5
15676,8
15677,9
15678,7
15679,1
15680,4
15681,2
15682,6
15683,9
15684,7
15685,0
15686,0
15687,7
15688,4
15689,3
15690,2
15691,7
15692,3
15693,4
15694,1
15695,1
15696,3
15697,8
15698,9
15699,3
15700,8
15701,4
15702,2
15703,4
15704,4
15705,9
15706,9
15707,2
15708,9
15709,3
15710,9
15711,7
15712,8
15713,4
15714,0
15715,5
15716,7
15717,6
15718,7
15719,8
15720,6
15721,7
15722,8
15723,7
15724,7
15725,0
15726,3
15727,3
15728,4
15729,9
15730,0
15731,2
15732,3
15733,7
15734,7
15735,3
15736,0
15737,8
15738,1
15739,0
15740,6
15741,5
15742,7
15743,1
15744,3
15745,5
15746,9
15747,1
15748,9
15749,6
15750,9
15751,2
15752,8
15753,9
15754,9
15755,3
15756,2
15757,0
15758,1
15759,5
15760,3
15761,7
15762,0
15763,8
15764,3
15765,2
15766,5
15767,0
15768,9
15769,8
15770,4
15771,8
15772,2
15773,2
15774,4
15775,5
15776,3
15777,0
15778,2
15779,0
15780,7
15781,2
15782,6
15783,2
15784,7
15785,0
15786,0
15787,1
15788,5
15789,3
15790,2
15791,6
15792,1
15793,4
15794,7
15795,5
15796,0
15797,8
15798,1
15799,7
15800,6
15801,9
15802,5
15803,5
15804,0
15805,0
15806,3
15807,2
15808,0
15809,7
15810,5
15811,0
15812,2
15813,3
15814,0
15815,2
15816,7
15817,0
15818,8
15819,8
15820,1
15821,4
15822,9
15823,5
15824,0
15825,7
15826,8
15827,6
15828,8
15829,3
15830,9
15831,1
15832,5
15833,0
15834,1
15835,9
15836,4
15837,2
15838,9
15839,0
15840,2
15841,4
15842,4
15843,0
15844,3
15845,6
15846,6
15847,9
15848,0
15849,6
15850,1
15851,6
15852,6
15853,9
15854,3
15855,2
15856,2
15857,9
15858,0
15859,8
15860,4
15861,4
15862,7
15863,3
15864,0
15865,3
15866,4
15867,7
15868,8
15869,4
15870,3
15871,0
15872,3
15873,9
15874,4
15875,0
15876,3
15877,6
15878,3
15879,4
15880,9
15881,3
15882,6
15883,3
15884,1
15885,4
15886,0
15887,7
15888,2
15889,5
15890,3
15891,9
15892,5
15893,8
15894,4
15895,9
15896,1
15897,7
15898,6
15899,1
15900,7
15901,1
15902,0
15903,7
15904,0
15905,5
15906,3
15907,8
15908,0
15909,8
15910,2
15911,0
15912,5
15913,7
15914,0
15915,1
15916,0
15917,2
15918,4
15919,4
15920,5
15921,1
15922,6
15923,6
15924,7
15925,7
15926,6
15927,6
15928,4
15929,1
15930,8
15931,8
15932,8
15933,7
15934,9
15935,9
15936,4
15937,0
15938,2
15939,6
15940,0
15941,2
15942,0
15943,7
15944,8
15945,7
15946,9
15947,5
15948,6
15949,0
15950,4
15951,6
15952,1
15953,1
15954,1
15955,4
15956,2
15957,9
15958,9
15959,5
15960,6
15961,1
15962,9
15963,4
15964,1
15965,9
15966,6
15967,5
15968,0
15969,7
15970,2
15971,0
15972,7
15973,0
15974,2
15975,4
15976,2
15977,0
15978,2
15979,9
15980,2
15981,6
15982,2
15983,1
15984,5
15985,6
15986,5
15987,9
15988,2
15989,7
15990,7
15991,9
15992,9
15993,7
15994,7
15995,7
15996,0
15997,4
15998,2
15999,8
16000,0
16001,3
16002,1
16003,2
16004,5
16005,7
16006,5
16007,5
16008,7
16009,3
16010,1
16011,3
16012,8
16013,8
16014,0
16015,4
16016,2
16017,5
16018,7
16019,4
16020,1
16021,7
16022,6
16023,9
16024,9
16025,4
16026,4
16027,4
16028,6
16029,9
16030,6
16031,6
16032,3
16033,6
16034,0
16035,0
16036,7
16037,2
16038,0
16039,8
16040,0
16041,4
16042,3
16043,2
16044,1
16045,2
16046,8
16047,8
16048,6
16049,6
16050,9
16051,4
16052,3
16053,5
16054,1
16055,1
16056,9
16057,3
16058,8
16059,7
16060,9
16061,0
16062,8
16063,3
16064,2
16065,3
16066,3
16067,6
16068,7
16069,5
16070,7
16071,5
16072,5
16073,9
16074,3
16075,2
16076,6
16077,0
16078,8
16079,4
16080,5
16081,1
16082,4
16083,4
16084,0
16085,9
16086,7
16087,3
16088,9
16089,6
16090,1
16091,2
16092,8
16093,5
16094,2
16095,3
16096,3
16097,7
16098,9
16099,2
16100,5
16101,2
16102,7
16103,6
16104,9
16105,5
16106,9
16107,9
16108,7
16109,1
16110,7
16111,1
16112,4
16113,9
16114,5
16115,5
16116,2
16117,7
16118,0
16119,0
16120,0
16121,0
16122,5
16123,2
16124,8
16125,4
16126,1
16127,9
16128,7
16129,8
16130,4
16131,4
16132,9
16133,5
16134,1
16135,1
16136,4
16137,6
16138,5
16139,5
16140,0
16141,1
16142,8
16143,9
16144,6
16145,6
16146,1
16147,1
16148,5
16149,3
16150,5
16151,3
16152,8
16153,9
16154,1
16155,2
16156,7
16157,7
16158,5
16159,3
16160,7
16161,3
16162,0
16163,2
16164,6
16165,6
16166,3
16167,1
16168,2
16169,2
16170,2
16171,3
16172,2
16173,1
16174,3
16175,0
16176,2
16177,5
16178,6
16179,1
16180,1
16181,6
16182,9
16183,3
16184,6
16185,8
16186,5
16187,9
16188,0
16189,7
16190,0
16191,1
16192,1
16193,7
16194,3
16195,4
16196,9
16197,3
16198,5
16199,0
16200,4
16201,9
16202,1
16203,9
16204,0
16205,0
16206,7
16207,7
16208,7
16209,0
16210,2
16211,1
16212,6
16213,8
16214,0
16215,7
16216,6
16217,5
16218,4
16219,7
16220,5
16221,7
16222,2
16223,0
16224,2
16225,6
16226,6
16227,3
16228,0
16229,5
16230,8
16231,8
16232,2
16233,6
16234,5
16235,7
16236,7
16237,8
16238,3
16239,0
16240,0
16241,4
16242,3
16243,1
16244,1
16245,3
16246,1
16247,1
16248,2
16249,0
16250,0
16251,6
16252,5
16253,6
16254,9
16255,7
16256,9
16257,6
16258,0
16259,5
16260,8
16261,4
16262,4
16263,8
16264,9
16265,7
16266,2
16267,3
16268,4
16269,0
16270,8
16271,2
16272,1
16273,6
16274,1
16275,2
16276,4
16277,5
16278,7
16279,0
16280,9
16281,2
16282,5
16283,4
16284,9
16285,5
16286,9
16287,8
16288,9
16289,5
16290,4
16291,8
16292,5
16293,1
16294,0
16295,1
16296,0
16297,4
16298,1
16299,7
16300,8
16301,4
16302,7
16303,3
16304,0
16305,7
16306,3
16307,7
16308,2
16309,9
16310,2
16311,8
16312,9
16313,8
16314,1
16315,9
16316,0
16317,4
16318,3
16319,9
16320,0
16321,7
16322,3
16323,9
16324,5
16325,3
16326,6
16327,3
16328,8
16329,6
16330,6
16331,2
16332,9
16333,9
16334,7
16335,6
16336,9
16337,2
16338,5
16339,3
16340,7
16341,4
16342,2
16343,6
16344,8
16345,1
16346,2
16347,3
16348,1
16349,1
16350,2
16351,1
16352,4
16353,4
16354,7
16355,1
16356,6
16357,0
16358,0
16359,3
16360,6
16361,2
16362,7
16363,0
16364,0
16365,5
16366,9
16367,2
16368,2
16369,0
16370,3
16371,5
16372,0
16373,5
16374,5
16375,3
16376,4
16377,7
16378,8
16379,6
16380,1
16381,6
16382,4
16383,4
16384,6
16385,7
16386,9
16387,3
16388,4
16389,2
16390,8
16391,5
16392,8
16393,0
16394,4
16395,4
16396,2
16397,5
16398,8
16399,4
16400,8
16401,6
16402,9
16403,9
16404,6
16405,0
16406,0
16407,9
16408,6
16409,9
16410,4
16411,4
16412,4
16413,3
16414,0
16415,1
16416,1
16417,3
16418,6
16419,6
16420,0
16421,7
16422,2
16423,0
16424,3
16425,5
16426,8
16427,6
16428,3
16429,3
16430,1
16431,5
16432,4
16433,4
16434,5
16435,2
16436,0
16437,6
16438,2
16439,9
16440,0
16441,8
16442,8
16443,0
16444,3
16445,7
16446,4
16447,9
16448,2
16449,4
16450,9
16451,4
16452,7
16453,8
16454,3
16455,6
16456,1
16457,3
16458,9
16459,2
16460,9
16461,8
16462,0
16463,2
16464,7
16465,5
16466,3
16467,8
16468,0
16469,9
16470,2
16471,8
16472,0
16473,2
16474,3
16475,2
16476,6
16477,0
16478,6
16479,0
16480,2
16481,1
16482,8
16483,0
16484,1
16485,5
16486,8
16487,9
16488,0
16489,1
16490,3
16491,7
16492,0
16493,8
16494,4
16495,7
16496,5
16497,6
16498,1
16499,8
16500,1
16501,3
16502,5
16503,0
16504,5
16505,7
16506,5
16507,4
16508,5
16509,0
16510,8
16511,1
16512,6
16513,6
16514,8
16515,5
16516,3
16517,1
16518,4
16519,3
16520,5
16521,4
16522,1
16523,7
16524,5
16525,0
16526,3
16527,2
16528,6
16529,0
16530,1
16531,5
16532,6
16533,0
16534,8
16535,9
16536,7
16537,8
16538,5
16539,6
16540,3
16541,6
16542,1
16543,1
16544,0
16545,3
16546,1
16547,4
16548,6
16549,7
16550,2
16551,5
16552,4
16553,4
16554,8
16555,8
16556,8
16557,3
16558,3
16559,0
16560,2
16561,4
16562,5
16563,7
16564,4
16565,5
16566,6
16567,4
16568,9
16569,8
16570,5
16571,6
16572,3
16573,2
16574,7
16575,2
16576,8
16577,0
16578,4
16579,0
16580,0
16581,8
16582,3
16583,6
16584,7
16585,2
16586,6
16587,5
16588,6
16589,0
16590,6
16591,4
16592,1
16593,4
16594,4
16595,1
16596,9
16597,0
16598,4
16599,1
16600,6
16601,9
16602,3
16603,3
16604,4
16605,9
16606,0
16607,8
16608,2
16609,1
16610,5
16611,6
16612,6
16613,2
16614,9
16615,4
16616,7
16617,4
16618,5
16619,9
16620,6
16621,4
16622,1
16623,7
16624,8
16625,6
16626,5
16627,2
16628,4
16629,0
16630,0
16631,0
16632,1
16633,9
16634,6
16635,7
16636,6
16637,2
16638,4
16639,1
16640,9
16641,1
16642,9
16643,9
16644,6
16645,6
16646,4
16647,3
16648,0
16649,7
16650,2
16651,1
16652,3
16653,6
16654,9
16655,1
16656,6
16657,3
16658,8
16659,9
16660,0
16661,9
16662,0
16663,5
16664,9
16665,7
16666,7
16667,2
16668,8
16669,2
16670,2
16671,1
16672,3
16673,1
16674,0
16675,2
16676,9
16677,3
16678,1
16679,4
16680,3
16681,5
16682,4
16683,3
16684,9
16685,7
16686,6
16687,2
16688,2
16689,9
16690,1
16691,7
16692,6
16693,1
16694,8
16695,8
16696,7
16697,4
16698,2
16699,9
16700,1
16701,0
16702,2
16703,2
16704,8
16705,3
16706,4
16707,2
16708,4
16709,6
16710,6
16711,0
16712,4
16713,9
16714,6
16715,1
16716,7
16717,4
16718,8
16719,6
16720,9
16721,3
16722,6
16723,3
16724,7
16725,2
16726,8
16727,1
16728,2
16729,8
16730,3
16731,8
16732,8
16733,6
16734,0
16735,4
16736,9
16737,7
16738,2
16739,6
16740,8
16741,3
16742,8
16743,4
16744,5
16745,4
16746,9
16747,7
16748,5
16749,9
16750,8
16751,4
16752,8
16753,3
16754,3
16755,8
16756,7
16757,3
16758,6
16759,7
16760,0
16761,8
16762,1
16763,9
16764,6
16765,7
16766,8
16767,4
16768,1
16769,6
16770,9
16771,5
16772,0
16773,3
16774,9
16775,7
16776,7
16777,7
16778,1
16779,2
16780,5
16781,8
16782,2
16783,1
16784,6
16785,8
16786,4
16787,3
16788,6
16789,4
16790,7
16791,9
16792,3
16793,4
16794,1
16795,6
16796,5
16797,0
16798,4
16799,9
16800,1
16801,4
16802,0
16803,3
16804,2
16805,9
16806,5
16807,3
16808,4
16809,5
16810,9
16811,8
16812,2
16813,8
16814,4
16815,9
16816,5
16817,1
16818,1
16819,7
16820,5
16821,0
16822,6
16823,2
16824,2
16825,6
16826,9
16827,9
16828,9
16829,9
16830,7
16831,7
16832,7
16833,1
16834,3
16835,8
16836,8
16837,6
16838,6
16839,3
16840,1
16841,4
16842,8
16843,2
16844,7
16845,8
16846,8
16847,5
16848,4
16849,6
16850,2
16851,0
16852,4
16853,0
16854,6
16855,8
16856,2
16857,2
16858,4
16859,3
16860,9
16861,9
16862,8
16863,8
16864,1
16865,5
16866,6
16867,6
16868,5
16869,4
16870,4
16871,0
16872,6
16873,7
16874,3
16875,0
16876,5
16877,1
16878,7
16879,5
16880,7
16881,5
16882,2
16883,5
16884,9
16885,1
16886,1
16887,5
16888,9
16889,4
16890,2
16891,7
16892,6
16893,1
16894,3
16895,2
16896,4
16897,9
16898,6
16899,9
16900,4
16901,9
16902,4
16903,6
16904,7
16905,6
16906,0
16907,6
16908,1
16909,8
16910,6
16911,6
16912,5
16913,4
16914,3
16915,3
16916,8
16917,8
16918,5
16919,6
16920,2
16921,4
16922,6
16923,9
16924,1
16925,4
16926,2
16927,0
16928,0
16929,3
16930,0
16931,1
16932,2
16933,5
16934,6
16935,5
16936,7
16937,7
16938,9
16939,0
16940,3
16941,4
16942,6
16943,5
16944,3
16945,3
16946,0
16947,3
16948,8
16949,6
16950,5
16951,9
16952,8
16953,8
16954,7
16955,1
16956,7
16957,0
16958,8
16959,2
16960,6
16961,1
16962,9
16963,4
16964,9
16965,5
16966,5
16967,6
16968,0
16969,0
16970,7
16971,3
16972,9
16973,7
16974,1
16975,0
16976,0
16977,9
16978,8
16979,2
16980,7
16981,6
16982,8
16983,0
16984,9
16985,3
16986,8
16987,2
16988,9
16989,0
16990,8
16991,4
16992,8
16993,7
16994,6
16995,6
16996,6
16997,2
16998,7
16999,9
17000,6
17001,8
17002,2
17003,7
17004,3
17005,8
17006,1
17007,6
17008,5
17009,7
17010,2
17011,1
17012,2
17013,1
17014,2
17015,6
17016,9
17017,0
17018,9
17019,3
17020,1
17021,5
17022,2
17023,9
17024,7
17025,3
17026,4
17027,9
17028,1
17029,9
17030,6
17031,4
17032,3
17033,4
17034,9
17035,3
17036,6
17037,8
17038,3
17039,8
17040,6
17041,6
17042,4
17043,7
17044,2
17045,5
17046,4
17047,8
17048,0
17049,4
17050,9
17051,3
17052,1
17053,5
17054,2
17055,8
17056,9
17057,4
17058,3
17059,7
17060,6
17061,6
17062,0
17063,7
17064,0
17065,5
17066,5
17067,4
17068,1
17069,4
17070,8
17071,2
17072,8
17073,1
17074,3
17075,4
17076,9
17077,5
17078,0
17079,1
17080,1
17081,2
17082,3
17083,6
17084,1
17085,1
17086,1
17087,1
17088,4
17089,7
17090,4
17091,1
17092,6
17093,6
17094,2
17095,2
17096,2
17097,0
17098,3
17099,8
17100,8
17101,3
17102,0
17103,6
17104,1
17105,3
17106,4
17107,5
17108,0
17109,2
17110,3
17111,4
17112,0
17113,1
17114,0
17115,5
17116,7
17117,3
17118,5
17119,8
17120,5
17121,2
17122,3
17123,1
17124,6
17125,2
17126,5
17127,2
17128,2
17129,2
17130,7
17131,1
17132,7
17133,3
17134,8
17135,7
17136,9
17137,0
17138,9
17139,8
17140,8
17141,0
17142,7
17143,5
17144,9
17145,4
17146,2
17147,5
17148,1
17149,4
17150,0
17151,9
17152,8
17153,1
17154,5
17155,9
17156,6
17157,4
17158,2
17159,8
17160,2
17161,9
17162,9
17163,3
17164,5
17165,7
17166,3
17167,7
17168,9
17169,0
17170,4
17171,2
17172,3
17173,9
17174,1
17175,8
17176,3
17177,3
17178,9
17179,4
17180,2
17181,2
17182,7
17183,0
17184,3
17185,2
17186,2
17187,5
17188,0
17189,0
17190,0
17191,5
17192,7
17193,7
17194,1
17195,8
17196,4
17197,9
17198,4
17199,7
17200,9
17201,2
17202,5
17203,3
17204,6
17205,9
17206,0
17207,7
17208,5
17209,1
17210,6
17211,1
17212,6
17213,0
17214,1
17215,6
17216,7
17217,4
17218,5
17219,3
17220,0
17221,2
17222,8
17223,3
17224,0
17225,9
17226,8
17227,1
17228,5
17229,9
17230,9
17231,1
17232,9
17233,0
17234,4
17235,8
17236,2
17237,3
17238,1
17239,1
17240,2
17241,0
17242,4
17243,9
17244,2
17245,2
17246,1
17247,0
17248,7
17249,5
17250,9
17251,7
17252,4
17253,4
17254,4
17255,4
17256,0
17257,2
17258,8
17259,2
17260,9
17261,5
17262,7
17263,0
17264,6
17265,2
17266,6
17267,9
17268,5
17269,0
17270,1
17271,4
17272,0
17273,3
17274,9
17275,8
17276,2
17277,7
17278,5
17279,7
17280,7
17281,6
17282,6
17283,5
17284,8
17285,9
17286,9
17287,4
17288,7
17289,9
17290,1
17291,3
17292,4
17293,3
17294,2
17295,3
17296,3
17297,6
17298,0
17299,9
17300,7
17301,0
17302,1
17303,3
17304,9
17305,8
17306,4
17307,1
17308,7
17309,5
17310,6
17311,5
17312,0
17313,6
17314,5
17315,5
17316,1
17317,4
17318,9
17319,2
17320,2
17321,4
17322,0
17323,3
17324,4
17325,0
17326,8
17327,5
17328,9
17329,1
17330,5
17331,0
17332,3
17333,8
17334,4
17335,3
17336,4
17337,8
17338,6
17339,6
17340,0
17341,9
17342,6
17343,3
17344,3
17345,3
17346,9
17347,1
17348,9
17349,2
17350,7
17351,5
17352,4
17353,7
17354,3
17355,9
17356,6
17357,9
17358,7
17359,1
17360,6
17361,3
17362,1
17363,2
17364,0
17365,4
17366,7
17367,2
17368,0
17369,2
17370,2
17371,7
17372,6
17373,2
17374,0
17375,7
17376,7
17377,9
17378,0
17379,5
17380,7
17381,8
17382,4
17383,0
17384,8
17385,1
17386,1
17387,2
17388,6
17389,0
17390,6
17391,4
17392,4
17393,9
17394,7
17395,8
17396,8
17397,1
17398,3
17399,2
17400,5
17401,8
17402,1
17403,4
17404,7
17405,6
17406,1
17407,2
17408,6
17409,9
17410,7
17411,8
17412,7
17413,4
17414,7
17415,7
17416,8
17417,1
17418,4
17419,6
17420,7
17421,5
17422,9
17423,7
17424,4
17425,4
17426,6
17427,3
17428,2
17429,1
17430,7
17431,8
17432,6
17433,2
17434,3
17435,7
17436,9
17437,7
17438,6
17439,2
17440,1
17441,4
17442,5
17443,5
17444,4
17445,9
17446,1
17447,2
17448,6
17449,7
17450,5
17451,7
17452,5
17453,1
17454,0
17455,7
17456,9
17457,5
17458,1
17459,4
17460,1
17461,6
17462,4
17463,5
17464,8
17465,0
17466,9
17467,0
17468,8
17469,5
17470,6
17471,1
17472,2
17473,4
17474,8
17475,4
17476,7
17477,8
17478,3
17479,6
17480,5
17481,7
17482,1
17483,7
17484,3
17485,6
17486,9
17487,9
17488,6
17489,2
17490,8
17491,8
17492,9
17493,8
17494,9
17495,3
17496,1
17497,4
17498,2
17499,8
17500,2
17501,9
17502,4
17503,0
17504,4
17505,5
17506,1
17507,6
17508,4
17509,4
17510,4
17511,2
17512,2
17513,6
17514,2
17515,8
17516,0
17517,3
17518,8
17519,3
17520,0
17521,3
17522,3
17523,1
17524,5
17525,1
17526,3
17527,7
17528,7
17529,1
17530,3
17531,4
17532,6
17533,1
17534,0
17535,4
17536,7
17537,2
17538,7
17539,1
17540,8
17541,9
17542,8
17543,7
17544,2
17545,0
17546,1
17547,9
17548,2
17549,3
17550,6
17551,7
17552,1
17553,6
17554,0
17555,0
17556,5
17557,1
17558,8
17559,1
17560,2
17561,1
17562,5
17563,9
17564,9
17565,0
17566,0
17567,1
17568,4
17569,8
17570,5
17571,7
17572,6
17573,9
17574,3
17575,8
17576,0
17577,9
17578,5
17579,1
17580,7
17581,9
17582,7
17583,7
17584,3
17585,9
17586,8
17587,4
17588,1
17589,0
17590,8
17591,1
17592,0
17593,9
17594,8
17595,2
17596,6
17597,4
17598,0
17599,3
17600,0
17601,9
17602,5
17603,9
17604,4
17605,2
17606,9
17607,5
17608,9
17609,4
17610,7
17611,2
17612,5
17613,6
17614,4
17615,2
17616,5
17617,9
17618,1
17619,6
17620,8
17621,8
17622,4
17623,9
17624,9
17625,8
17626,7
17627,7
17628,2
17629,4
17630,1
17631,8
17632,6
17633,3
17634,4
17635,6
17636,7
17637,3
17638,9
17639,5
17640,2
17641,2
17642,4
17643,9
17644,9
17645,0
17646,6
17647,0
17648,5
17649,2
17650,6
17651,0
17652,8
17653,1
17654,1
17655,6
17656,9
17657,4
17658,8
17659,0
17660,4
17661,0
17662,6
17663,4
17664,3
17665,3
17666,3
17667,5
17668,8
17669,8
17670,3
17671,8
17672,5
17673,8
17674,2
17675,2
17676,7
17677,1
17678,3
17679,9
17680,8
17681,3
17682,3
17683,4
17684,0
17685,2
17686,2
17687,0
17688,1
17689,7
17690,5
17691,8
17692,1
17693,5
17694,9
17695,0
17696,6
17697,4
17698,9
17699,8
17700,7
17701,7
17702,0
17703,3
17704,2
17705,4
17706,6
17707,3
17708,5
17709,4
17710,0
17711,2
17712,0
17713,4
17714,3
17715,1
17716,5
17717,6
17718,5
17719,2
17720,9
17721,5
17722,4
17723,9
17724,9
17725,6
17726,0
17727,7
17728,4
17729,7
17730,4
17731,5
17732,6
17733,5
17734,1
17735,3
17736,6
17737,7
17738,4
17739,6
17740,2
17741,3
17742,9
17743,4
17744,1
17745,0
17746,4
17747,7
17748,2
17749,2
17750,0
17751,2
17752,8
17753,3
17754,3
17755,7
17756,1
17757,5
17758,4
17759,6
17760,4
17761,5
17762,8
17763,7
17764,0
17765,6
17766,3
17767,8
17768,2
17769,0
17770,3
17771,1
17772,1
17773,4
17774,0
17775,2
17776,5
17777,8
17778,0
17779,6
17780,2
17781,1
17782,2
17783,5
17784,3
17785,8
17786,3
17787,0
17788,3
17789,7
17790,1
17791,4
17792,5
17793,4
17794,6
17795,4
17796,4
17797,1
17798,2
17799,0
17800,0
17801,5
17802,0
17803,8
17804,4
17805,4
17806,2
17807,5
17808,3
17809,9
17810,4
17811,4
17812,2
17813,2
17814,8
17815,6
17816,4
17817,2
17818,5
17819,7
17820,3
17821,8
17822,3
17823,8
17824,9
17825,4
17826,5
17827,7
17828,9
17829,6
17830,1
17831,6
17832,2
17833,9
17834,0
17835,5
17836,6
17837,9
17838,6
17839,9
17840,9
17841,4
17842,5
17843,2
17844,4
17845,6
17846,2
17847,5
17848,4
17849,7
17850,3
17851,1
17852,6
17853,0
17854,2
17855,5
17856,6
17857,7
17858,5
17859,9
17860,8
17861,0
17862,2
17863,2
17864,3
17865,5
17866,2
17867,9
17868,9
17869,0
17870,4
17871,0
17872,4
17873,0
17874,2
17875,4
17876,6
17877,8
17878,8
17879,9
17880,0
17881,1
17882,6
17883,4
17884,2
17885,8
17886,2
17887,7
17888,9
17889,9
17890,2
17891,3
17892,5
17893,2
17894,4
17895,3
17896,9
17897,8
17898,0
17899,1
17900,3
17901,1
17902,5
17903,6
17904,9
17905,1
17906,4
17907,0
17908,8
17909,1
17910,9
17911,0
17912,4
17913,3
17914,7
17915,8
17916,9
17917,6
17918,1
17919,9
17920,6
17921,3
17922,8
17923,0
17924,9
17925,0
17926,6
17927,9
17928,2
17929,4
17930,5
17931,0
17932,1
17933,0
17934,8
17935,4
17936,7
17937,6
17938,2
17939,9
17940,0
17941,9
17942,6
17943,6
17944,1
17945,3
17946,1
17947,8
17948,5
17949,5
17950,2
17951,4
17952,2
17953,4
17954,1
17955,1
17956,8
17957,9
17958,6
17959,6
17960,5
17961,8
17962,2
17963,1
17964,1
17965,2
17966,8
17967,2
17968,7
17969,9
17970,9
17971,9
17972,9
17973,3
17974,2
17975,7
17976,1
17977,9
17978,9
17979,6
17980,2
17981,5
17982,8
17983,9
17984,9
17985,4
17986,1
17987,8
17988,7
17989,5
17990,3
17991,0
17992,8
17993,9
17994,2
17995,8
17996,8
17997,7
17998,6
17999,7
18000,1
18001,3
18002,9
18003,1
18004,0
18005,9
18006,0
18007,9
18008,3
18009,7
18010,1
18011,4
18012,5
18013,4
18014,6
18015,5
18016,3
18017,5
18018,3
18019,5
18020,9
18021,1
18022,0
18023,6
18024,8
18025,7
18026,4
18027,1
18028,0
18029,1
18030,4
18031,4
18032,5
18033,2
18034,1
18035,6
18036,5
18037,3
18038,5
18039,5
18040,7
18041,9
18042,4
18043,6
18044,3
18045,1
18046,9
18047,5
18048,7
18049,6
18050,3
18051,7
18052,1
18053,5
18054,5
18055,8
18056,6
18057,0
18058,7
18059,5
18060,0
18061,6
18062,8
18063,4
18064,2
18065,0
18066,7
18067,1
18068,6
18069,8
18070,0
18071,5
18072,4
18073,6
18074,7
18075,8
18076,6
18077,5
18078,1
18079,0
18080,6
18081,5
18082,5
18083,0
18084,2
18085,5
18086,2
18087,4
18088,7
18089,1
18090,0
18091,3
18092,2
18093,3
18094,0
18095,7
18096,3
18097,6
18098,8
18099,7
18100,2
18101,3
18102,0
18103,3
18104,5
18105,3
18106,2
18107,5
18108,3
18109,8
18110,9
18111,7
18112,9
18113,8
18114,7
18115,4
18116,2
18117,7
18118,5
18119,9
18120,4
18121,1
18122,3
18123,7
18124,9
18125,4
18126,8
18127,7
18128,5
18129,8
18130,7
18131,7
18132,1
18133,3
18134,5
18135,6
18136,1
18137,1
18138,1
18139,8
18140,4
18141,5
18142,9
18143,5
18144,1
18145,3
18146,8
18147,2
18148,8
18149,5
18150,7
18151,3
18152,7
18153,2
18154,0
18155,3
18156,1
18157,2
18158,2
18159,7
18160,6
18161,8
18162,2
18163,6
18164,2
18165,9
18166,0
18167,5
18168,9
18169,3
18170,5
18171,7
18172,1
18173,2
18174,4
18175,8
18176,4
18177,2
18178,4
18179,8
18180,9
18181,0
18182,5
18183,3
18184,7
18185,7
18186,3
18187,5
18188,1
18189,6
18190,9
18191,1
18192,8
18193,8
18194,2
18195,8
18196,9
18197,4
18198,6
18199,8
18200,4
18201,8
18202,4
18203,7
18204,4
18205,4
18206,4
18207,1
18208,1
18209,2
18210,0
18211,8
18212,4
18213,4
18214,4
18215,0
18216,0
18217,0
18218,0
18219,4
18220,9
18221,9
18222,4
18223,9
18224,2
18225,9
18226,1
18227,1
18228,5
18229,5
18230,3
18231,6
18232,2
18233,9
18234,3
18235,0
18236,1
18237,7
18238,7
18239,9
18240,4
18241,5
18242,6
18243,7
18244,4
18245,7
18246,2
18247,3
18248,1
18249,3
18250,9
18251,5
18252,4
18253,6
18254,8
18255,6
18256,5
18257,7
18258,4
18259,0
18260,7
18261,7
18262,4
18263,5
18264,2
18265,6
18266,4
18267,7
18268,7
18269,1
18270,3
18271,9
18272,6
18273,2
18274,0
18275,2
18276,1
18277,5
18278,2
18279,5
18280,5
18281,8
18282,7
18283,4
18284,0
18285,7
18286,0
18287,7
18288,6
18289,3
18290,8
18291,9
18292,7
18293,4
18294,8
18295,3
18296,1
18297,7
18298,6
18299,9
18300,6
18301,0
18302,3
18303,7
18304,4
18305,7
18306,4
18307,8
18308,9
18309,9
18310,6
18311,4
18312,7
18313,2
18314,1
18315,3
18316,6
18317,9
18318,6
18319,4
18320,9
18321,9
18322,8
18323,7
18324,4
18325,0
18326,6
18327,2
18328,2
18329,0
18330,6
18331,8
18332,9
18333,2
18334,6
18335,3
18336,1
18337,6
18338,2
18339,0
18340,7
18341,5
18342,0
18343,8
18344,5
18345,4
18346,3
18347,0
18348,8
18349,5
18350,8
18351,0
18352,9
18353,4
18354,9
18355,4
18356,1
18357,8
18358,0
18359,1
18360,3
18361,1
18362,1
18363,3
18364,8
18365,7
18366,8
18367,1
18368,7
18369,4
18370,6
18371,2
18372,0
18373,4
18374,9
18375,5
18376,9
18377,6
18378,6
18379,9
18380,9
18381,1
18382,2
18383,3
18384,2
18385,4
18386,1
18387,8
18388,2
18389,8
18390,7
18391,7
18392,5
18393,0
18394,4
18395,7
18396,0
18397,1
18398,7
18399,3
18400,2
18401,1
18402,2
18403,4
18404,8
18405,3
18406,5
18407,9
18408,7
18409,4
18410,5
18411,5
18412,3
18413,9
18414,4
18415,3
18416,6
18417,0
18418,3
18419,0
18420,7
18421,3
18422,2
18423,9
18424,5
18425,4
18426,6
18427,2
18428,9
18429,2
18430,0
18431,0
18432,2
18433,1
18434,7
18435,9
18436,9
18437,5
18438,9
18439,5
18440,9
18441,9
18442,8
18443,8
18444,8
18445,0
18446,8
18447,4
18448,3
18449,1
18450,7
18451,8
18452,9
18453,0
18454,1
18455,7
18456,0
18457,1
18458,2
18459,5
18460,3
18461,3
18462,3
18463,9
18464,0
18465,0
18466,9
18467,5
18468,3
18469,5
18470,8
18471,7
18472,0
18473,2
18474,9
18475,6
18476,7
18477,9
18478,6
18479,3
18480,5
18481,6
18482,9
18483,5
18484,4
18485,3
18486,7
18487,6
18488,6
18489,8
18490,2
18491,3
18492,8
18493,3
18494,2
18495,4
18496,2
18497,9
18498,5
18499,6
18500,9
18501,1
18502,6
18503,7
18504,1
18505,2
18506,7
18507,0
18508,6
18509,5
18510,5
18511,0
18512,1
18513,4
18514,4
18515,6
18516,4
18517,3
18518,3
18519,3
18520,8
18521,5
18522,3
18523,2
18524,4
18525,3
18526,1
18527,4
18528,2
18529,1
18530,5
18531,5
18532,8
18533,0
18534,4
18535,2
18536,7
18537,2
18538,1
18539,9
18540,7
18541,0
18542,1
18543,2
18544,1
18545,0
18546,2
18547,8
18548,3
18549,6
18550,2
18551,5
18552,3
18553,9
18554,7
18555,4
18556,1
18557,8
18558,3
18559,1
18560,3
18561,5
18562,8
18563,2
18564,5
18565,8
18566,8
18567,2
18568,7
18569,1
18570,8
18571,5
18572,5
18573,2
18574,5
18575,7
18576,6
18577,3
18578,0
18579,0
18580,1
18581,3
18582,8
18583,8
18584,8
18585,6
18586,3
18587,0
18588,2
18589,7
18590,8
18591,1
18592,0
18593,0
18594,0
18595,8
18596,9
18597,5
18598,9
18599,6
18600,7
18601,6
18602,7
18603,8
18604,8
18605,0
18606,3
18607,4
18608,9
18609,1
18610,8
18611,2
18612,9
18613,4
18614,7
18615,1
18616,9
18617,3
18618,4
18619,0
18620,0
18621,4
18622,7
18623,7
18624,2
18625,1
18626,2
18627,0
18628,0
18629,4
18630,4
18631,1
18632,6
18633,8
18634,6
18635,9
18636,0
18637,3
18638,2
18639,4
18640,8
18641,1
18642,1
18643,3
18644,6
18645,3
18646,2
18647,9
18648,0
18649,8
18650,7
18651,2
18652,6
18653,7
18654,4
18655,1
18656,9
18657,7
18658,9
18659,6
18660,7
18661,7
18662,4
18663,0
18664,9
18665,7
18666,4
18667,0
18668,9
18669,1
18670,9
18671,4
18672,3
18673,8
18674,2
18675,3
18676,5
18677,1
18678,6
18679,5
18680,8
18681,1
18682,0
18683,9
18684,5
18685,1
18686,4
18687,7
18688,7
18689,5
18690,7
18691,1
18692,1
18693,2
18694,8
18695,6
18696,0
18697,0
18698,7
18699,1
18700,8
18701,1
18702,9
18703,3
18704,4
18705,5
18706,1
18707,6
18708,5
18709,7
18710,2
18711,8
18712,6
18713,3
18714,9
18715,4
18716,3
18717,5
18718,1
18719,7
18720,6
18721,1
18722,2
18723,1
18724,9
18725,4
18726,2
18727,8
18728,5
18729,0
18730,6
18731,6
18732,6
18733,2
18734,9
18735,9
18736,2
18737,5
18738,2
18739,0
18740,1
18741,5
18742,3
18743,8
18744,1
18745,1
18746,5
18747,2
18748,2
18749,4
18750,9
18751,6
18752,1
18753,4
18754,5
18755,2
18756,0
18757,2
18758,9
18759,8
18760,4
18761,5
18762,6
18763,6
18764,4
18765,7
18766,3
18767,6
18768,0
18769,3
18770,0
18771,2
18772,4
18773,6
18774,1
18775,3
18776,2
18777,9
18778,3
18779,9
18780,7
18781,9
18782,3
18783,7
18784,7
18785,2
18786,4
18787,2
18788,0
18789,3
18790,3
18791,5
18792,5
18793,2
18794,8
18795,4
18796,9
18797,5
18798,1
18799,3
18800,9
18801,7
18802,2
18803,0
18804,2
18805,9
18806,0
18807,5
18808,1
18809,9
18810,8
18811,1
18812,6
18813,3
18814,4
18815,3
18816,2
18817,3
18818,5
18819,2
18820,9
18821,9
18822,6
18823,0
18824,8
18825,8
18826,9
18827,0
18828,2
18829,7
18830,2
18831,3
18832,1
18833,9
18834,0
18835,5
18836,5
18837,0
18838,4
18839,1
18840,7
18841,4
18842,8
18843,1
18844,4
18845,3
18846,6
18847,0
18848,6
18849,3
18850,4
18851,9
18852,4
18853,5
18854,4
18855,3
18856,4
18857,4
18858,2
18859,4
18860,1
18861,8
18862,6
18863,8
18864,0
18865,2
18866,4
18867,4
18868,1
18869,1
18870,7
18871,4
18872,5
18873,4
18874,4
18875,8
18876,5
18877,2
18878,9
18879,6
18880,1
18881,4
18882,9
18883,0
18884,5
18885,0
18886,7
18887,8
18888,9
18889,7
18890,5
18891,7
18892,1
18893,0
18894,4
18895,2
18896,8
18897,8
18898,0
18899,8
18900,6
18901,5
18902,4
18903,1
18904,7
18905,1
18906,3
18907,5
18908,5
18909,9
18910,3
18911,1
18912,2
18913,1
18914,0
18915,4
18916,3
18917,9
18918,5
18919,6
18920,7
18921,2
18922,7
18923,8
18924,7
18925,1
18926,3
18927,9
18928,7
18929,0
18930,7
18931,6
18932,5
18933,3
18934,6
18935,3
18936,7
18937,2
18938,2
18939,3
18940,8
18941,0
18942,3
18943,4
18944,1
18945,0
18946,4
18947,1
18948,6
18949,3
18950,2
18951,0
18952,0
18953,3
18954,4
18955,7
18956,0
18957,3
18958,3
18959,4
18960,8
18961,7
18962,3
18963,3
18964,6
18965,1
18966,4
18967,6
18968,1
18969,8
18970,0
18971,6
18972,7
18973,1
18974,1
18975,9
18976,5
18977,7
18978,9
18979,7
18980,6
18981,0
18982,2
18983,2
18984,4
18985,7
18986,1
18987,2
18988,5
18989,4
18990,3
18991,4
18992,6
18993,5
18994,1
18995,3
18996,3
18997,2
18998,5
18999,9
19000,0
19001,1
19002,9
19003,2
19004,7
19005,7
19006,8
19007,6
19008,8
19009,5
19010,8
19011,2
19012,0
19013,4
19014,2
19015,9
19016,8
19017,9
19018,0
19019,0
19020,5
19021,5
19022,1
19023,0
19024,0
19025,0
19026,6
19027,2
19028,7
19029,1
19030,3
19031,7
19032,2
19033,3
19034,6
19035,3
19036,4
19037,3
19038,1
19039,4
19040,2
19041,2
19042,2
19043,1
19044,2
19045,5
19046,9
19047,4
19048,0
19049,5
19050,5
19051,7
19052,5
19053,9
19054,9
19055,5
19056,3
19057,2
19058,4
19059,6
19060,0
19061,0
19062,9
19063,2
19064,2
19065,9
19066,4
19067,2
19068,6
19069,4
19070,3
19071,8
19072,9
19073,1
19074,3
19075,7
19076,5
19077,1
19078,6
19079,2
19080,0
19081,1
19082,6
19083,1
19084,3
19085,0
19086,0
19087,4
19088,3
19089,6
19090,1
19091,2
19092,0
19093,7
19094,0
19095,6
19096,7
19097,4
19098,6
19099,5
19100,4
19101,5
19102,0
19103,5
19104,7
19105,4
19106,4
19107,8
19108,8
19109,7
19110,6
19111,6
19112,9
19113,2
19114,6
19115,0
19116,4
19117,6
19118,8
19119,5
19120,1
19121,0
19122,5
19123,2
19124,9
19125,8
19126,5
19127,1
19128,2
19129,7
19130,7
19131,9
19132,0
19133,0
19134,8
19135,2
19136,9
19137,0
19138,8
19139,0
19140,3
19141,7
19142,5
19143,8
19144,5
19145,9
19146,4
19147,4
19148,7
19149,2
19150,2
19151,1
19152,9
19153,5
19154,1
19155,1
19156,1
19157,9
19158,8
19159,6
19160,2
19161,8
19162,8
19163,6
19164,6
19165,2
19166,9
19167,8
19168,3
19169,5
19170,4
19171,8
19172,1
19173,0
19174,3
19175,5
19176,6
19177,9
19178,2
19179,2
19180,2
19181,3
19182,1
19183,6
19184,7
19185,2
19186,9
19187,3
19188,1
19189,2
19190,0
19191,0
19192,0
19193,0
19194,6
19195,6
19196,2
19197,7
19198,1
19199,0
19200,6
19201,8
19202,3
19203,4
19204,1
19205,8
19206,4
19207,1
19208,0
19209,6
19210,8
19211,4
19212,8
19213,3
19214,5
19215,6
19216,2
19217,2
19218,2
19219,3
19220,6
19221,0
19222,8
19223,9
19224,8
19225,3
19226,2
19227,6
19228,4
19229,1
19230,2
19231,5
19232,0
19233,5
19234,2
19235,8
19236,8
19237,3
19238,3
19239,7
19240,6
19241,3
19242,3
19243,0
19244,9
19245,4
19246,1
19247,6
19248,9
19249,7
19250,7
19251,7
19252,9
19253,4
19254,9
19255,1
19256,4
19257,4
19258,0
19259,3
19260,2
19261,0
19262,6
19263,3
19264,5
19265,9
19266,2
19267,3
19268,1
19269,2
19270,5
19271,1
19272,6
19273,4
19274,3
19275,5
19276,6
19277,7
19278,3
19279,9
19280,6
19281,5
19282,3
19283,7
19284,3
19285,7
19286,1
19287,5
19288,0
19289,6
19290,4
19291,2
19292,8
19293,7
19294,0
19295,1
19296,1
19297,1
19298,6
19299,8
19300,6
19301,1
19302,4
19303,1
19304,0
19305,1
19306,0
19307,4
19308,5
19309,9
19310,4
19311,5
19312,3
19313,8
19314,3
19315,4
19316,8
19317,0
19318,8
19319,6
19320,2
19321,2
19322,0
19323,7
19324,5
19325,6
19326,0
19327,2
19328,8
19329,6
19330,8
19331,1
19332,0
19333,4
19334,4
19335,3
19336,4
19337,5
19338,9
19339,9
19340,4
19341,4
19342,6
19343,3
19344,3
19345,3
19346,0
19347,5
19348,6
19349,0
19350,9
19351,1
19352,6
19353,4
19354,3
19355,9
19356,5
19357,7
19358,8
19359,7
19360,5
19361,3
19362,1
19363,6
19364,8
19365,1
19366,7
19367,0
19368,3
19369,0
19370,6
19371,2
19372,9
19373,8
19374,7
19375,7
19376,9
19377,9
19378,5
19379,6
19380,0
19381,7
19382,1
19383,2
19384,2
19385,7
19386,4
19387,2
19388,7
19389,8
19390,4
19391,3
19392,7
19393,6
19394,6
19395,0
19396,0
19397,6
19398,0
19399,1
19400,9
19401,7
19402,8
19403,1
19404,4
19405,7
19406,8
19407,8
19408,1
19409,5
19410,8
19411,9
19412,6
19413,6
19414,2
19415,9
19416,7
19417,1
19418,7
19419,4
19420,3
19421,4
19422,4
19423,1
19424,5
19425,7
19426,1
19427,8
19428,6
19429,4
19430,1
19431,3
19432,6
19433,1
19434,9
19435,6
19436,3
19437,3
19438,4
19439,2
19440,5
19441,3
19442,7
19443,1
19444,5
19445,9
19446,8
19447,0
19448,7
19449,2
19450,6
19451,1
19452,9
19453,3
19454,0
19455,9
19456,8
19457,7
19458,0
19459,7
19460,9
19461,1
19462,3
19463,5
19464,4
19465,0
19466,6
19467,7
19468,1
19469,1
19470,6
19471,7
19472,2
19473,6
19474,6
19475,4
19476,4
19477,0
19478,8
19479,2
19480,3
19481,5
19482,1
19483,9
19484,9
19485,6
19486,8
19487,5
19488,9
19489,0
19490,8
19491,3
19492,5
19493,9
19494,5
19495,8
19496,6
19497,1
19498,8
19499,4
19500,7
19501,6
19502,9
19503,5
19504,9
19505,5
19506,9
19507,8
19508,7
19509,6
19510,6
19511,8
19512,8
19513,4
19514,7
19515,5
19516,0
19517,0
19518,4
19519,5
19520,8
19521,0
19522,3
19523,6
19524,5
19525,1
19526,3
19527,0
19528,4
19529,5
19530,2
19531,3
19532,2
19533,2
19534,5
19535,8
19536,2
19537,5
19538,6
19539,2
19540,9
19541,9
19542,1
19543,1
19544,2
19545,4
19546,0
19547,7
19548,2
19549,4
19550,9
19551,6
19552,0
19553,3
19554,8
19555,0
19556,0
19557,4
19558,7
19559,5
19560,4
19561,2
19562,5
19563,9
19564,5
19565,2
19566,4
19567,9
19568,0
19569,8
19570,2
19571,9
19572,3
19573,3
19574,8
19575,3
19576,8
19577,8
19578,0
19579,4
19580,3
19581,0
19582,1
19583,2
19584,5
19585,0
19586,9
19587,3
19588,2
19589,7
19590,2
19591,6
19592,4
19593,5
19594,6
19595,7
19596,1
19597,6
19598,3
19599,1
19600,4
19601,9
19602,9
19603,1
19604,1
19605,6
19606,8
19607,0
19608,4
19609,1
19610,8
19611,4
19612,4
19613,3
19614,7
19615,6
19616,2
19617,5
19618,1
19619,2
19620,3
19621,3
19622,8
19623,8
19624,2
19625,7
19626,4
19627,5
19628,9
19629,3
19630,6
19631,0
19632,4
19633,0
19634,8
19635,4
19636,6
19637,1
19638,4
19639,4
19640,7
19641,1
19642,1
19643,8
19644,7
19645,8
19646,9
19647,9
19648,8
19649,7
19650,0
19651,2
19652,2
19653,8
19654,0
19655,4
19656,3
19657,0
19658,3
19659,7
19660,6
19661,6
19662,0
19663,1
19664,6
19665,7
19666,0
19667,4
19668,0
19669,5
19670,4
19671,0
19672,3
19673,6
19674,4
19675,1
19676,5
19677,0
19678,5
19679,6
19680,6
19681,9
19682,8
19683,0
19684,0
19685,9
19686,7
19687,4
19688,6
19689,7
19690,6
19691,0
19692,3
19693,8
19694,6
19695,6
19696,7
19697,7
19698,6
19699,2
19700,2
19701,5
19702,4
19703,2
19704,3
19705,2
19706,8
19707,1
19708,9
19709,8
19710,0
19711,9
19712,8
19713,5
19714,5
19715,4
19716,8
19717,6
19718,0
19719,8
19720,6
19721,3
19722,3
19723,4
19724,5
19725,8
19726,8
19727,0
19728,7
19729,6
19730,0
19731,9
19732,5
19733,8
19734,9
19735,4
19736,6
19737,8
19738,7
19739,1
19740,0
19741,9
19742,8
19743,3
19744,1
19745,6
19746,1
19747,4
19748,8
19749,3
19750,9
19751,8
19752,0
19753,3
19754,5
19755,5
19756,1
19757,1
19758,9
19759,1
19760,2
19761,4
19762,0
19763,0
19764,9
19765,1
19766,3
19767,9
19768,4
19769,8
19770,9
19771,0
19772,8
19773,5
19774,6
19775,4
19776,2
19777,3
19778,8
19779,0
19780,9
19781,6
19782,1
19783,1
19784,8
19785,4
19786,8
19787,1
19788,9
19789,8
19790,4
19791,8
19792,0
19793,9
19794,4
19795,4
19796,2
19797,4
19798,0
19799,3
19800,8
19801,5
19802,7
19803,6
19804,5
19805,3
19806,3
19807,5
19808,5
19809,5
19810,3
19811,8
19812,1
19813,7
19814,0
19815,7
19816,2
19817,2
19818,5
19819,2
19820,4
19821,3
19822,4
19823,3
19824,5
19825,6
19826,8
19827,5
19828,0
19829,4
19830,7
19831,9
19832,1
19833,4
19834,8
19835,0
19836,2
19837,2
19838,1
19839,2
19840,2
19841,9
19842,2
19843,5
19844,3
19845,4
19846,4
19847,4
19848,2
19849,7
19850,3
19851,1
19852,1
19853,9
19854,4
19855,1
19856,3
19857,6
19858,1
19859,6
19860,1
19861,3
19862,7
19863,8
19864,9
19865,3
19866,3
19867,7
19868,6
19869,3
19870,7
19871,8
19872,6
19873,9
19874,0
19875,8
19876,3
19877,3
19878,0
19879,8
19880,8
19881,7
19882,4
19883,8
19884,9
19885,5
19886,8
19887,8
19888,9
19889,0
19890,0
19891,3
19892,8
19893,0
19894,6
19895,3
19896,3
19897,9
19898,3
19899,9
19900,1
19901,8
19902,9
19903,3
19904,5
19905,1
19906,7
19907,7
19908,8
19909,3
19910,0
19911,4
19912,1
19913,8
19914,8
19915,6
19916,8
19917,4
19918,3
19919,7
19920,1
19921,7
19922,0
19923,4
19924,4
19925,6
19926,8
19927,9
19928,4
19929,5
19930,7
19931,8
19932,2
19933,5
19934,1
19935,2
19936,8
19937,0
19938,4
19939,1
19940,5
19941,8
19942,2
19943,6
19944,6
19945,2
19946,1
19947,3
19948,1
19949,6
19950,3
19951,4
19952,7
19953,8
19954,6
19955,7
19956,0
19957,0
19958,3
19959,3
19960,9
19961,9
19962,7
19963,7
19964,4
19965,3
19966,7
19967,2
19968,1
19969,1
19970,3
19971,2
19972,6
19973,4
19974,9
19975,7
19976,3
19977,8
19978,0
19979,0
19980,8
19981,8
19982,4
19983,9
19984,7
19985,9
19986,4
19987,5
19988,2
19989,2
19990,9
19991,7
19992,9
19993,1
19994,8
19995,1
19996,6
19997,6
19998,6
19999,5
20000,1
20001,9
20002,1
20003,2
20004,1
20005,4
20006,1
20007,0
20008,3
20009,9
20010,0
20011,6
20012,1
20013,5
20014,3
20015,0
20016,7
20017,6
20018,8
20019,2
20020,2
20021,1
20022,2
20023,0
20024,8
20025,6
20026,3
20027,5
20028,3
20029,1
20030,4
20031,2
20032,1
20033,3
20034,8
20035,8
20036,5
20037,9
20038,4
20039,3
20040,6
20041,2
20042,4
20043,7
20044,9
20045,7
20046,7
20047,6
20048,3
20049,5
20050,3
20051,0
20052,9
20053,6
20054,2
20055,7
20056,1
20057,2
20058,2
20059,4
20060,2
20061,7
20062,5
20063,5
20064,2
20065,5
20066,0
20067,7
20068,6
20069,3
20070,4
20071,5
20072,8
20073,3
20074,4
20075,5
20076,7
20077,7
20078,6
20079,6
20080,1
20081,6
20082,4
20083,8
20084,5
20085,1
20086,7
20087,0
20088,3
20089,4
20090,9
20091,3
20092,5
20093,6
20094,1
20095,6
20096,0
20097,4
20098,2
20099,0
20100,6
20101,2
20102,0
20103,6
20104,2
20105,1
20106,4
20107,0
20108,4
20109,8
20110,2
20111,0
20112,8
20113,7
20114,0
20115,0
20116,4
20117,2
20118,7
20119,2
20120,0
20121,9
20122,5
20123,8
20124,9
20125,4
20126,3
20127,4
20128,7
20129,7
20130,4
20131,6
20132,9
20133,5
20134,9
20135,9
20136,9
20137,0
20138,8
20139,9
20140,5
20141,1
20142,0
20143,1
20144,9
20145,9
20146,0
20147,8
20148,2
20149,2
20150,4
20151,7
20152,7
20153,1
20154,5
20155,1
20156,6
20157,9
20158,8
20159,2
20160,5
20161,9
20162,6
20163,5
20164,1
20165,0
20166,0
20167,4
20168,9
20169,5
20170,0
20171,1
20172,7
20173,3
20174,9
20175,1
20176,8
20177,5
20178,2
20179,2
20180,0
20181,2
20182,6
20183,7
20184,4
20185,9
20186,4
20187,6
20188,7
20189,7
20190,1
20191,2
20192,7
20193,8
20194,0
20195,6
20196,7
20197,2
20198,5
20199,7
20200,9
20201,8
20202,1
20203,5
20204,0
20205,3
20206,4
20207,3
20208,1
20209,4
20210,9
20211,1
20212,0
20213,4
20214,9
20215,3
20216,6
20217,1
20218,1
20219,4
20220,4
20221,1
20222,6
20223,6
20224,0
20225,1
20226,2
20227,4
20228,1
20229,5
20230,2
20231,4
20232,2
20233,6
20234,7
20235,5
20236,8
20237,5
20238,2
20239,5
20240,7
20241,9
20242,6
20243,0
20244,0
20245,1
20246,8
20247,9
20248,6
20249,8
20250,2
20251,8
20252,2
20253,8
20254,5
20255,5
20256,5
20257,8
20258,2
20259,9
20260,1
20261,3
20262,5
20263,7
20264,6
20265,8
20266,8
20267,3
20268,1
20269,4
20270,5
20271,6
20272,8
20273,0
20274,1
20275,1
20276,0
20277,2
20278,1
20279,1
20280,5
20281,0
20282,3
20283,8
20284,7
20285,9
20286,8
20287,1
20288,6
20289,6
20290,1
20291,2
20292,7
20293,6
20294,2
20295,3
20296,2
20297,8
20298,6
20299,4
20300,2
20301,8
20302,4
20303,8
20304,3
20305,6
20306,6
20307,5
20308,4
20309,4
20310,9
20311,1
20312,3
20313,6
20314,8
20315,1
20316,7
20317,9
20318,7
20319,2
20320,7
20321,8
20322,3
20323,9
20324,7
20325,6
20326,6
20327,0
20328,4
20329,4
20330,7
20331,6
20332,8
20333,4
20334,9
20335,2
20336,3
20337,7
20338,4
20339,7
20340,1
20341,3
20342,7
20343,0
20344,2
20345,4
20346,7
20347,2
20348,7
20349,7
20350,6
20351,4
20352,0
20353,7
20354,2
20355,6
20356,7
20357,6
20358,1
20359,2
20360,9
20361,9
20362,5
20363,3
20364,8
20365,5
20366,7
20367,9
20368,7
20369,1
20370,9
20371,5
20372,5
20373,6
20374,3
20375,2
20376,2
20377,7
20378,6
20379,0
20380,4
20381,4
20382,8
20383,6
20384,6
20385,1
20386,8
20387,3
20388,9
20389,0
20390,5
20391,8
20392,7
20393,6
20394,1
20395,0
20396,5
20397,5
20398,1
20399,6
20400,9
20401,6
20402,9
20403,5
20404,3
20405,0
20406,6
20407,5
20408,1
20409,5
20410,8
20411,7
20412,5
20413,4
20414,0
20415,1
20416,1
20417,7
20418,4
20419,4
20420,6
20421,1
20422,3
20423,2
20424,8
20425,6
20426,9
20427,1
20428,8
20429,7
20430,8
20431,3
20432,1
20433,4
20434,3
20435,6
20436,6
20437,2
20438,5
20439,2
20440,2
20441,0
20442,8
20443,6
20444,9
20445,0
20446,1
20447,2
20448,1
20449,5
20450,1
20451,3
20452,4
20453,9
20454,3
20455,0
20456,9
20457,7
20458,8
20459,8
20460,8
20461,2
20462,4
20463,5
20464,2
20465,2
20466,1
20467,8
20468,1
20469,7
20470,7
20471,5
20472,6
20473,0
20474,6
20475,0
20476,2
20477,0
20478,9
20479,4
20480,3
20481,2
20482,3
20483,5
20484,0
20485,0
20486,0
20487,0
20488,4
20489,8
20490,8
20491,4
20492,7
20493,7
20494,5
20495,1
20496,6
20497,9
20498,6
20499,8
20500,8
20501,3
20502,9
20503,2
20504,9
20505,9
20506,8
20507,5
20508,8
20509,1
20510,7
20511,4
20512,8
20513,7
20514,7
20515,6
20516,6
20517,7
20518,3
20519,3
20520,0
20521,5
20522,9
20523,3
20524,2
20525,2
20526,4
20527,0
20528,5
20529,1
20530,1
20531,7
20532,1
20533,2
20534,2
20535,5
20536,2
20537,1
20538,5
20539,7
20540,1
20541,6
20542,2
20543,6
20544,7
20545,5
20546,3
20547,2
20548,4
20549,8
20550,4
20551,8
20552,0
20553,6
20554,3
20555,3
20556,7
20557,6
20558,8
20559,4
20560,9
20561,3
20562,5
20563,6
20564,0
20565,5
20566,0
20567,3
20568,7
20569,1
20570,0
20571,9
20572,2
20573,7
20574,8
20575,9
20576,4
20577,0
20578,2
20579,3
20580,5
20581,0
20582,5
20583,5
20584,3
20585,1
20586,5
20587,6
20588,0
20589,1
20590,8
20591,9
20592,4
20593,4
20594,1
20595,8
20596,6
20597,6
20598,6
20599,0
20600,8
20601,7
20602,3
20603,3
20604,8
20605,9
20606,6
20607,5
20608,7
20609,7
20610,6
20611,8
20612,2
20613,1
20614,7
20615,7
20616,8
20617,0
20618,3
20619,4
20620,1
20621,1
20622,0
20623,2
20624,9
20625,9
20626,0
20627,9
20628,1
20629,9
20630,8
20631,6
20632,2
20633,0
20634,0
20635,4
20636,4
20637,5
20638,3
20639,3
20640,7
20641,9
20642,8
20643,0
20644,6
20645,0
20646,8
20647,2
20648,3
20649,9
20650,7
20651,6
20652,7
20653,2
20654,7
20655,6
20656,8
20657,1
20658,0
20659,5
20660,9
20661,8
20662,7
20663,7
20664,0
20665,4
20666,0
20667,5
20668,8
20669,9
20670,7
20671,8
20672,2
20673,7
20674,6
20675,8
20676,1
20677,9
20678,9
20679,3
20680,3
20681,2
20682,3
20683,9
20684,5
20685,0
20686,1
20687,8
20688,4
20689,2
20690,3
20691,6
20692,8
20693,5
20694,7
20695,7
20696,1
20697,8
20698,3
20699,7
20700,9
20701,4
20702,0
20703,2
20704,7
20705,8
20706,7
20707,0
20708,5
20709,4
20710,9
20711,7
20712,9
20713,2
20714,1
20715,9
20716,2
20717,7
20718,7
20719,7
20720,1
20721,5
20722,6
20723,5
20724,8
20725,8
20726,8
20727,7
20728,1
20729,4
20730,3
20731,1
20732,7
20733,6
20734,0
20735,2
20736,8
20737,8
20738,7
20739,7
20740,4
20741,1
20742,0
20743,1
20744,5
20745,0
20746,1
20747,3
20748,7
20749,7
20750,1
20751,1
20752,8
20753,0
20754,8
20755,8
20756,7
20757,2
20758,4
20759,6
20760,8
20761,2
20762,9
20763,4
20764,6
20765,5
20766,6
20767,7
20768,5
20769,2
20770,3
20771,9
20772,8
20773,0
20774,3
20775,1
20776,3
20777,4
20778,7
20779,9
20780,9
20781,1
20782,5
20783,3
20784,7
20785,0
20786,1
20787,6
20788,9
20789,2
20790,5
20791,5
20792,6
20793,0
20794,7
20795,1
20796,3
20797,0
20798,5
20799,5
20800,4
20801,2
20802,7
20803,1
20804,8
20805,0
20806,0
20807,6
20808,1
20809,5
20810,8
20811,9
20812,9
20813,7
20814,6
20815,7
20816,9
20817,0
20818,7
20819,1
20820,6
20821,8
20822,7
20823,1
20824,1
20825,1
20826,0
20827,4
20828,7
20829,2
20830,5
20831,2
20832,3
20833,2
20834,0
20835,3
20836,0
20837,5
20838,6
20839,0
20840,1
20841,4
20842,6
20843,1
20844,7
20845,2
20846,3
20847,8
20848,5
20849,5
20850,7
20851,4
20852,0
20853,8
20854,3
20855,8
20856,2
20857,7
20858,0
20859,2
20860,2
20861,3
20862,1
20863,5
20864,6
20865,7
20866,3
20867,3
20868,5
20869,6
20870,4
20871,0
20872,0
20873,4
20874,4
20875,3
20876,3
20877,3
20878,5
20879,7
20880,6
20881,5
20882,2
20883,7
20884,3
20885,0
20886,1
20887,8
20888,2
20889,4
20890,3
20891,5
20892,6
20893,9
20894,4
20895,8
20896,7
20897,0
20898,7
20899,5
20900,6
20901,0
20902,0
20903,4
20904,5
20905,0
20906,1
20907,3
20908,4
20909,3
20910,8
20911,3
20912,4
20913,9
20914,3
20915,1
20916,7
20917,2
20918,6
20919,0
20920,6
20921,0
20922,3
20923,2
20924,8
20925,8
20926,9
20927,3
20928,4
20929,1
20930,5
20931,7
20932,9
20933,2
20934,2
20935,2
20936,1
20937,1
20938,0
20939,0
20940,6
20941,2
20942,0
20943,6
20944,9
20945,8
20946,2
20947,2
20948,0
20949,2
20950,8
20951,8
20952,1
20953,8
20954,2
20955,8
20956,9
20957,3
20958,5
20959,2
20960,9
20961,5
20962,6
20963,4
20964,1
20965,6
20966,0
20967,8
20968,1
20969,6
20970,9
20971,2
20972,7
20973,3
20974,8
20975,2
20976,0
20977,5
20978,5
20979,5
20980,5
20981,0
20982,7
20983,0
20984,4
20985,4
20986,5
20987,7
20988,7
20989,8
20990,7
20991,0
20992,6
20993,2
20994,8
20995,5
20996,1
20997,5
20998,9
20999,2
21000,8
21001,5
21002,4
21003,5
21004,6
21005,2
21006,3
21007,2
21008,7
21009,0
21010,6
21011,7
21012,9
21013,7
21014,8
21015,2
21016,2
21017,8
21018,3
21019,1
21020,3
21021,9
21022,8
21023,8
21024,8
21025,2
21026,0
21027,1
21028,5
21029,5
21030,1
21031,6
21032,2
21033,2
21034,7
21035,1
21036,1
21037,1
21038,2
21039,1
21040,7
21041,4
21042,6
21043,1
21044,1
21045,9
21046,6
21047,4
21048,6
21049,8
21050,0
21051,2
21052,1
21053,4
21054,1
21055,4
21056,3
21057,2
21058,2
21059,3
21060,8
21061,4
21062,4
21063,7
21064,0
21065,0
21066,2
21067,3
21068,6
21069,2
21070,6
21071,6
21072,2
21073,2
21074,6
21075,2
21076,2
21077,7
21078,4
21079,6
21080,5
21081,8
21082,9
21083,9
21084,5
21085,6
21086,3
21087,0
21088,8
21089,0
21090,7
21091,2
21092,8
21093,8
21094,7
21095,1
21096,1
21097,8
21098,6
21099,0
21100,0
21101,6
21102,0
21103,4
21104,5
21105,1
21106,7
21107,3
21108,4
21109,4
21110,6
21111,0
21112,4
21113,8
21114,8
21115,8
21116,4
21117,9
21118,3
21119,7
21120,0
21121,8
21122,6
21123,0
21124,4
21125,6
21126,3
21127,7
21128,4
21129,4
21130,2
21131,7
21132,4
21133,6
21134,4
21135,5
21136,4
21137,2
21138,3
21139,4
21140,4
21141,4
21142,8
21143,1
21144,8
21145,1
21146,8
21147,1
21148,2
21149,9
21150,2
21151,7
21152,9
21153,7
21154,5
21155,2
21156,0
21157,6
21158,6
21159,9
21160,4
21161,9
21162,9
21163,3
21164,3
21165,5
21166,3
21167,3
21168,4
21169,5
21170,4
21171,4
21172,8
21173,2
21174,8
21175,9
21176,7
21177,5
21178,5
21179,9
21180,0
21181,1
21182,9
21183,7
21184,0
21185,9
21186,2
21187,2
21188,5
21189,1
21190,3
21191,4
21192,8
21193,7
21194,0
21195,4
21196,7
21197,5
21198,2
21199,6
21200,6
21201,8
21202,9
21203,4
21204,2
21205,9
21206,3
21207,0
21208,8
21209,7
21210,3
21211,4
21212,5
21213,5
21214,6
21215,6
21216,6
21217,5
21218,4
21219,9
21220,5
21221,2
21222,9
21223,4
21224,4
21225,7
21226,4
21227,8
21228,3
21229,8
21230,5
21231,6
21232,9
21233,5
21234,0
21235,7
21236,4
21237,1
21238,8
21239,8
21240,6
21241,7
21242,7
21243,1
21244,3
21245,8
21246,9
21247,4
21248,5
21249,1
21250,6
21251,6
21252,7
21253,7
21254,4
21255,9
21256,0
21257,1
21258,8
21259,6
21260,4
21261,2
21262,3
21263,2
21264,5
21265,7
21266,1
21267,3
21268,7
21269,0
21270,6
21271,4
21272,8
21273,6
21274,0
21275,0
21276,6
21277,4
21278,3
21279,3
21280,4
21281,1
21282,3
21283,3
21284,5
21285,2
21286,1
21287,3
21288,4
21289,5
21290,5
21291,6
21292,1
21293,6
21294,7
21295,7
21296,4
21297,7
21298,7
21299,7
21300,4
21301,8
21302,1
21303,5
21304,8
21305,0
21306,2
21307,6
21308,2
21309,8
21310,1
21311,7
21312,8
21313,2
21314,7
21315,3
21316,3
21317,1
21318,8
21319,6
21320,9
21321,6
21322,3
21323,4
21324,9
21325,4
21326,1
21327,4
21328,7
21329,6
21330,7
21331,8
21332,7
21333,9
21334,4
21335,5
21336,1
21337,9
21338,2
21339,7
21340,5
21341,5
21342,2
21343,8
21344,0
21345,5
21346,8
21347,1
21348,2
21349,7
21350,3
21351,7
21352,4
21353,1
21354,9
21355,5
21356,7
21357,6
21358,5
21359,0
21360,7
21361,6
21362,6
21363,2
21364,5
21365,1
21366,2
21367,1
21368,8
21369,4
21370,3
21371,2
21372,6
21373,1
21374,6
21375,2
21376,9
21377,1
21378,2
21379,5
21380,0
21381,3
21382,0
21383,2
21384,3
21385,6
21386,3
21387,0
21388,8
21389,0
21390,0
21391,7
21392,7
21393,9
21394,5
21395,4
21396,1
21397,4
21398,7
21399,0
21400,2
21401,0
21402,6
21403,7
21404,0
21405,4
21406,1
21407,3
21408,2
21409,4
21410,8
21411,2
21412,8
21413,8
21414,8
21415,1
21416,5
21417,5
21418,0
21419,4
21420,0
21421,8
21422,2
21423,1
21424,1
21425,0
21426,3
21427,2
21428,8
21429,5
21430,8
21431,0
21432,1
21433,2
21434,2
21435,2
21436,1
21437,0
21438,4
21439,8
21440,1
21441,0
21442,4
21443,0
21444,3
21445,4
21446,3
21447,8
21448,8
21449,2
21450,2
21451,2
21452,7
21453,6
21454,0
21455,4
21456,8
21457,3
21458,1
21459,2
21460,3
21461,6
21462,1
21463,7
21464,6
21465,5
21466,3
21467,3
21468,1
21469,5
21470,9
21471,7
21472,1
21473,0
21474,6
21475,7
21476,2
21477,2
21478,8
21479,4
21480,6
21481,0
21482,2
21483,2
21484,5
21485,6
21486,6
21487,6
21488,5
21489,2
21490,1
21491,0
21492,8
21493,7
21494,0
21495,2
21496,9
21497,4
21498,9
21499,9
21500,3
21501,3
21502,3
21503,9
21504,0
21505,0
21506,4
21507,4
21508,6
21509,2
21510,6
21511,1
21512,6
21513,4
21514,8
21515,1
21516,5
21517,1
21518,4
21519,3
21520,3
21521,0
21522,8
21523,9
21524,9
21525,3
21526,1
21527,1
21528,4
21529,6
21530,9
21531,3
21532,8
21533,3
21534,3
21535,2
21536,2
21537,8
21538,6
21539,4
21540,0
21541,7
21542,6
21543,5
21544,3
21545,5
21546,5
21547,0
21548,0
21549,5
21550,0
21551,5
21552,1
21553,3
21554,1
21555,5
21556,3
21557,7
21558,1
21559,1
21560,8
21561,6
21562,4
21563,6
21564,1
21565,4
21566,2
21567,2
21568,2
21569,9
21570,5
21571,7
21572,7
21573,6
21574,1
21575,1
21576,4
21577,7
21578,5
21579,5
21580,6
21581,4
21582,5
21583,7
21584,7
21585,8
21586,5
21587,0
21588,8
21589,3
21590,9
21591,9
21592,0
21593,2
21594,9
21595,4
21596,2
21597,8
21598,5
21599,4
21600,5
21601,2
21602,1
21603,6
21604,4
21605,2
21606,5
21607,8
21608,9
21609,0
21610,6
21611,4
21612,8
21613,6
21614,6
21615,8
21616,7
21617,5
21618,4
21619,9
21620,3
21621,3
21622,3
21623,2
21624,1
21625,3
21626,2
21627,6
21628,5
21629,6
21630,7
21631,7
21632,2
21633,6
21634,0
21635,8
21636,3
21637,2
21638,6
21639,3
21640,3
21641,6
21642,4
21643,1
21644,0
21645,8
21646,9
21647,3
21648,0
21649,2
21650,8
21651,7
21652,0
21653,6
21654,8
21655,7
21656,3
21657,9
21658,7
21659,6
21660,9
21661,9
21662,8
21663,0
21664,3
21665,1
21666,9
21667,5
21668,9
21669,0
21670,2
21671,0
21672,9
21673,2
21674,5
21675,4
21676,9
21677,5
21678,5
21679,4
21680,8
21681,1
21682,0
21683,6
21684,3
21685,3
21686,9
21687,2
21688,0
21689,1
21690,1
21691,9
21692,0
21693,9
21694,1
21695,6
21696,1
21697,6
21698,2
21699,9
21700,2
21701,0
21702,6
21703,5
21704,9
21705,3
21706,2
21707,6
21708,0
21709,1
21710,9
21711,9
21712,0
21713,1
21714,1
21715,1
21716,6
21717,6
21718,2
21719,6
21720,6
21721,8
21722,3
21723,8
21724,4
21725,1
21726,2
21727,8
21728,9
21729,7
21730,5
21731,0
21732,3
21733,6
21734,2
21735,2
21736,7
21737,1
21738,9
21739,5
21740,4
21741,1
21742,8
21743,6
21744,7
21745,8
21746,5
21747,1
21748,3
21749,5
21750,4
21751,0
21752,2
21753,9
21754,4
21755,5
21756,4
21757,8
21758,1
21759,0
21760,2
21761,5
21762,6
21763,0
21764,3
21765,6
21766,1
21767,2
21768,7
21769,9
21770,2
21771,8
21772,6
21773,1
21774,1
21775,3
21776,6
21777,0
21778,3
21779,3
21780,9
21781,5
21782,2
21783,8
21784,5
21785,0
21786,8
21787,7
21788,4
21789,7
21790,0
21791,8
21792,7
21793,4
21794,4
21795,1
21796,6
21797,1
21798,0
21799,4
21800,9
21801,3
21802,9
21803,2
21804,1
21805,7
21806,6
21807,9
21808,2
21809,7
21810,9
21811,9
21812,2
21813,3
21814,7
21815,0
21816,8
21817,0
21818,6
21819,3
21820,9
21821,2
21822,8
21823,9
21824,3
21825,0
21826,5
21827,4
21828,2
21829,5
21830,4
21831,4
21832,9
21833,8
21834,3
21835,3
21836,7
21837,3
21838,5
21839,9
21840,3
21841,3
21842,0
21843,8
21844,4
21845,9
21846,8
21847,0
21848,8
21849,7
21850,5
21851,3
21852,2
21853,4
21854,9
21855,2
21856,9
21857,4
21858,0
21859,0
21860,9
21861,8
21862,4
21863,8
21864,7
21865,1
21866,2
21867,6
21868,6
21869,3
21870,9
21871,0
21872,8
21873,8
21874,9
21875,0
21876,0
21877,5
21878,6
21879,6
21880,2
21881,4
21882,7
21883,8
21884,3
21885,9
21886,1
21887,2
21888,5
21889,3
21890,6
21891,7
21892,2
21893,4
21894,2
21895,0
21896,9
21897,4
21898,9
21899,6
21900,9
21901,6
21902,3
21903,1
21904,5
21905,2
21906,0
21907,6
21908,1
21909,7
21910,2
21911,9
21912,0
21913,0
21914,4
21915,4
21916,3
21917,2
21918,8
21919,9
21920,0
21921,7
21922,8
21923,6
21924,2
21925,8
21926,4
21927,8
21928,5
21929,4
21930,1
21931,2
21932,3
21933,8
21934,3
21935,4
21936,5
21937,3
21938,8
21939,0
21940,9
21941,1
21942,5
21943,2
21944,0
21945,3
21946,7
21947,8
21948,4
21949,8
21950,5
21951,8
21952,6
21953,8
21954,5
21955,4
21956,8
21957,8
21958,1
21959,2
21960,9
21961,7
21962,0
21963,2
21964,2
21965,4
21966,1
21967,1
21968,6
21969,3
21970,9
21971,9
21972,6
21973,5
21974,4
21975,1
21976,3
21977,9
21978,9
21979,8
21980,7
21981,5
21982,6
21983,8
21984,8
21985,8
21986,8
21987,6
21988,5
21989,7
21990,9
21991,8
21992,8
21993,2
21994,3
21995,2
21996,7
21997,7
21998,4
21999,9
22000,9
22001,5
22002,1
22003,4
22004,0
22005,1
22006,6
22007,4
22008,8
22009,2
22010,5
22011,5
22012,6
22013,5
22014,8
22015,3
22016,0
22017,4
22018,1
22019,5
22020,2
22021,6
22022,2
22023,9
22024,2
22025,6
22026,6
22027,2
22028,4
22029,9
22030,0
22031,2
22032,1
22033,8
22034,4
22035,0
22036,9
22037,8
22038,0
22039,8
22040,6
22041,2
22042,0
22043,3
22044,8
22045,0
22046,5
22047,0
22048,2
22049,2
22050,8
22051,1
22052,8
22053,6
22054,3
22055,6
22056,3
22057,7
22058,0
22059,7
22060,1
22061,8
22062,0
22063,1
22064,4
22065,0
22066,0
22067,3
22068,9
22069,6
22070,4
22071,5
22072,5
22073,3
22074,9
22075,3
22076,8
22077,1
22078,0
22079,7
22080,5
22081,7
22082,6
22083,9
22084,6
22085,1
22086,1
22087,1
22088,1
22089,6
22090,5
22091,0
22092,7
22093,8
22094,9
22095,0
22096,1
22097,0
22098,7
22099,9
22100,5
22101,7
22102,5
22103,0
22104,9
22105,2
22106,8
22107,5
22108,5
22109,3
22110,1
22111,2
22112,4
22113,6
22114,2
22115,4
22116,8
22117,3
22118,0
22119,7
22120,2
22121,7
22122,0
22123,2
22124,8
22125,5
22126,2
22127,2
22128,4
22129,9
22130,3
22131,8
22132,6
22133,2
22134,6
22135,4
22136,8
22137,9
22138,3
22139,1
22140,1
22141,4
22142,4
22143,8
22144,7
22145,6
22146,7
22147,8
22148,2
22149,6
22150,0
22151,9
22152,1
22153,1
22154,7
22155,6
22156,3
22157,3
22158,9
22159,1
22160,7
22161,8
22162,5
22163,1
22164,7
22165,5
22166,3
22167,7
22168,5
22169,5
22170,6
22171,0
22172,2
22173,9
22174,9
22175,1
22176,6
22177,7
22178,2
22179,4
22180,3
22181,1
22182,0
22183,9
22184,9
22185,8
22186,5
22187,3
22188,5
22189,5
22190,2
22191,8
22192,3
22193,4
22194,9
22195,0
22196,9
22197,5
22198,9
22199,7
22200,4
22201,5
22202,2
22203,9
22204,5
22205,3
22206,8
22207,9
22208,3
22209,6
22210,1
22211,6
22212,0
22213,9
22214,1
22215,2
22216,0
22217,2
22218,6
22219,3
22220,8
22221,2
22222,7
22223,0
22224,9
22225,0
22226,8
22227,6
22228,2
22229,7
22230,2
22231,9
22232,8
22233,0
22234,0
22235,2
22236,5
22237,5
22238,1
22239,9
22240,2
22241,1
22242,3
22243,2
22244,5
22245,4
22246,0
22247,9
22248,9
22249,7
22250,9
22251,3
22252,5
22253,4
22254,0
22255,0
22256,2
22257,9
22258,9
22259,5
22260,2
22261,6
22262,1
22263,7
22264,3
22265,0
22266,7
22267,0
22268,2
22269,9
22270,8
22271,0
22272,3
22273,8
22274,8
22275,6
22276,5
22277,8
22278,4
22279,0
22280,2
22281,3
22282,3
22283,5
22284,7
22285,6
22286,9
22287,9
22288,7
22289,4
22290,2
22291,7
22292,9
22293,7
22294,3
22295,4
22296,2
22297,9
22298,5
22299,7
22300,3
22301,7
22302,0
22303,0
22304,8
22305,0
22306,9
22307,3
22308,5
22309,5
22310,7
22311,1
22312,2
22313,3
22314,4
22315,8
22316,2
22317,1
22318,1
22319,1
22320,2
22321,5
22322,9
22323,2
22324,1
22325,1
22326,1
22327,0
22328,0
22329,7
22330,6
22331,7
22332,0
22333,6
22334,0
22335,2
22336,0
22337,8
22338,2
22339,9
22340,1
22341,0
22342,8
22343,2
22344,9
22345,7
22346,8
22347,9
22348,3
22349,1
22350,2
22351,7
22352,1
22353,7
22354,8
22355,6
22356,4
22357,0
22358,9
22359,7
22360,6
22361,8
22362,8
22363,7
22364,6
22365,1
22366,2
22367,7
22368,4
22369,5
22370,6
22371,7
22372,8
22373,4
22374,2
22375,6
22376,0
22377,4
22378,3
22379,6
22380,7
22381,7
22382,5
22383,4
22384,4
22385,0
22386,5
22387,3
22388,6
22389,9
22390,7
22391,6
22392,9
22393,6
22394,7
22395,8
22396,4
22397,4
22398,2
22399,2
22400,6
22401,5
22402,3
22403,6
22404,0
22405,2
22406,8
22407,4
22408,6
22409,3
22410,9
22411,4
22412,2
22413,9
22414,3
22415,9
22416,0
22417,0
22418,7
22419,3
22420,6
22421,8
22422,5
22423,0
22424,0
22425,8
22426,2
22427,9
22428,7
22429,0
22430,5
22431,2
22432,4
22433,3
22434,1
22435,9
22436,8
22437,6
22438,7
22439,2
22440,8
22441,8
22442,4
22443,9
22444,2
22445,1
22446,3
22447,3
22448,3
22449,1
22450,6
22451,8
22452,8
22453,3
22454,1
22455,6
22456,4
22457,3
22458,4
22459,1
22460,1
22461,5
22462,8
22463,3
22464,7
22465,5
22466,9
22467,4
22468,2
22469,2
22470,5
22471,1
22472,1
22473,3
22474,2
22475,2
22476,6
22477,8
22478,8
22479,8
22480,6
22481,4
22482,1
22483,4
22484,8
22485,6
22486,3
22487,0
22488,9
22489,0
22490,3
22491,9
22492,5
22493,9
22494,8
22495,1
22496,0
22497,6
22498,5
22499,3
22500,3
22501,8
22502,3
22503,7
22504,0
22505,1
22506,8
22507,3
22508,7
22509,9
22510,7
22511,0
22512,3
22513,3
22514,9
22515,4
22516,1
22517,0
22518,6
22519,3
22520,4
22521,4
22522,7
22523,5
22524,0
22525,7
22526,5
22527,7
22528,7
22529,2
22530,5
22531,2
22532,4
22533,0
22534,3
22535,6
22536,3
22537,4
22538,4
22539,6
22540,5
22541,9
22542,2
22543,5
22544,8
22545,4
22546,6
22547,6
22548,2
22549,2
22550,6
22551,3
22552,8
22553,8
22554,6
22555,2
22556,9
22557,6
22558,8
22559,3
22560,1
22561,2
22562,8
22563,7
22564,0
22565,5
22566,5
22567,4
22568,0
22569,7
22570,0
22571,3
22572,1
22573,3
22574,1
22575,8
22576,0
22577,9
22578,6
22579,8
22580,1
22581,2
22582,1
22583,4
22584,1
22585,7
22586,7
22587,7
22588,2
22589,7
22590,4
22591,7
22592,2
22593,6
22594,0
22595,7
22596,0
22597,2
22598,6
22599,5
22600,7
22601,4
22602,1
22603,6
22604,8
22605,5
22606,8
22607,5
22608,7
22609,6
22610,8
22611,5
22612,6
22613,2
22614,4
22615,9
22616,0
22617,2
22618,8
22619,8
22620,8
22621,3
22622,6
22623,7
22624,8
22625,0
22626,7
22627,1
22628,1
22629,4
22630,6
22631,4
22632,3
22633,1
22634,5
22635,2
22636,9
22637,8
22638,1
22639,6
22640,2
22641,4
22642,7
22643,4
22644,8
22645,8
22646,4
22647,3
22648,7
22649,1
22650,3
22651,9
22652,7
22653,1
22654,1
22655,7
22656,1
22657,1
22658,5
22659,6
22660,5
22661,8
22662,5
22663,1
22664,9
22665,9
22666,0
22667,5
22668,5
22669,5
22670,5
22671,4
22672,2
22673,9
22674,5
22675,0
22676,4
22677,3
22678,6
22679,6
22680,3
22681,4
22682,5
22683,0
22684,8
22685,2
22686,4
22687,4
22688,8
22689,2
22690,2
22691,3
22692,4
22693,0
22694,8
22695,8
22696,7
22697,6
22698,3
22699,1
22700,3
22701,1
22702,6
22703,3
22704,2
22705,2
22706,5
22707,7
22708,7
22709,2
22710,5
22711,8
22712,3
22713,0
22714,3
22715,6
22716,9
22717,4
22718,1
22719,4
22720,2
22721,8
22722,7
22723,6
22724,9
22725,6
22726,0
22727,5
22728,3
22729,9
22730,6
22731,0
22732,7
22733,2
22734,5
22735,0
22736,8
22737,3
22738,1
22739,7
22740,6
22741,0
22742,5
22743,2
22744,5
22745,2
22746,6
22747,0
22748,4
22749,3
22750,8
22751,9
22752,0
22753,4
22754,5
22755,1
22756,4
22757,9
22758,6
22759,5
22760,0
22761,1
22762,7
22763,2
22764,1
22765,9
22766,2
22767,3
22768,0
22769,6
22770,2
22771,5
22772,9
22773,0
22774,1
22775,3
22776,3
22777,8
22778,0
22779,2
22780,3
22781,5
22782,9
22783,5
22784,5
22785,1
22786,1
22787,4
22788,0
22789,9
22790,1
22791,0
22792,1
22793,7
22794,5
22795,5
22796,1
22797,9
22798,5
22799,7
22800,9
22801,4
22802,3
22803,8
22804,2
22805,3
22806,5
22807,5
22808,1
22809,2
22810,5
22811,3
22812,6
22813,7
22814,7
22815,0
22816,0
22817,8
22818,5
22819,7
22820,8
22821,6
22822,9
22823,0
22824,0
22825,0
22826,9
22827,7
22828,5
22829,7
22830,4
22831,2
22832,4
22833,2
22834,5
22835,9
22836,9
22837,2
22838,3
22839,3
22840,1
22841,6
22842,0
22843,8
22844,0
22845,7
22846,9
22847,4
22848,3
22849,6
22850,3
22851,5
22852,0
22853,8
22854,9
22855,2
22856,8
22857,8
22858,9
22859,3
22860,8
22861,5
22862,1
22863,9
22864,3
22865,6
22866,1
22867,6
22868,6
22869,0
22870,9
22871,8
22872,4
22873,8
22874,7
22875,1
22876,2
22877,0
22878,5
22879,9
22880,5
22881,0
22882,9
22883,5
22884,8
22885,6
22886,6
22887,8
22888,5
22889,7
22890,1
22891,5
22892,7
22893,1
22894,2
22895,2
22896,5
22897,6
22898,4
22899,0
22900,1
22901,8
22902,8
22903,2
22904,7
22905,5
22906,2
22907,9
22908,6
22909,9
22910,8
22911,7
22912,4
22913,3
22914,3
22915,9
22916,8
22917,2
22918,7
22919,6
22920,4
22921,7
22922,3
22923,5
22924,6
22925,2
22926,1
22927,1
22928,6
22929,0
22930,9
22931,6
22932,1
22933,2
22934,3
22935,3
22936,6
22937,8
22938,9
22939,7
22940,5
22941,0
22942,4
22943,1
22944,8
22945,6
22946,0
22947,3
22948,9
22949,1
22950,7
22951,3
22952,3
22953,2
22954,7
22955,6
22956,9
22957,6
22958,9
22959,0
22960,7
22961,2
22962,8
22963,0
22964,2
22965,9
22966,9
22967,4
22968,3
22969,8
22970,5
22971,1
22972,8
22973,4
22974,4
22975,9
22976,7
22977,0
22978,7
22979,4
22980,6
22981,0
22982,6
22983,5
22984,0
22985,5
22986,3
22987,2
22988,6
22989,8
22990,3
22991,6
22992,8
22993,1
22994,3
22995,5
22996,1
22997,1
22998,2
22999,3
23000,8
23001,9
23002,0
23003,2
23004,0
23005,6
23006,3
23007,2
23008,7
23009,8
23010,1
23011,5
23012,6
23013,3
23014,8
23015,6
23016,0
23017,9
23018,2
23019,4
23020,2
23021,9
23022,3
23023,0
23024,9
23025,8
23026,6
23027,8
23028,1
23029,9
23030,3
23031,0
23032,1
23033,1
23034,7
23035,7
23036,8
23037,4
23038,3
23039,6
23040,0
23041,5
23042,8
23043,1
23044,6
23045,1
23046,5
23047,1
23048,3
23049,2
23050,2
23051,3
23052,1
23053,6
23054,0
23055,6
23056,4
23057,7
23058,1
23059,8
23060,3
23061,6
23062,6
23063,0
23064,0
23065,4
23066,8
23067,1
23068,3
23069,0
23070,6
23071,3
23072,7
23073,3
23074,2
23075,8
23076,1
23077,4
23078,1
23079,0
23080,6
23081,3
23082,8
23083,3
23084,8
23085,7
23086,8
23087,3
23088,5
23089,0
23090,9
23091,7
23092,7
23093,6
23094,2
23095,9
23096,7
23097,5
23098,1
23099,6
23100,5
23101,8
23102,2
23103,8
23104,1
23105,8
23106,2
23107,9
23108,8
23109,9
23110,0
23111,6
23112,0
23113,5
23114,2
23115,7
23116,1
23117,0
23118,4
23119,3
23120,9
23121,4
23122,3
23123,0
23124,7
23125,0
23126,4
23127,0
23128,4
23129,7
23130,4
23131,0
23132,5
23133,1
23134,4
23135,0
23136,5
23137,8
23138,5
23139,7
23140,9
23141,8
23142,1
23143,7
23144,5
23145,8
23146,9
23147,7
23148,1
23149,8
23150,9
23151,0
23152,6
23153,5
23154,5
23155,1
23156,7
23157,7
23158,5
23159,4
23160,8
23161,2
23162,5
23163,8
23164,0
23165,2
23166,2
23167,2
23168,2
23169,8
23170,0
23171,2
23172,4
23173,3
23174,2
23175,1
23176,3
23177,4
23178,4
23179,3
23180,8
23181,7
23182,2
23183,1
23184,9
23185,8
23186,2
23187,4
23188,5
23189,4
23190,5
23191,1
23192,1
23193,6
23194,2
23195,1
23196,1
23197,5
23198,8
23199,6
23200,5
23201,5
23202,1
23203,1
23204,2
23205,7
23206,5
23207,8
23208,2
23209,0
23210,9
23211,2
23212,4
23213,9
23214,1
23215,3
23216,0
23217,9
23218,2
23219,6
23220,1
23221,7
23222,0
23223,4
23224,2
23225,8
23226,0
23227,5
23228,7
23229,9
23230,3
23231,4
23232,3
23233,1
23234,7
23235,7
23236,4
23237,3
23238,1
23239,8
23240,6
23241,7
23242,2
23243,1
23244,9
23245,0
23246,2
23247,4
23248,3
23249,3
23250,9
23251,8
23252,1
23253,8
23254,6
23255,2
23256,3
23257,7
23258,5
23259,7
23260,4
23261,4
23262,3
23263,6
23264,7
23265,2
23266,9
23267,5
23268,0
23269,1
23270,9
23271,3
23272,3
23273,7
23274,8
23275,3
23276,1
23277,3
23278,0
23279,9
23280,1
23281,8
23282,4
23283,4
23284,7
23285,8
23286,7
23287,7
23288,5
23289,6
23290,0
23291,0
23292,9
23293,4
23294,1
23295,8
23296,7
23297,6
23298,7
23299,8
23300,0
23301,5
23302,7
23303,9
23304,2
23305,8
23306,2
23307,8
23308,1
23309,6
23310,9
23311,2
23312,1
23313,5
23314,4
23315,7
23316,7
23317,7
23318,0
23319,9
23320,4
23321,8
23322,6
23323,0
23324,9
23325,9
23326,6
23327,5
23328,5
23329,3
23330,2
23331,4
23332,6
23333,2
23334,2
23335,8
23336,6
23337,2
23338,5
23339,8
23340,3
23341,9
23342,7
23343,7
23344,7
23345,7
23346,0
23347,8
23348,9
23349,7
23350,8
23351,0
23352,8
23353,4
23354,0
23355,0
23356,4
23357,1
23358,5
23359,4
23360,4
23361,4
23362,9
23363,3
23364,2
23365,2
23366,5
23367,2
23368,3
23369,8
23370,7
23371,8
23372,7
23373,3
23374,1
23375,1
23376,8
23377,2
23378,2
23379,5
23380,9
23381,4
23382,3
23383,8
23384,8
23385,1
23386,4
23387,6
23388,5
23389,8
23390,4
23391,7
23392,9
23393,0
23394,5
23395,5
23396,2
23397,5
23398,1
23399,0
23400,6
23401,9
23402,2
23403,4
23404,6
23405,1
23406,7
23407,4
23408,8
23409,4
23410,8
23411,1
23412,6
23413,9
23414,3
23415,5
23416,1
23417,4
23418,9
23419,1
23420,4
23421,6
23422,7
23423,7
23424,6
23425,4
23426,4
23427,1
23428,1
23429,4
23430,6
23431,7
23432,2
23433,7
23434,1
23435,6
23436,8
23437,1
23438,3
23439,3
23440,5
23441,1
23442,4
23443,5
23444,0
23445,8
23446,8
23447,0
23448,6
23449,8
23450,0
23451,2
23452,5
23453,7
23454,5
23455,2
23456,6
23457,0
23458,4
23459,2
23460,9
23461,8
23462,1
23463,2
23464,5
23465,7
23466,0
23467,6
23468,0
23469,1
23470,1
23471,7
23472,8
23473,1
23474,5
23475,8
23476,3
23477,2
23478,4
23479,0
23480,2
23481,7
23482,5
23483,6
23484,9
23485,6
23486,0
23487,4
23488,0
23489,6
23490,5
23491,3
23492,1
23493,6
23494,2
23495,4
23496,1
23497,3
23498,1
23499,5
23500,0
23501,8
23502,5
23503,1
23504,1
23505,6
23506,4
23507,0
23508,7
23509,5
23510,2
23511,0
23512,0
23513,1
23514,2
23515,7
23516,4
23517,8
23518,8
23519,1
23520,5
23521,5
23522,5
23523,3
23524,5
23525,8
23526,3
23527,2
23528,4
23529,1
23530,7
23531,4
23532,4
23533,4
23534,8
23535,7
23536,0
23537,7
23538,7
23539,8
23540,7
23541,4
23542,7
23543,7
23544,8
23545,7
23546,0
23547,5
23548,7
23549,5
23550,1
23551,8
23552,4
23553,0
23554,9
23555,8
23556,6
23557,8
23558,5
23559,3
23560,6
23561,4
23562,6
23563,6
23564,1
23565,4
23566,8
23567,7
23568,8
23569,8
23570,0
23571,9
23572,1
23573,8
23574,2
23575,4
23576,8
23577,1
23578,7
23579,1
23580,9
23581,2
23582,0
23583,2
23584,7
23585,3
23586,5
23587,1
23588,3
23589,4
23590,5
23591,9
23592,1
23593,3
23594,7
23595,0
23596,6
23597,1
23598,1
23599,9
23600,5
23601,1
23602,9
23603,7
23604,9
23605,8
23606,2
23607,2
23608,8
23609,4
23610,0
23611,6
23612,3
23613,5
23614,3
23615,3
23616,3
23617,8
23618,5
23619,9
23620,4
23621,9
23622,5
23623,9
23624,4
23625,0
23626,8
23627,7
23628,0
23629,2
23630,4
23631,9
23632,7
23633,0
23634,4
23635,4
23636,9
23637,9
23638,0
23639,4
23640,8
23641,0
23642,6
23643,0
23644,5
23645,1
23646,3
23647,9
23648,6
23649,3
23650,7
23651,6
23652,8
23653,8
23654,2
23655,5
23656,5
23657,8
23658,7
23659,3
23660,3
23661,8
23662,2
23663,7
23664,5
23665,2
23666,9
23667,8
23668,9
23669,0
23670,5
23671,2
23672,4
23673,2
23674,3
23675,2
23676,2
23677,2
23678,7
23679,6
23680,6
23681,6
23682,4
23683,6
23684,7
23685,7
23686,3
23687,8
23688,8
23689,8
23690,2
23691,6
23692,7
23693,8
23694,6
23695,7
23696,1
23697,5
23698,3
23699,2
23700,1
23701,3
23702,8
23703,5
23704,5
23705,7
23706,9
23707,0
23708,6
23709,6
23710,9
23711,5
23712,8
23713,1
23714,1
23715,1
23716,8
23717,4
23718,9
23719,3
23720,0
23721,5
23722,9
23723,0
23724,9
23725,4
23726,2
23727,6
23728,5
23729,4
23730,6
23731,7
23732,2
23733,6
23734,4
23735,4
23736,3
23737,1
23738,3
23739,9
23740,3
23741,4
23742,4
23743,8
23744,2
23745,3
23746,7
23747,1
23748,3
23749,8
23750,1
23751,7
23752,3
23753,6
23754,5
23755,8
23756,6
23757,9
23758,3
23759,8
23760,5
23761,4
23762,5
23763,2
23764,5
23765,2
23766,0
23767,7
23768,7
23769,1
23770,9
23771,9
23772,5
23773,7
23774,7
23775,8
23776,1
23777,8
23778,8
23779,2
23780,7
23781,3
23782,0
23783,6
23784,4
23785,9
23786,0
23787,3
23788,8
23789,7
23790,1
23791,7
23792,1
23793,6
23794,9
23795,2
23796,5
23797,7
23798,9
23799,3
23800,4
23801,2
23802,1
23803,3
23804,8
23805,7
23806,4
23807,2
23808,6
23809,4
23810,8
23811,5
23812,9
23813,4
23814,8
23815,6
23816,8
23817,7
23818,9
23819,1
23820,7
23821,9
23822,7
23823,9
23824,4
23825,5
23826,2
23827,3
23828,0
23829,2
23830,8
23831,2
23832,7
23833,8
23834,1
23835,3
23836,1
23837,8
23838,1
23839,6
23840,4
23841,9
23842,5
23843,6
23844,3
23845,0
23846,7
23847,2
23848,6
23849,6
23850,0
23851,8
23852,3
23853,5
23854,8
23855,3
23856,9
23857,8
23858,5
23859,5
23860,9
23861,0
23862,1
23863,7
23864,9
23865,8
23866,0
23867,4
23868,3
23869,1
23870,5
23871,9
23872,4
23873,7
23874,3
23875,7
23876,3
23877,6
23878,5
23879,0
23880,7
23881,4
23882,5
23883,7
23884,0
23885,3
23886,2
23887,0
23888,4
23889,7
23890,9
23891,4
23892,7
23893,8
23894,5
23895,1
23896,0
23897,7
23898,6
23899,2
23900,8
23901,4
23902,3
23903,9
23904,6
23905,3
23906,9
23907,3
23908,1
23909,5
23910,4
23911,6
23912,4
23913,8
23914,0
23915,5
23916,8
23917,4
23918,0
23919,3
23920,2
23921,4
23922,9
23923,6
23924,8
23925,8
23926,6
23927,6
23928,7
23929,3
23930,5
23931,6
23932,2
23933,3
23934,0
23935,3
23936,4
23937,9
23938,2
23939,5
23940,4
23941,6
23942,8
23943,2
23944,3
23945,1
23946,2
23947,1
23948,7
23949,6
23950,1
23951,6
23952,5
23953,8
23954,0
23955,8
23956,9
23957,0
23958,5
23959,6
23960,1
23961,1
23962,6
23963,4
23964,3
23965,2
23966,8
23967,9
23968,5
23969,5
23970,2
23971,2
23972,5
23973,5
23974,9
23975,0
23976,9
23977,2
23978,8
23979,8
23980,6
23981,4
23982,4
23983,1
23984,0
23985,3
23986,9
23987,1
23988,4
23989,0
23990,5
23991,3
23992,5
23993,9
23994,5
23995,4
23996,3
23997,5
23998,2
23999,1
24000,0
24001,9
24002,8
24003,3
24004,2
24005,4
24006,0
24007,6
24008,2
24009,9
24010,7
24011,4
24012,9
24013,9
24014,4
24015,4
24016,1
24017,0
24018,9
24019,9
24020,0
24021,8
24022,4
24023,7
24024,9
24025,8
24026,4
24027,8
24028,6
24029,6
24030,3
24031,9
24032,9
24033,0
24034,2
24035,6
24036,8
24037,9
24038,9
24039,2
24040,9
24041,8
24042,2
24043,8
24044,1
24045,6
24046,6
24047,9
24048,0
24049,9
24050,8
24051,8
24052,6
24053,6
24054,5
24055,4
24056,4
24057,4
24058,3
24059,5
24060,0
24061,7
24062,1
24063,4
24064,7
24065,4
24066,0
24067,8
24068,8
24069,3
24070,5
24071,0
24072,9
24073,0
24074,4
24075,7
24076,7
24077,8
24078,1
24079,9
24080,3
24081,3
24082,0
24083,6
24084,1
24085,6
24086,8
24087,3
24088,5
24089,1
24090,8
24091,5
24092,6
24093,5
24094,1
24095,0
24096,9
24097,8
24098,9
24099,4
24100,0
24101,7
24102,0
24103,3
24104,1
24105,7
24106,9
24107,4
24108,2
24109,6
24110,4
24111,5
24112,8
24113,6
24114,4
24115,1
24116,8
24117,4
24118,4
24119,2
24120,2
24121,9
24122,4
24123,7
24124,6
24125,7
24126,6
24127,6
24128,0
24129,1
24130,8
24131,1
24132,0
24133,3
24134,3
24135,5
24136,9
24137,0
24138,5
24139,3
24140,3
24141,4
24142,5
24143,5
24144,2
24145,1
24146,0
24147,1
24148,5
24149,1
24150,6
24151,4
24152,7
24153,5
24154,2
24155,9
24156,9
24157,2
24158,6
24159,8
24160,3
24161,7
24162,1
24163,1
24164,0
24165,0
24166,1
24167,4
24168,3
24169,3
24170,3
24171,0
24172,7
24173,7
24174,2
24175,6
24176,0
24177,7
24178,0
24179,4
24180,3
24181,7
24182,9
24183,7
24184,5
24185,6
24186,3
24187,1
24188,9
24189,7
24190,9
24191,3
24192,1
24193,4
24194,7
24195,7
24196,3
24197,5
24198,6
24199,2
24200,8
24201,3
24202,5
24203,3
24204,5
24205,2
24206,5
24207,8
24208,3
24209,5
24210,6
24211,5
24212,9
24213,0
24214,5
24215,9
24216,2
24217,7
24218,2
24219,1
24220,3
24221,3
24222,1
24223,6
24224,2
24225,3
24226,9
24227,0
24228,4
24229,7
24230,6
24231,2
24232,6
24233,0
24234,6
24235,7
24236,6
24237,0
24238,8
24239,1
24240,4
24241,9
24242,5
24243,1
24244,1
24245,0
24246,5
24247,4
24248,3
24249,2
24250,9
24251,9
24252,9
24253,5
24254,2
24255,0
24256,3
24257,0
24258,1
24259,7
24260,6
24261,5
24262,3
24263,6
24264,7
24265,7
24266,6
24267,3
24268,6
24269,6
24270,5
24271,1
24272,5
24273,3
24274,2
24275,0
24276,7
24277,8
24278,5
24279,7
24280,6
24281,9
24282,0
24283,7
24284,4
24285,1
24286,6
24287,3
24288,0
24289,3
24290,7
24291,3
24292,8
24293,9
24294,7
24295,9
24296,8
24297,6
24298,1
24299,5
24300,7
24301,3
24302,0
24303,9
24304,3
24305,4
24306,2
24307,5
24308,0
24309,7
24310,3
24311,6
24312,1
24313,7
24314,0
24315,8
24316,5
24317,6
24318,7
24319,2
24320,0
24321,2
24322,1
24323,0
24324,5
24325,8
24326,7
24327,7
24328,9
24329,3
24330,5
24331,8
24332,6
24333,1
24334,9
24335,5
24336,8
24337,9
24338,3
24339,1
24340,4
24341,6
24342,7
24343,5
24344,8
24345,3
24346,0
24347,2
24348,0
24349,3
24350,7
24351,8
24352,8
24353,1
24354,9
24355,9
24356,4
24357,9
24358,3
24359,4
24360,0
24361,3
24362,8
24363,1
24364,7
24365,3
24366,9
24367,2
24368,7
24369,4
24370,9
24371,0
24372,4
24373,8
24374,8
24375,7
24376,7
24377,7
24378,1
24379,8
24380,4
24381,9
24382,6
24383,0
24384,3
24385,0
24386,5
24387,6
24388,6
24389,2
24390,6
24391,1
24392,3
24393,4
24394,1
24395,9
24396,5
24397,0
24398,0
24399,1
24400,7
24401,6
24402,0
24403,6
24404,5
24405,3
24406,6
24407,5
24408,7
24409,0
24410,4
24411,6
24412,4
24413,8
24414,1
24415,0
24416,3
24417,0
24418,4
24419,7
24420,7
24421,1
24422,1
24423,7
24424,9
24425,6
24426,3
24427,3
24428,1
24429,2
24430,0
24431,3
24432,6
24433,4
24434,8
24435,1
24436,3
24437,6
24438,6
24439,2
24440,4
24441,9
24442,4
24443,7
24444,3
24445,3
24446,8
24447,3
24448,3
24449,8
24450,0
24451,7
24452,3
24453,0
24454,1
24455,3
24456,4
24457,7
24458,6
24459,1
24460,2
24461,8
24462,8
24463,9
24464,8
24465,3
24466,2
24467,1
24468,4
24469,9
24470,0
24471,0
24472,3
24473,9
24474,0
24475,2
24476,3
24477,8
24478,0
24479,4
24480,6
24481,3
24482,8
24483,7
24484,8
24485,6
24486,8
24487,4
24488,0
24489,3
24490,4
24491,0
24492,9
24493,7
24494,4
24495,9
24496,1
24497,4
24498,3
24499,1
24500,2
24501,1
24502,2
24503,0
24504,9
24505,3
24506,9
24507,5
24508,0
24509,5
24510,6
24511,5
24512,8
24513,8
24514,1
24515,2
24516,7
24517,0
24518,8
24519,7
24520,5
24521,2
24522,9
24523,5
24524,0
24525,6
24526,2
24527,8
24528,7
24529,8
24530,9
24531,4
24532,9
24533,7
24534,9
24535,9
24536,0
24537,8
24538,5
24539,5
24540,6
24541,4
24542,6
24543,2
24544,3
24545,2
24546,2
24547,1
24548,7
24549,2
24550,7
24551,2
24552,8
24553,8
24554,7
24555,7
24556,8
24557,7
24558,7
24559,0
24560,1
24561,1
24562,1
24563,5
24564,7
24565,5
24566,1
24567,5
24568,8
24569,3
24570,0
24571,9
24572,6
24573,6
24574,2
24575,9
24576,3
24577,8
24578,9
24579,8
24580,0
24581,6
24582,3
24583,8
24584,8
24585,9
24586,0
24587,4
24588,5
24589,4
24590,5
24591,2
24592,2
24593,3
24594,0
24595,9
24596,7
24597,4
24598,5
24599,9
24600,8
24601,7
24602,1
24603,3
24604,3
24605,5
24606,3
24607,7
24608,2
24609,9
24610,4
24611,0
24612,6
24613,3
24614,5
24615,8
24616,5
24617,5
24618,4
24619,8
24620,4
24621,2
24622,6
24623,0
24624,2
24625,0
24626,2
24627,0
24628,3
24629,5
24630,7
24631,3
24632,2
24633,5
24634,9
24635,1
24636,7
24637,6
24638,8
24639,8
24640,7
24641,0
24642,0
24643,4
24644,3
24645,8
24646,2
24647,5
24648,6
24649,5
24650,6
24651,8
24652,5
24653,3
24654,1
24655,5
24656,9
24657,4
24658,3
24659,9
24660,5
24661,6
24662,1
24663,5
24664,3
24665,6
24666,8
24667,2
24668,6
24669,6
24670,6
24671,9
24672,7
24673,1
24674,2
24675,3
24676,2
24677,2
24678,7
24679,3
24680,7
24681,4
24682,9
24683,7
24684,6
24685,1
24686,9
24687,0
24688,0
24689,7
24690,3
24691,0
24692,2
24693,2
24694,5
24695,7
24696,3
24697,5
24698,3
24699,6
24700,9
24701,5
24702,0
24703,6
24704,1
24705,0
24706,6
24707,7
24708,0
24709,6
24710,3
24711,8
24712,4
24713,5
24714,1
24715,4
24716,3
24717,6
24718,9
24719,8
24720,2
24721,5
24722,9
24723,3
24724,0
24725,4
24726,3
24727,1
24728,8
24729,7
24730,1
24731,2
24732,7
24733,4
24734,5
24735,3
24736,8
24737,8
24738,6
24739,3
24740,2
24741,5
24742,3
24743,5
24744,2
24745,9
24746,5
24747,7
24748,2
24749,1
24750,6
24751,4
24752,3
24753,1
24754,7
24755,5
24756,0
24757,0
24758,1
24759,4
24760,5
24761,2
24762,8
24763,5
24764,8
24765,6
24766,9
24767,1
24768,6
24769,3
24770,5
24771,7
24772,4
24773,9
24774,6
24775,2
24776,5
24777,4
24778,0
24779,9
24780,0
24781,2
24782,9
24783,5
24784,9
24785,4
24786,4
24787,6
24788,7
24789,5
24790,3
24791,4
24792,8
24793,1
24794,3
24795,7
24796,0
24797,8
24798,3
24799,3
24800,4
24801,7
24802,9
24803,7
24804,0
24805,1
24806,5
24807,0
24808,3
24809,5
24810,0
24811,3
24812,8
24813,7
24814,2
24815,9
24816,9
24817,0
24818,6
24819,4
24820,9
24821,4
24822,0
24823,9
24824,8
24825,4
24826,2
24827,0
24828,9
24829,5
24830,1
24831,7
24832,5
24833,5
24834,6
24835,8
24836,5
24837,8
24838,9
24839,3
24840,9
24841,7
24842,4
24843,6
24844,0
24845,4
24846,7
24847,5
24848,2
24849,4
24850,6
24851,3
24852,1
24853,3
24854,4
24855,1
24856,5
24857,4
24858,2
24859,2
24860,2
24861,7
24862,3
24863,3
24864,6
24865,2
24866,4
24867,6
24868,8
24869,9
24870,1
24871,5
24872,7
24873,3
24874,4
24875,5
24876,3
24877,5
24878,3
24879,7
24880,7
24881,8
24882,3
24883,2
24884,1
24885,1
24886,8
24887,4
24888,0
24889,1
24890,2
24891,3
24892,9
24893,1
24894,3
24895,6
24896,8
24897,9
24898,5
24899,3
24900,9
24901,0
24902,3
24903,2
24904,5
24905,2
24906,6
24907,3
24908,7
24909,7
24910,3
24911,3
24912,7
24913,1
24914,7
24915,8
24916,7
24917,7
24918,8
24919,1
24920,6
24921,9
24922,5
24923,4
24924,6
24925,6
24926,4
24927,8
24928,6
24929,0
24930,4
24931,7
24932,0
24933,9
24934,5
24935,8
24936,3
24937,3
24938,8
24939,7
24940,0
24941,3
24942,8
24943,1
24944,6
24945,9
24946,3
24947,9
24948,4
24949,4
24950,8
24951,6
24952,2
24953,2
24954,2
24955,7
24956,4
24957,8
24958,9
24959,6
24960,6
24961,4
24962,1
24963,3
24964,2
24965,8
24966,8
24967,6
24968,7
24969,7
24970,2
24971,9
24972,8
24973,6
24974,2
24975,1
24976,8
24977,1
24978,9
24979,7
24980,0
24981,7
24982,2
24983,6
24984,2
24985,8
24986,3
24987,5
24988,7
24989,5
24990,3
24991,5
24992,9
24993,3
24994,0
24995,5
24996,4
24997,5
24998,9
24999,7
25000,5
25001,2
25002,4
25003,1
25004,0
25005,2
25006,1
25007,3
25008,3
25009,8
25010,2
25011,9
25012,7
25013,2
25014,8
25015,5
25016,4
25017,0
25018,7
25019,2
25020,4
25021,0
25022,3
25023,2
25024,4
25025,2
25026,8
25027,0
25028,5
25029,0
25030,9
25031,3
25032,3
25033,5
25034,8
25035,9
25036,6
25037,0
25038,8
25039,8
25040,9
25041,5
25042,2
25043,5
25044,9
25045,7
25046,8
25047,4
25048,7
25049,8
25050,7
25051,6
25052,1
25053,1
25054,0
25055,0
25056,8
25057,9
25058,3
25059,1
25060,9
25061,2
25062,7
25063,8
25064,9
25065,5
25066,8
25067,7
25068,9
25069,5
25070,9
25071,2
25072,1
25073,7
25074,0
25075,9
25076,9
25077,4
25078,9
25079,0
25080,7
25081,7
25082,9
25083,6
25084,6
25085,3
25086,0
25087,0
25088,6
25089,3
25090,1
25091,3
25092,7
25093,6
25094,0
25095,7
25096,3
25097,7
25098,1
25099,5
25100,3
25101,7
25102,5
25103,0
25104,0
25105,4
25106,4
25107,9
25108,6
25109,1
25110,2
25111,6
25112,4
25113,6
25114,2
25115,5
25116,2
25117,2
25118,1
25119,5
25120,4
25121,0
25122,0
25123,0
25124,5
25125,4
25126,7
25127,1
25128,5
25129,8
25130,5
25131,1
25132,8
25133,3
25134,4
25135,2
25136,4
25137,5
25138,8
25139,0
25140,1
25141,3
25142,4
25143,0
25144,7
25145,8
25146,2
25147,4
25148,4
25149,1
25150,7
25151,7
25152,6
25153,5
25154,2
25155,5
25156,0
25157,1
25158,8
25159,0
25160,9
25161,6
25162,9
25163,2
25164,6
25165,0
25166,0
25167,0
25168,6
25169,8
25170,9
25171,2
25172,4
25173,7
25174,1
25175,2
25176,8
25177,4
25178,7
25179,8
25180,3
25181,1
25182,5
25183,6
25184,0
25185,9
25186,4
25187,0
25188,7
25189,9
25190,9
25191,5
25192,6
25193,6
25194,0
25195,5
25196,2
25197,2
25198,9
25199,7
25200,8
25201,5
25202,5
25203,0
25204,6
25205,9
25206,6
25207,8
25208,1
25209,9
25210,0
25211,7
25212,0
25213,6
25214,8
25215,3
25216,4
25217,9
25218,9
25219,2
25220,1
25221,1
25222,3
25223,9
25224,3
25225,3
25226,0
25227,2
25228,1
25229,7
25230,3
25231,7
25232,7
25233,8
25234,0
25235,9
25236,4
25237,9
25238,8
25239,6
25240,7
25241,5
25242,2
25243,5
25244,9
25245,2
25246,4
25247,8
25248,4
25249,1
25250,3
25251,1
25252,0
25253,8
25254,8
25255,7
25256,1
25257,8
25258,3
25259,6
25260,3
25261,7
25262,5
25263,6
25264,4
25265,3
25266,2
25267,1
25268,0
25269,4
25270,3
25271,6
25272,8
25273,5
25274,9
25275,7
25276,2
25277,2
25278,8
25279,8
25280,9
25281,3
25282,0
25283,9
25284,3
25285,6
25286,1
25287,5
25288,0
25289,2
25290,3
25291,6
25292,1
25293,3
25294,9
25295,5
25296,9
25297,5
25298,0
25299,8
25300,5
25301,0
25302,1
25303,5
25304,6
25305,6
25306,7
25307,5
25308,0
25309,7
25310,7
25311,7
25312,8
25313,5
25314,0
25315,4
25316,5
25317,8
25318,3
25319,0
25320,5
25321,5
25322,4
25323,5
25324,1
25325,9
25326,5
25327,2
25328,5
25329,0
25330,5
25331,9
25332,5
25333,7
25334,6
25335,8
25336,8
25337,7
25338,3
25339,6
25340,6
25341,7
25342,3
25343,4
25344,9
25345,8
25346,6
25347,6
25348,2
25349,2
25350,5
25351,4
25352,4
25353,5
25354,6
25355,8
25356,9
25357,1
25358,0
25359,2
25360,3
25361,1
25362,0
25363,7
25364,6
25365,5
25366,0
25367,7
25368,0
25369,2
25370,2
25371,2
25372,9
25373,0
25374,6
25375,1
25376,6
25377,3
25378,4
25379,8
25380,8
25381,8
25382,4
25383,5
25384,3
25385,2
25386,5
25387,9
25388,1
25389,6
25390,8
25391,8
25392,6
25393,4
25394,9
25395,5
25396,6
25397,3
25398,2
25399,6
25400,7
25401,8
25402,2
25403,4
25404,7
25405,8
25406,9
25407,5
25408,6
25409,0
25410,4
25411,9
25412,2
25413,5
25414,9
25415,0
25416,1
25417,7
25418,8
25419,2
25420,9
25421,3
25422,2
25423,5
25424,2
25425,5
25426,6
25427,0
25428,3
25429,8
25430,8
25431,5
25432,9
25433,8
25434,9
25435,7
25436,3
25437,6
25438,5
25439,0
25440,3
25441,3
25442,1
25443,1
25444,2
25445,4
25446,0
25447,8
25448,9
25449,3
25450,0
25451,1
25452,8
25453,8
25454,7
25455,5
25456,2
25457,2
25458,2
25459,4
25460,4
25461,4
25462,1
25463,5
25464,0
25465,1
25466,8
25467,3
25468,6
25469,2
25470,1
25471,1
25472,9
25473,3
25474,8
25475,2
25476,0
25477,2
25478,7
25479,6
25480,9
25481,5
25482,7
25483,9
25484,1
25485,8
25486,9
25487,8
25488,0
25489,5
25490,2
25491,1
25492,2
25493,9
25494,4
25495,1
25496,7
25497,9
25498,6
25499,0
25500,0
25501,2
25502,0
25503,9
25504,2
25505,1
25506,2
25507,3
25508,2
25509,9
25510,0
25511,8
25512,4
25513,6
25514,7
25515,2
25516,3
25517,3
25518,5
25519,8
25520,0
25521,0
25522,2
25523,0
25524,8
25525,0
25526,0
25527,7
25528,6
25529,0
25530,4
25531,5
25532,9
25533,1
25534,0
25535,5
25536,6
25537,1
25538,0
25539,6
25540,1
25541,3
25542,9
25543,2
25544,2
25545,4
25546,9
25547,7
25548,5
25549,9
25550,7
25551,0
25552,1
25553,2
25554,3
25555,4
25556,5
25557,8
25558,7
25559,3
25560,3
25561,5
25562,5
25563,0
25564,4
25565,6
25566,2
25567,0
25568,2
25569,3
25570,9
25571,7
25572,0
25573,6
25574,2
25575,2
25576,2
25577,3
25578,2
25579,2
25580,9
25581,7
25582,7
25583,7
25584,7
25585,3
25586,8
25587,0
25588,9
25589,2
25590,3
25591,1
25592,5
25593,9
25594,5
25595,8
25596,3
25597,4
25598,2
25599,8
25600,0
25601,6
25602,0
25603,1
25604,4
25605,4
25606,8
25607,9
25608,4
25609,2
25610,0
25611,8
25612,7
25613,3
25614,3
25615,9
25616,8
25617,4
25618,8
25619,0
25620,7
25621,6
25622,9
25623,4
25624,5
25625,8
25626,9
25627,3
25628,3
25629,9
25630,0
25631,2
25632,6
25633,4
25634,6
25635,7
25636,4
25637,6
25638,5
25639,8
25640,4
25641,6
25642,1
25643,1
25644,9
25645,4
25646,7
25647,0
25648,6
25649,7
25650,5
25651,1
25652,4
25653,0
25654,2
25655,9
25656,3
25657,9
25658,6
25659,1
25660,2
25661,6
25662,9
25663,5
25664,7
25665,4
25666,8
25667,2
25668,8
25669,1
25670,9
25671,2
25672,8
25673,3
25674,3
25675,3
25676,9
25677,5
25678,0
25679,7
25680,3
25681,6
25682,1
25683,0
25684,8
25685,0
25686,1
25687,4
25688,9
25689,4
25690,4
25691,8
25692,1
25693,4
25694,3
25695,9
25696,3
25697,7
25698,7
25699,5
25700,7
25701,9
25702,3
25703,7
25704,7
25705,5
25706,7
25707,6
25708,4
25709,0
25710,7
25711,7
25712,4
25713,9
25714,8
25715,8
25716,2
25717,1
25718,7
25719,0
25720,7
25721,6
25722,2
25723,9
25724,8
25725,7
25726,0
25727,4
25728,6
25729,7
25730,3
25731,9
25732,3
25733,1
25734,9
25735,2
25736,7
25737,4
25738,8
25739,6
25740,2
25741,3
25742,2
25743,5
25744,4
25745,1
25746,9
25747,3
25748,1
25749,2
25750,7
25751,1
25752,3
25753,5
25754,9
25755,9
25756,9
25757,4
25758,6
25759,1
25760,0
25761,2
25762,4
25763,6
25764,6
25765,2
25766,2
25767,3
25768,2
25769,2
25770,5
25771,0
25772,7
25773,5
25774,5
25775,0
25776,0
25777,8
25778,4
25779,8
25780,6
25781,6
25782,0
25783,3
25784,3
25785,1
25786,2
25787,1
25788,9
25789,0
25790,7
25791,0
25792,6
25793,9
25794,7
25795,0
25796,8
25797,9
25798,6
25799,0
25800,5
25801,6
25802,1
25803,0
25804,6
25805,9
25806,3
25807,5
25808,4
25809,5
25810,9
25811,3
25812,1
25813,5
25814,7
25815,1
25816,2
25817,0
25818,4
25819,8
25820,4
25821,5
25822,8
25823,7
25824,8
25825,9
25826,2
25827,1
25828,2
25829,6
25830,7
25831,8
25832,3
25833,3
25834,1
25835,5
25836,0
25837,3
25838,7
25839,3
25840,8
25841,5
25842,5
25843,2
25844,1
25845,7
25846,8
25847,6
25848,4
25849,7
25850,3
25851,4
25852,0
25853,9
25854,9
25855,8
25856,7
25857,0
25858,0
25859,5
25860,6
25861,0
25862,8
25863,8
25864,6
25865,6
25866,1
25867,4
25868,4
25869,2
25870,4
25871,2
25872,0
25873,8
25874,3
25875,4
25876,4
25877,8
25878,6
25879,6
25880,1
25881,8
25882,2
25883,9
25884,4
25885,2
25886,9
25887,7
25888,1
25889,0
25890,1
25891,1
25892,7
25893,9
25894,6
25895,4
25896,3
25897,7
25898,7
25899,4
25900,8
25901,5
25902,8
25903,9
25904,0
25905,8
25906,4
25907,2
25908,9
25909,8
25910,3
25911,4
25912,1
25913,4
25914,9
25915,0
25916,9
25917,6
25918,6
25919,4
25920,1
25921,6
25922,9
25923,5
25924,6
25925,9
25926,3
25927,8
25928,4
25929,0
25930,7
25931,8
25932,5
25933,7
25934,9
25935,0
25936,2
25937,1
25938,7
25939,1
25940,3
25941,7
25942,2
25943,8
25944,3
25945,4
25946,1
25947,3
25948,1
25949,4
25950,4
25951,5
25952,5
25953,7
25954,8
25955,2
25956,0
25957,6
25958,1
25959,8
25960,7
25961,8
25962,6
25963,0
25964,1
25965,3
25966,0
25967,1
25968,0
25969,2
25970,5
25971,1
25972,0
25973,9
25974,6
25975,7
25976,0
25977,6
25978,7
25979,7
25980,6
25981,5
25982,4
25983,5
25984,4
25985,7
25986,0
25987,2
25988,4
25989,7
25990,3
25991,1
25992,9
25993,4
25994,2
25995,5
25996,2
25997,0
25998,4
25999,2
26000,0
26001,7
26002,5
26003,6
26004,1
26005,0
26006,4
26007,5
26008,8
26009,3
26010,8
26011,3
26012,0
26013,2
26014,6
26015,0
26016,1
26017,0
26018,0
26019,9
26020,2
26021,4
26022,7
26023,3
26024,9
26025,0
26026,4
26027,3
26028,9
26029,6
26030,3
26031,5
26032,7
26033,6
26034,6
26035,0
26036,3
26037,4
26038,0
26039,4
26040,9
26041,3
26042,7
26043,9
26044,4
26045,2
26046,3
26047,6
26048,7
26049,6
26050,2
26051,9
26052,3
26053,1
26054,9
26055,8
26056,5
26057,5
26058,8
26059,5
26060,3
26061,0
26062,3
26063,5
26064,2
26065,6
26066,1
26067,8
26068,8
26069,4
26070,8
26071,8
26072,4
26073,8
26074,9
26075,8
26076,7
26077,8
26078,8
26079,6
26080,0
26081,6
26082,3
26083,3
26084,3
26085,1
26086,5
26087,9
26088,8
26089,1
26090,6
26091,3
26092,2
26093,2
26094,8
26095,7
26096,4
26097,1
26098,6
26099,9
26100,7
26101,6
26102,0
26103,8
26104,0
26105,1
26106,8
26107,1
26108,7
26109,9
26110,0
26111,8
26112,0
26113,3
26114,0
26115,7
26116,9
26117,6
26118,6
26119,9
26120,2
26121,6
26122,7
26123,4
26124,8
26125,0
26126,1
26127,4
26128,0
26129,5
26130,1
26131,9
26132,6
26133,5
26134,7
26135,8
26136,3
26137,4
26138,6
26139,6
26140,9
26141,7
26142,9
26143,6
26144,3
26145,2
26146,2
26147,4
26148,7
26149,6
26150,6
26151,9
26152,4
26153,0
26154,8
26155,8
26156,1
26157,2
26158,0
26159,3
26160,4
26161,4
26162,9
26163,6
26164,1
26165,5
26166,6
26167,0
26168,3
26169,3
26170,0
26171,8
26172,5
26173,2
26174,7
26175,0
26176,8
26177,5
26178,3
26179,5
26180,9
26181,1
26182,3
26183,1
26184,4
26185,9
26186,3
26187,1
26188,5
26189,7
26190,0
26191,2
26192,0
26193,6
26194,2
26195,6
26196,7
26197,1
26198,8
26199,9
26200,0
26201,7
26202,4
26203,7
26204,9
26205,1
26206,4
26207,2
26208,8
26209,0
26210,0
26211,4
26212,5
26213,6
26214,5
26215,3
26216,2
26217,9
26218,2
26219,1
26220,6
26221,7
26222,3
26223,9
26224,6
26225,8
26226,8
26227,6
26228,8
26229,9
26230,3
26231,0
26232,2
26233,9
26234,3
26235,3
26236,7
26237,0
26238,6
26239,1
26240,1
26241,0
26242,7
26243,3
26244,8
26245,9
26246,3
26247,5
26248,7
26249,7
26250,5
26251,5
26252,8
26253,8
26254,1
26255,0
26256,4
26257,2
26258,6
26259,9
26260,1
26261,1
26262,3
26263,5
26264,4
26265,0
26266,4
26267,4
26268,0
26269,2
26270,2
26271,7
26272,1
26273,9
26274,2
26275,2
26276,5
26277,0
26278,1
26279,7
26280,7
26281,3
26282,9
26283,1
26284,1
26285,8
26286,3
26287,3
26288,0
26289,1
26290,5
26291,9
26292,3
26293,8
26294,7
26295,3
26296,4
26297,0
26298,0
26299,7
26300,3
26301,3
26302,5
26303,8
26304,6
26305,3
26306,0
26307,6
26308,1
26309,6
26310,3
26311,6
26312,0
26313,8
26314,8
26315,1
26316,5
26317,0
26318,4
26319,0
26320,0
26321,6
26322,9
26323,1
26324,7
26325,1
26326,0
26327,5
26328,3
26329,0
26330,2
26331,7
26332,1
26333,7
26334,9
26335,4
26336,4
26337,5
26338,5
26339,4
26340,2
26341,7
26342,4
26343,7
26344,5
26345,5
26346,3
26347,2
26348,0
26349,6
26350,1
26351,3
26352,6
26353,5
26354,3
26355,8
26356,8
26357,3
26358,9
26359,7
26360,4
26361,4
26362,3
26363,9
26364,0
26365,4
26366,8
26367,3
26368,8
26369,6
26370,9
26371,9
26372,2
26373,3
26374,5
26375,4
26376,5
26377,2
26378,4
26379,2
26380,1
26381,3
26382,0
26383,2
26384,7
26385,4
26386,3
26387,4
26388,3
26389,0
26390,0
26391,2
26392,2
26393,1
26394,8
26395,5
26396,4
26397,4
26398,0
26399,8
26400,1
26401,5
26402,0
26403,9
26404,1
26405,0
26406,7
26407,0
26408,2
26409,2
26410,9
26411,1
26412,7
26413,5
26414,9
26415,5
26416,2
26417,3
26418,4
26419,5
26420,8
26421,2
26422,0
26423,2
26424,3
26425,5
26426,6
26427,1
26428,4
26429,3
26430,6
26431,2
26432,3
26433,3
26434,9
26435,5
26436,8
26437,6
26438,8
26439,6
26440,6
26441,4
26442,0
26443,6
26444,8
26445,1
26446,1
26447,2
26448,8
26449,2
26450,5
26451,1
26452,7
26453,0
26454,3
26455,9
26456,8
26457,5
26458,8
26459,8
26460,3
26461,8
26462,6
26463,1
26464,5
26465,0
26466,2
26467,8
26468,3
26469,2
26470,2
26471,4
26472,7
26473,8
26474,7
26475,8
26476,3
26477,0
26478,1
26479,3
26480,5
26481,0
26482,9
26483,2
26484,8
26485,6
26486,3
26487,2
26488,4
26489,8
26490,9
26491,9
26492,7
26493,4
26494,1
26495,0
26496,5
26497,6
26498,5
26499,1
26500,2
26501,8
26502,1
26503,3
26504,2
26505,0
26506,1
26507,5
26508,7
26509,1
26510,3
26511,1
26512,1
26513,7
26514,3
26515,7
26516,6
26517,6
26518,2
26519,1
26520,3
26521,9
26522,5
26523,5
26524,1
26525,2
26526,4
26527,9
26528,0
26529,0
26530,2
26531,9
26532,5
26533,9
26534,6
26535,5
26536,7
26537,6
26538,3
26539,6
26540,1
26541,9
26542,7
26543,2
26544,9
26545,6
26546,4
26547,8
26548,0
26549,8
26550,9
26551,7
26552,3
26553,4
26554,4
26555,2
26556,5
26557,2
26558,4
26559,0
26560,2
26561,4
26562,4
26563,1
26564,7
26565,5
26566,4
26567,4
26568,0
26569,1
26570,4
26571,1
26572,3
26573,0
26574,8
26575,6
26576,0
26577,7
26578,9
26579,8
26580,5
26581,4
26582,5
26583,5
26584,4
26585,4
26586,8
26587,7
26588,3
26589,4
26590,5
26591,4
26592,9
26593,0
26594,8
26595,3
26596,6
26597,4
26598,9
26599,0
26600,4
26601,5
26602,5
26603,0
26604,8
26605,0
26606,1
26607,2
26608,4
26609,4
26610,5
26611,9
26612,6
26613,3
26614,2
26615,7
26616,8
26617,9
26618,6
26619,6
26620,1
26621,5
26622,5
26623,0
26624,9
26625,9
26626,3
26627,3
26628,3
26629,7
26630,6
26631,6
26632,2
26633,7
26634,6
26635,4
26636,8
26637,7
26638,9
26639,4
26640,2
26641,5
26642,2
26643,1
26644,9
26645,3
26646,6
26647,2
26648,4
26649,3
26650,1
26651,5
26652,9
26653,3
26654,8
26655,6
26656,4
26657,6
26658,2
26659,8
26660,6
26661,1
26662,7
26663,0
26664,0
26665,6
26666,8
26667,8
26668,3
26669,2
26670,8
26671,7
26672,3
26673,5
26674,6
26675,8
26676,3
26677,5
26678,2
26679,8
26680,8
26681,9
26682,5
26683,6
26684,9
26685,8
26686,0
26687,8
26688,8
26689,6
26690,2
26691,1
26692,1
26693,0
26694,3
26695,0
26696,0
26697,0
26698,8
26699,5
26700,9
26701,2
26702,9
26703,0
26704,8
26705,7
26706,6
26707,3
26708,6
26709,9
26710,3
26711,5
26712,6
26713,5
26714,2
26715,0
26716,1
26717,3
26718,5
26719,7
26720,7
26721,5
26722,1
26723,3
26724,4
26725,9
26726,0
26727,9
26728,7
26729,5
26730,1
26731,7
26732,4
26733,3
26734,4
26735,7
26736,4
26737,5
26738,5
26739,8
26740,5
26741,6
26742,3
26743,6
26744,9
26745,1
26746,3
26747,1
26748,3
26749,5
26750,3
26751,9
26752,2
26753,1
26754,8
26755,1
26756,1
26757,7
26758,9
26759,3
26760,1
26761,7
26762,8
26763,0
26764,0
26765,5
26766,6
26767,7
26768,4
26769,8
26770,7
26771,9
26772,5
26773,7
26774,5
26775,3
26776,0
26777,4
26778,4
26779,6
26780,0
26781,1
26782,3
26783,9
26784,8
26785,2
26786,6
26787,7
26788,0
26789,6
26790,6
26791,2
26792,7
26793,0
26794,2
26795,3
26796,5
26797,8
26798,7
26799,4
26800,6
26801,6
26802,3
26803,8
26804,9
26805,5
26806,1
26807,1
26808,7
26809,4
26810,0
26811,0
26812,7
26813,6
26814,1
26815,4
26816,3
26817,5
26818,1
26819,5
26820,7
26821,6
26822,7
26823,9
26824,7
26825,7
26826,1
26827,8
26828,8
26829,7
26830,9
26831,5
26832,8
26833,8
26834,5
26835,6
26836,9
26837,4
26838,9
26839,9
26840,2
26841,6
26842,8
26843,7
26844,3
26845,1
26846,7
26847,4
26848,4
26849,5
26850,8
26851,4
26852,8
26853,5
26854,0
26855,4
26856,5
26857,2
26858,4
26859,7
26860,1
26861,1
26862,4
26863,5
26864,6
26865,0
26866,4
26867,2
26868,0
26869,5
26870,3
26871,9
26872,4
26873,8
26874,0
26875,5
26876,8
26877,9
26878,0
26879,0
26880,8
26881,7
26882,6
26883,3
26884,7
26885,1
26886,5
26887,9
26888,8
26889,8
26890,1
26891,6
26892,8
26893,7
26894,6
26895,1
26896,0
26897,3
26898,5
26899,2
26900,7
26901,2
26902,7
26903,1
26904,9
26905,1
26906,1
26907,7
26908,2
26909,3
26910,9
26911,3
26912,3
26913,7
26914,0
26915,7
26916,6
26917,4
26918,2
26919,8
26920,8
26921,2
26922,6
26923,2
26924,0
26925,8
26926,5
26927,4
26928,6
26929,0
26930,0
26931,4
26932,0
26933,1
26934,9
26935,9
26936,0
26937,9
26938,3
26939,9
26940,7
26941,6
26942,9
26943,2
26944,7
26945,6
26946,9
26947,8
26948,1
26949,3
26950,9
26951,7
26952,2
26953,0
26954,2
26955,0
26956,3
26957,5
26958,1
26959,2
26960,7
26961,3
26962,6
26963,8
26964,2
26965,3
26966,5
26967,0
26968,7
26969,2
26970,4
26971,3
26972,8
26973,5
26974,8
26975,0
26976,2
26977,2
26978,4
26979,7
26980,6
26981,4
26982,2
26983,3
26984,0
26985,1
26986,5
26987,5
26988,0
26989,2
26990,0
26991,7
26992,6
26993,3
26994,1
26995,1
26996,9
26997,6
26998,9
26999,5
27000,1
27001,5
27002,5
27003,2
27004,5
27005,0
27006,9
27007,2
27008,4
27009,6
27010,5
27011,5
27012,3
27013,7
27014,0
27015,3
27016,9
27017,0
27018,5
27019,3
27020,9
27021,1
27022,0
27023,9
27024,4
27025,7
27026,0
27027,4
27028,8
27029,7
27030,0
27031,8
27032,8
27033,7
27034,4
27035,5
27036,2
27037,0
27038,0
27039,0
27040,0
27041,2
27042,7
27043,8
27044,2
27045,7
27046,7
27047,0
27048,9
27049,0
27050,9
27051,9
27052,3
27053,8
27054,6
27055,5
27056,4
27057,2
27058,8
27059,9
27060,0
27061,8
27062,2
27063,3
27064,5
27065,6
27066,0
27067,9
27068,7
27069,2
27070,3
27071,1
27072,9
27073,8
27074,2
27075,9
27076,6
27077,8
27078,0
27079,5
27080,1
27081,2
27082,8
27083,7
27084,8
27085,4
27086,0
27087,0
27088,7
27089,2
27090,4
27091,1
27092,5
27093,2
27094,3
27095,9
27096,3
27097,7
27098,6
27099,1
27100,9
27101,3
27102,8
27103,3
27104,9
27105,4
27106,3
27107,7
27108,4
27109,8
27110,3
27111,8
27112,5
27113,8
27114,8
27115,2
27116,5
27117,3
27118,5
27119,9
27120,8
27121,0
27122,7
27123,0
27124,8
27125,7
27126,6
27127,9
27128,7
27129,6
27130,3
27131,0
27132,2
27133,1
27134,0
27135,5
27136,4
27137,5
27138,9
27139,1
27140,4
27141,6
27142,9
27143,5
27144,1
27145,3
27146,0
27147,2
27148,1
27149,9
27150,6
27151,7
27152,1
27153,3
27154,8
27155,3
27156,9
27157,4
27158,0
27159,4
27160,4
27161,5
27162,6
27163,6
27164,5
27165,9
27166,5
27167,9
27168,0
27169,3
27170,9
27171,6
27172,1
27173,7
27174,3
27175,3
27176,2
27177,6
27178,3
27179,3
27180,1
27181,1
27182,1
27183,8
27184,2
27185,0
27186,0
27187,6
27188,9
27189,2
27190,1
27191,3
27192,1
27193,8
27194,4
27195,0
27196,8
27197,9
27198,5
27199,8
27200,3
27201,6
27202,1
27203,3
27204,3
27205,9
27206,8
27207,5
27208,3
27209,3
27210,1
27211,5
27212,0
27213,2
27214,1
27215,2
27216,8
27217,8
27218,6
27219,8
27220,4
27221,1
27222,1
27223,3
27224,6
27225,8
27226,3
27227,9
27228,9
27229,5
27230,0
27231,8
27232,6
27233,3
27234,9
27235,0
27236,0
27237,2
27238,9
27239,6
27240,4
27241,8
27242,2
27243,6
27244,6
27245,5
27246,8
27247,1
27248,8
27249,7
27250,7
27251,7
27252,9
27253,7
27254,6
27255,3
27256,3
27257,6
27258,3
27259,6
27260,4
27261,7
27262,6
27263,7
27264,9
27265,7
27266,4
27267,4
27268,9
27269,7
27270,6
27271,5
27272,3
27273,9
27274,5
27275,4
27276,5
27277,9
27278,1
27279,1
27280,6
27281,5
27282,3
27283,9
27284,6
27285,3
27286,3
27287,4
27288,0
27289,0
27290,8
27291,7
27292,9
27293,9
27294,8
27295,8
27296,0
27297,9
27298,4
27299,1
27300,0
27301,5
27302,7
27303,1
27304,4
27305,0
27306,6
27307,0
27308,2
27309,4
27310,9
27311,2
27312,5
27313,8
27314,2
27315,7
27316,5
27317,4
27318,2
27319,2
27320,1
27321,8
27322,7
27323,1
27324,8
27325,0
27326,3
27327,7
27328,8
27329,5
27330,6
27331,0
27332,5
27333,7
27334,7
27335,6
27336,8
27337,6
27338,2
27339,4
27340,7
27341,7
27342,1
27343,8
27344,0
27345,7
27346,7
27347,4
27348,6
27349,6
27350,6
27351,3
27352,6
27353,7
27354,2
27355,9
27356,9
27357,1
27358,6
27359,3
27360,2
27361,1
27362,9
27363,1
27364,1
27365,9
27366,9
27367,4
27368,4
27369,4
27370,7
27371,3
27372,4
27373,3
27374,0
27375,1
27376,7
27377,8
27378,4
27379,0
27380,8
27381,9
27382,8
27383,9
27384,6
27385,6
27386,9
27387,9
27388,8
27389,4
27390,4
27391,2
27392,2
27393,3
27394,5
27395,5
27396,1
27397,1
27398,4
27399,8
27400,6
27401,4
27402,0
27403,3
27404,8
27405,4
27406,7
27407,0
27408,6
27409,6
27410,0
27411,2
27412,9
27413,6
27414,7
27415,9
27416,5
27417,0
27418,1
27419,1
27420,9
27421,5
27422,2
27423,1
27424,5
27425,1
27426,1
27427,5
27428,5
27429,8
27430,5
27431,9
27432,2
27433,5
27434,3
27435,2
27436,4
27437,9
27438,0
27439,1
27440,1
27441,8
27442,3
27443,8
27444,0
27445,7
27446,9
27447,7
27448,6
27449,5
27450,8
27451,0
27452,9
27453,6
27454,9
27455,0
27456,3
27457,8
27458,5
27459,3
27460,0
27461,9
27462,8
27463,4
27464,6
27465,2
27466,9
27467,1
27468,2
27469,0
27470,2
27471,4
27472,9
27473,0
27474,3
27475,2
27476,0
27477,4
27478,7
27479,1
27480,5
27481,2
27482,9
27483,8
27484,9
27485,9
27486,6
27487,1
27488,0
27489,8
27490,7
27491,2
27492,6
27493,9
27494,7
27495,8
27496,6
27497,0
27498,9
27499,2
27500,5
27501,1
27502,7
27503,5
27504,6
27505,5
27506,1
27507,1
27508,2
27509,9
27510,4
27511,4
27512,3
27513,2
27514,8
27515,9
27516,5
27517,9
27518,2
27519,5
27520,3
27521,3
27522,2
27523,2
27524,5
27525,3
27526,7
27527,0
27528,8
27529,3
27530,0
27531,1
27532,4
27533,1
27534,0
27535,3
27536,8
27537,9
27538,7
27539,8
27540,4
27541,0
27542,0
27543,7
27544,1
27545,1
27546,8
27547,4
27548,7
27549,1
27550,3
27551,4
27552,2
27553,2
27554,7
27555,7
27556,3
27557,6
27558,6
27559,4
27560,1
27561,4
27562,4
27563,6
27564,7
27565,2
27566,1
27567,5
27568,4
27569,9
27570,5
27571,5
27572,6
27573,1
27574,7
27575,3
27576,3
27577,0
27578,3
27579,5
27580,2
27581,6
27582,9
27583,5
27584,4
27585,3
27586,6
27587,6
27588,8
27589,6
27590,4
27591,6
27592,5
27593,0
27594,4
27595,7
27596,7
27597,5
27598,9
27599,9
27600,3
27601,5
27602,3
27603,5
27604,0
27605,0
27606,5
27607,4
27608,7
27609,1
27610,4
27611,0
27612,9
27613,4
27614,8
27615,8
27616,7
27617,8
27618,0
27619,1
27620,7
27621,3
27622,8
27623,4
27624,6
27625,6
27626,5
27627,5
27628,3
27629,1
27630,7
27631,3
27632,7
27633,3
27634,6
27635,7
27636,3
27637,6
27638,1
27639,8
27640,9
27641,2
27642,9
27643,5
27644,5
27645,2
27646,9
27647,9
27648,3
27649,0
27650,7
27651,0
27652,3
27653,3
27654,6
27655,6
27656,7
27657,0
27658,8
27659,1
27660,4
27661,9
27662,0
27663,8
27664,6
27665,7
27666,0
27667,9
27668,1
27669,3
27670,7
27671,9
27672,3
27673,3
27674,8
27675,5
27676,1
27677,9
27678,4
27679,4
27680,5
27681,7
27682,7
27683,0
27684,3
27685,0
27686,5
27687,5
27688,1
27689,0
27690,8
27691,6
27692,4
27693,9
27694,5
27695,2
27696,5
27697,1
27698,8
27699,8
27700,6
27701,8
27702,3
27703,1
27704,7
27705,4
27706,0
27707,9
27708,4
27709,7
27710,5
27711,8
27712,6
27713,8
27714,9
27715,1
27716,6
27717,7
27718,8
27719,9
27720,0
27721,2
27722,4
27723,3
27724,7
27725,4
27726,8
27727,2
27728,5
27729,6
27730,0
27731,1
27732,4
27733,8
27734,4
27735,1
27736,4
27737,1
27738,0
27739,0
27740,6
27741,0
27742,1
27743,1
27744,3
27745,8
27746,9
27747,3
27748,9
27749,7
27750,1
27751,8
27752,6
27753,8
27754,9
27755,5
27756,0
27757,3
27758,2
27759,2
27760,7
27761,4
27762,7
27763,3
27764,7
27765,5
27766,6
27767,8
27768,7
27769,2
27770,3
27771,7
27772,7
27773,5
27774,1
27775,1
27776,3
27777,7
27778,9
27779,8
27780,2
27781,0
27782,9
27783,5
27784,9
27785,5
27786,4
27787,2
27788,4
27789,9
27790,6
27791,4
27792,7
27793,6
27794,1
27795,3
27796,4
27797,1
27798,1
27799,6
27800,1
27801,0
27802,9
27803,4
27804,3
27805,2
27806,7
27807,7
27808,3
27809,5
27810,5
27811,3
27812,1
27813,6
27814,4
27815,5
27816,3
27817,6
27818,6
27819,6
27820,4
27821,6
27822,3
27823,9
27824,4
27825,8
27826,7
27827,5
27828,3
27829,8
27830,7
27831,4
27832,8
27833,3
27834,6
27835,0
27836,7
27837,5
27838,3
27839,8
27840,1
27841,1
27842,3
27843,5
27844,1
27845,5
27846,7
27847,0
27848,5
27849,8
27850,9
27851,3
27852,1
27853,6
27854,1
27855,5
27856,6
27857,1
27858,7
27859,0
27860,0
27861,2
27862,2
27863,8
27864,6
27865,6
27866,3
27867,1
27868,2
27869,0
27870,3
27871,7
27872,8
27873,5
27874,8
27875,9
27876,7
27877,7
27878,6
27879,6
27880,5
27881,3
27882,1
27883,3
27884,2
27885,6
27886,9
27887,5
27888,5
27889,0
27890,1
27891,7
27892,1
27893,1
27894,0
27895,6
27896,6
27897,8
27898,2
27899,6
27900,5
27901,8
27902,2
27903,3
27904,0
27905,4
27906,9
27907,2
27908,9
27909,2
27910,2
27911,8
27912,4
27913,2
27914,9
27915,6
27916,1
27917,4
27918,9
27919,8
27920,7
27921,4
27922,6
27923,9
27924,7
27925,2
27926,7
27927,8
27928,7
27929,8
27930,7
27931,2
27932,7
27933,9
27934,4
27935,3
27936,9
27937,6
27938,7
27939,9
27940,2
27941,8
27942,4
27943,7
27944,0
27945,0
27946,0
27947,4
27948,5
27949,4
27950,5
27951,8
27952,5
27953,5
27954,4
27955,2
27956,9
27957,2
27958,1
27959,0
27960,5
27961,8
27962,6
27963,2
27964,3
27965,5
27966,9
27967,9
27968,4
27969,9
27970,7
27971,1
27972,6
27973,3
27974,5
27975,6
27976,9
27977,9
27978,7
27979,3
27980,1
27981,4
27982,4
27983,7
27984,5
27985,8
27986,6
27987,4
27988,8
27989,5
27990,5
27991,9
27992,9
27993,5
27994,3
27995,3
27996,5
27997,5
27998,6
27999,4
28000,1
28001,1
28002,9
28003,8
28004,4
28005,7
28006,9
28007,5
28008,9
28009,9
28010,6
28011,1
28012,8
28013,1
28014,6
28015,9
28016,8
28017,1
28018,1
28019,0
28020,3
28021,6
28022,8
28023,3
28024,2
28025,8
28026,6
28027,5
28028,2
28029,9
28030,4
28031,5
28032,2
28033,6
28034,1
28035,0
28036,5
28037,7
28038,3
28039,1
28040,8
28041,2
28042,8
28043,2
28044,5
28045,7
28046,0
28047,1
28048,6
28049,1
28050,3
28051,5
28052,2
28053,8
28054,7
28055,4
28056,8
28057,5
28058,4
28059,0
28060,4
28061,1
28062,7
28063,7
28064,9
28065,2
28066,3
28067,1
28068,7
28069,6
28070,5
28071,1
28072,5
28073,0
28074,9
28075,7
28076,2
28077,3
28078,3
28079,3
28080,2
28081,8
28082,6
28083,7
28084,6
28085,0
28086,6
28087,9
28088,5
28089,0
28090,4
28091,9
28092,5
28093,7
28094,6
28095,5
28096,2
28097,5
28098,5
28099,8
28100,8
28101,0
28102,1
28103,2
28104,2
28105,4
28106,4
28107,8
28108,9
28109,4
28110,4
28111,1
28112,9
28113,0
28114,8
28115,3
28116,4
28117,3
28118,5
28119,3
28120,8
28121,9
28122,7
28123,0
28124,6
28125,5
28126,4
28127,9
28128,4
28129,8
28130,0
28131,2
28132,7
28133,2
28134,0
28135,4
28136,7
28137,1
28138,9
28139,7
28140,4
28141,3
28142,3
28143,9
28144,6
28145,6
28146,7
28147,8
28148,4
28149,9
28150,5
28151,1
28152,4
28153,5
28154,8
28155,5
28156,3
28157,8
28158,3
28159,0
28160,4
28161,3
28162,1
28163,9
28164,4
28165,9
28166,0
28167,1
28168,9
28169,2
28170,0
28171,5
28172,1
28173,8
28174,5
28175,5
28176,1
28177,7
28178,9
28179,3
28180,3
28181,2
28182,9
28183,8
28184,3
28185,3
28186,5
28187,6
28188,3
28189,7
28190,9
28191,6
28192,8
28193,0
28194,7
28195,6
28196,7
28197,3
28198,4
28199,9
28200,4
28201,5
28202,4
28203,5
28204,2
28205,2
28206,0
28207,9
28208,4
28209,7
28210,7
28211,5
28212,2
28213,2
28214,9
28215,7
28216,5
28217,7
28218,2
28219,7
28220,0
28221,3
28222,4
28223,3
28224,8
28225,9
28226,3
28227,6
28228,5
28229,7
28230,9
28231,3
28232,5
28233,1
28234,2
28235,4
28236,1
28237,3
28238,0
28239,3
28240,1
28241,7
28242,1
28243,7
28244,3
28245,8
28246,7
28247,6
28248,7
28249,5
28250,3
28251,5
28252,2
28253,4
28254,2
28255,9
28256,0
28257,5
28258,1
28259,6
28260,3
28261,2
28262,8
28263,8
28264,4
28265,1
28266,6
28267,1
28268,3
28269,1
28270,9
28271,7
28272,2
28273,5
28274,4
28275,5
28276,6
28277,3
28278,8
28279,1
28280,1
28281,5
28282,8
28283,7
28284,2
28285,8
28286,0
28287,9
28288,6
28289,4
28290,1
28291,8
28292,9
28293,1
28294,8
28295,2
28296,5
28297,2
28298,7
28299,4
28300,5
28301,0
28302,2
28303,4
28304,9
28305,2
28306,1
28307,8
28308,8
28309,4
28310,5
28311,1
28312,2
28313,3
28314,0
28315,4
28316,2
28317,4
28318,3
28319,1
28320,3
28321,9
28322,2
28323,2
28324,7
28325,6
28326,3
28327,3
28328,2
28329,3
28330,5
28331,6
28332,2
28333,1
28334,4
28335,9
28336,2
28337,8
28338,1
28339,2
28340,9
28341,9
28342,9
28343,2
28344,4
28345,8
28346,1
28347,4
28348,6
28349,6
28350,3
28351,9
28352,2
28353,6
28354,0
28355,3
28356,8
28357,3
28358,1
28359,6
28360,8
28361,9
28362,1
28363,8
28364,9
28365,7
28366,2
28367,1
28368,7
28369,8
28370,4
28371,9
28372,2
28373,8
28374,6
28375,6
28376,4
28377,8
28378,8
28379,7
28380,0
28381,8
28382,3
28383,4
28384,2
28385,4
28386,3
28387,2
28388,2
28389,0
28390,1
28391,4
28392,1
28393,6
28394,3
28395,6
28396,9
28397,4
28398,4
28399,2
28400,3
28401,9
28402,7
28403,7
28404,5
28405,0
28406,8
28407,9
28408,2
28409,6
28410,8
28411,4
28412,3
28413,2
28414,1
28415,8
28416,8
28417,6
28418,2
28419,5
28420,1
28421,1
28422,8
28423,0
28424,0
28425,3
28426,2
28427,5
28428,8
28429,4
28430,6
28431,8
28432,7
28433,5
28434,6
28435,5
28436,7
28437,9
28438,5
28439,1
28440,5
28441,0
28442,1
28443,4
28444,7
28445,1
28446,0
28447,4
28448,5
28449,7
28450,6
28451,8
28452,3
28453,9
28454,3
28455,0
28456,4
28457,3
28458,9
28459,0
28460,6
28461,7
28462,7
28463,3
28464,0
28465,5
28466,4
28467,8
28468,9
28469,5
28470,7
28471,6
28472,1
28473,6
28474,9
28475,6
28476,6
28477,1
28478,7
28479,5
28480,4
28481,1
28482,2
28483,2
28484,3
28485,6
28486,6
28487,5
28488,4
28489,1
28490,5
28491,3
28492,5
28493,8
28494,5
28495,5
28496,2
28497,4
28498,8
28499,8
28500,7
28501,3
28502,0
28503,0
28504,4
28505,7
28506,0
28507,6
28508,9
28509,5
28510,9
28511,4
28512,0
28513,6
28514,9
28515,9
28516,0
28517,6
28518,9
28519,3
28520,7
28521,7
28522,9
28523,8
28524,5
28525,4
28526,2
28527,2
28528,5
28529,7
28530,8
28531,3
28532,6
28533,4
28534,8
28535,4
28536,8
28537,9
28538,9
28539,6
28540,5
28541,8
28542,0
28543,4
28544,7
28545,4
28546,9
28547,9
28548,1
28549,9
28550,9
28551,0
28552,0
28553,0
28554,5
28555,8
28556,6
28557,7
28558,1
28559,5
28560,6
28561,7
28562,8
28563,3
28564,7
28565,4
28566,6
28567,5
28568,4
28569,4
28570,1
28571,4
28572,3
28573,5
28574,5
28575,4
28576,7
28577,2
28578,3
28579,3
28580,1
28581,0
28582,3
28583,7
28584,3
28585,1
28586,3
28587,2
28588,0
28589,6
28590,2
28591,5
28592,2
28593,5
28594,7
28595,3
28596,8
28597,4
28598,0
28599,0
28600,4
28601,1
28602,5
28603,1
28604,3
28605,9
28606,9
28607,3
28608,9
28609,1
28610,4
28611,6
28612,9
28613,1
28614,9
28615,3
28616,2
28617,7
28618,4
28619,9
28620,6
28621,0
28622,0
28623,3
28624,0
28625,2
28626,9
28627,8
28628,5
28629,8
28630,3
28631,7
28632,6
28633,3
28634,8
28635,1
28636,5
28637,2
28638,3
28639,6
28640,2
28641,0
28642,4
28643,1
28644,5
28645,3
28646,4
28647,4
28648,0
28649,0
28650,3
28651,1
28652,6
28653,6
28654,4
28655,2
28656,5
28657,3
28658,1
28659,6
28660,5
28661,3
28662,2
28663,3
28664,1
28665,3
28666,3
28667,6
28668,2
28669,3
28670,2
28671,2
28672,7
28673,1
28674,0
28675,7
28676,4
28677,9
28678,4
28679,1
28680,9
28681,5
28682,0
28683,7
28684,6
28685,6
28686,8
28687,6
28688,8
28689,2
28690,3
28691,6
28692,9
28693,5
28694,6
28695,3
28696,2
28697,9
28698,7
28699,6
28700,1
28701,1
28702,9
28703,5
28704,3
28705,6
28706,3
28707,6
28708,2
28709,3
28710,5
28711,8
28712,6
28713,8
28714,1
28715,7
28716,5
28717,2
28718,3
28719,7
28720,3
28721,5
28722,4
28723,9
28724,1
28725,0
28726,8
28727,2
28728,1
28729,7
28730,6
28731,3
28732,1
28733,2
28734,8
28735,0
28736,5
28737,7
28738,5
28739,4
28740,2
28741,9
28742,5
28743,0
28744,4
28745,4
28746,8
28747,5
28748,0
28749,7
28750,7
28751,7
28752,0
28753,7
28754,8
28755,3
28756,9
28757,4
28758,3
28759,1
28760,6
28761,4
28762,1
28763,2
28764,8
28765,5
28766,5
28767,4
28768,4
28769,1
28770,7
28771,1
28772,5
28773,1
28774,7
28775,3
28776,1
28777,3
28778,2
28779,5
28780,3
28781,9
28782,6
28783,6
28784,0
28785,4
28786,2
28787,6
28788,3
28789,3
28790,8
28791,0
28792,9
28793,4
28794,7
28795,9
28796,2
28797,7
28798,3
28799,3
28800,6
28801,5
28802,7
28803,9
28804,9
28805,6
28806,1
28807,5
28808,7
28809,3
28810,2
28811,3
28812,4
28813,7
28814,0
28815,0
28816,5
28817,0
28818,0
28819,7
28820,6
28821,9
28822,5
28823,0
28824,5
28825,5
28826,6
28827,6
28828,8
28829,6
28830,7
28831,2
28832,1
28833,9
28834,1
28835,6
28836,1
28837,8
28838,0
28839,6
28840,3
28841,6
28842,5
28843,2
28844,3
28845,0
28846,2
28847,1
28848,9
28849,5
28850,2
28851,2
28852,7
28853,8
28854,8
28855,7
28856,3
28857,7
28858,4
28859,3
28860,7
28861,5
28862,8
28863,2
28864,4
28865,0
28866,9
28867,6
28868,2
28869,8
28870,9
28871,5
28872,4
28873,2
28874,7
28875,9
28876,4
28877,7
28878,1
28879,1
28880,8
28881,2
28882,5
28883,0
28884,5
28885,3
28886,3
28887,7
28888,5
28889,3
28890,0
28891,5
28892,8
28893,4
28894,8
28895,6
28896,4
28897,1
28898,6
28899,7
28900,6
28901,1
28902,0
28903,6
28904,5
28905,2
28906,3
28907,9
28908,0
28909,1
28910,3
28911,3
28912,4
28913,5
28914,5
28915,8
28916,8
28917,8
28918,9
28919,4
28920,9
28921,3
28922,2
28923,4
28924,1
28925,4
28926,5
28927,9
28928,9
28929,5
28930,7
28931,3
28932,0
28933,1
28934,7
28935,5
28936,5
28937,2
28938,1
28939,1
28940,2
28941,4
28942,1
28943,0
28944,2
28945,0
28946,6
28947,9
28948,0
28949,0
28950,0
28951,9
28952,7
28953,2
28954,1
28955,4
28956,7
28957,7
28958,3
28959,2
28960,1
28961,8
28962,3
28963,5
28964,4
28965,7
28966,9
28967,8
28968,6
28969,5
28970,7
28971,4
28972,0
28973,8
28974,6
28975,0
28976,2
28977,4
28978,1
28979,7
28980,7
28981,0
28982,6
28983,8
28984,3
28985,8
28986,4
28987,8
28988,5
28989,9
28990,6
28991,7
28992,2
28993,5
28994,5
28995,8
28996,1
28997,4
28998,6
28999,8
29000,4
29001,0
29002,4
29003,2
29004,2
29005,3
29006,2
29007,7
29008,8
29009,1
29010,1
29011,5
29012,9
29013,8
29014,6
29015,4
29016,1
29017,1
29018,9
29019,0
29020,5
29021,5
29022,4
29023,8
29024,3
29025,4
29026,0
29027,2
29028,5
29029,0
29030,6
29031,3
29032,8
29033,1
29034,6
29035,4
29036,9
29037,4
29038,4
29039,8
29040,9
29041,3
29042,0
29043,7
29044,4
29045,8
29046,0
29047,0
29048,5
29049,7
29050,1
29051,0
29052,1
29053,7
29054,8
29055,2
29056,7
29057,9
29058,9
29059,7
29060,0
29061,3
29062,9
29063,7
29064,8
29065,9
29066,1
29067,1
29068,6
29069,0
29070,6
29071,7
29072,1
29073,2
29074,8
29075,0
29076,8
29077,2
29078,8
29079,1
29080,0
29081,4
29082,8
29083,3
29084,7
29085,3
29086,0
29087,4
29088,1
29089,7
29090,1
29091,6
29092,9
29093,7
29094,4
29095,4
29096,0
29097,6
29098,9
29099,2
29100,4
29101,0
29102,1
29103,0
29104,8
29105,2
29106,0
29107,6
29108,4
29109,1
29110,6
29111,6
29112,1
29113,0
29114,7
29115,8
29116,2
29117,5
29118,3
29119,9
29120,8
29121,7
29122,6
29123,3
29124,5
29125,1
29126,8
29127,9
29128,0
29129,8
29130,9
29131,6
29132,5
29133,9
29134,2
29135,0
29136,3
29137,6
29138,5
29139,6
29140,4
29141,8
29142,4
29143,0
29144,0
29145,4
29146,1
29147,7
29148,6
29149,8
29150,6
29151,7
29152,7
29153,2
29154,4
29155,1
29156,4
29157,8
29158,9
29159,7
29160,1
29161,8
29162,1
29163,7
29164,0
29165,7
29166,8
29167,1
29168,0
29169,4
29170,2
29171,7
29172,4
29173,4
29174,6
29175,1
29176,5
29177,4
29178,2
29179,5
29180,2
29181,5
29182,4
29183,7
29184,6
29185,8
29186,6
29187,8
29188,4
29189,2
29190,6
29191,4
29192,4
29193,7
29194,6
29195,6
29196,6
29197,6
29198,6
29199,3
29200,2
29201,5
29202,6
29203,6
29204,8
29205,2
29206,7
29207,7
29208,1
29209,2
29210,8
29211,2
29212,3
29213,8
29214,2
29215,5
29216,0
29217,6
29218,8
29219,0
29220,5
29221,7
29222,2
29223,2
29224,2
29225,6
29226,2
29227,0
29228,0
29229,1
29230,6
29231,7
29232,3
29233,4
29234,0
29235,0
29236,0
29237,3
29238,9
29239,8
29240,8
29241,1
29242,7
29243,4
29244,9
29245,6
29246,0
29247,3
29248,8
29249,8
29250,2
29251,4
29252,4
29253,9
29254,8
29255,3
29256,9
29257,6
29258,0
29259,8
29260,1
29261,7
29262,8
29263,5
29264,1
29265,2
29266,9
29267,4
29268,8
29269,2
29270,4
29271,5
29272,1
29273,3
29274,8
29275,1
29276,6
29277,3
29278,1
29279,4
29280,7
29281,4
29282,1
29283,5
29284,3
29285,7
29286,9
29287,2
29288,2
29289,6
29290,3
29291,0
29292,7
29293,9
29294,4
29295,2
29296,8
29297,5
29298,2
29299,1
29300,5
29301,1
29302,1
29303,0
29304,2
29305,9
29306,1
29307,1
29308,8
29309,1
29310,5
29311,8
29312,3
29313,0
29314,8
29315,9
29316,5
29317,4
29318,9
29319,2
29320,6
29321,5
29322,3
29323,3
29324,9
29325,9
29326,0
29327,0
29328,6
29329,7
29330,3
29331,1
29332,7
29333,3
29334,8
29335,9
29336,1
29337,1
29338,7
29339,5
29340,8
29341,2
29342,0
29343,4
29344,2
29345,6
29346,2
29347,9
29348,9
29349,9
29350,9
29351,1
29352,5
29353,6
29354,2
29355,4
29356,0
29357,8
29358,9
29359,2
29360,7
29361,6
29362,6
29363,9
29364,2
29365,3
29366,5
29367,5
29368,2
29369,6
29370,3
29371,9
29372,8
29373,6
29374,4
29375,5
29376,2
29377,5
29378,7
29379,1
29380,2
29381,1
29382,7
29383,7
29384,4
29385,9
29386,1
29387,0
29388,5
29389,3
29390,2
29391,5
29392,4
29393,0
29394,5
29395,8
29396,4
29397,5
29398,4
29399,0
29400,2
29401,7
29402,6
29403,9
29404,6
29405,0
29406,2
29407,1
29408,5
29409,8
29410,0
29411,2
29412,5
29413,8
29414,2
29415,0
29416,8
29417,2
29418,2
29419,1
29420,5
29421,5
29422,0
29423,2
29424,1
29425,9
29426,1
29427,7
29428,8
29429,6
29430,2
29431,0
29432,2
29433,6
29434,1
29435,7
29436,9
29437,5
29438,2
29439,5
29440,6
29441,4
29442,6
29443,0
29444,8
29445,1
29446,9
29447,3
29448,1
29449,8
29450,2
29451,7
29452,1
29453,0
29454,1
29455,4
29456,1
29457,3
29458,7
29459,1
29460,3
29461,5
29462,0
29463,6
29464,4
29465,7
29466,6
29467,9
29468,8
29469,9
29470,9
29471,6
29472,7
29473,0
29474,7
29475,7
29476,6
29477,8
29478,9
29479,5
29480,7
29481,9
29482,1
29483,2
29484,6
29485,9
29486,1
29487,4
29488,8
29489,5
29490,3
29491,3
29492,3
29493,8
29494,9
29495,0
29496,8
29497,0
29498,5
29499,6
29500,4
29501,3
29502,5
29503,8
29504,2
29505,0
29506,7
29507,9
29508,1
29509,9
29510,1
29511,6
29512,5
29513,6
29514,6
29515,6
29516,8
29517,7
29518,4
29519,5
29520,1
29521,6
29522,8
29523,4
29524,2
29525,5
29526,8
29527,0
29528,3
29529,1
29530,8
29531,1
29532,1
29533,9
29534,6
29535,1
29536,2
29537,8
29538,6
29539,9
29540,4
29541,5
29542,4
29543,1
29544,3
29545,7
29546,1
29547,0
29548,6
29549,7
29550,3
29551,6
29552,4
29553,5
29554,6
29555,3
29556,4
29557,5
29558,2
29559,5
29560,0
29561,2
29562,2
29563,9
29564,1
29565,2
29566,3
29567,8
29568,6
29569,8
29570,1
29571,2
29572,7
29573,9
29574,5
29575,5
29576,9
29577,1
29578,1
29579,4
29580,2
29581,5
29582,1
29583,1
29584,7
29585,4
29586,0
29587,9
29588,4
29589,6
29590,3
29591,6
29592,0
29593,1
29594,8
29595,3
29596,0
29597,9
29598,5
29599,0
29600,5
29601,5
29602,2
29603,1
29604,3
29605,4
29606,2
29607,9
29608,0
29609,5
29610,8
29611,6
29612,6
29613,6
29614,8
29615,3
29616,2
29617,6
29618,1
29619,7
29620,1
29621,3
29622,9
29623,3
29624,5
29625,4
29626,4
29627,3
29628,5
29629,9
29630,4
29631,4
29632,5
29633,9
29634,5
29635,2
29636,6
29637,4
29638,6
29639,8
29640,3
29641,4
29642,9
29643,6
29644,6
29645,4
29646,5
29647,1
29648,2
29649,4
29650,6
29651,7
29652,2
29653,6
29654,5
29655,8
29656,7
29657,3
29658,1
29659,9
29660,9
29661,8
29662,2
29663,0
29664,9
29665,3
29666,0
29667,2
29668,0
29669,6
29670,3
29671,4
29672,7
29673,0
29674,1
29675,2
29676,9
29677,4
29678,7
29679,6
29680,7
29681,9
29682,4
29683,7
29684,9
29685,1
29686,1
29687,7
29688,6
29689,7
29690,4
29691,7
29692,4
29693,1
29694,0
29695,8
29696,5
29697,6
29698,5
29699,0
29700,3
29701,5
29702,9
29703,2
29704,4
29705,9
29706,4
29707,8
29708,7
29709,8
29710,5
29711,6
29712,2
29713,3
29714,8
29715,4
29716,4
29717,1
29718,3
29719,7
29720,4
29721,9
29722,0
29723,3
29724,2
29725,7
29726,9
29727,6
29728,4
29729,0
29730,4
29731,0
29732,6
29733,2
29734,6
29735,1
29736,3
29737,9
29738,9
29739,4
29740,7
29741,5
29742,2
29743,5
29744,8
29745,4
29746,6
29747,8
29748,3
29749,7
29750,6
29751,5
29752,1
29753,7
29754,0
29755,3
29756,1
29757,4
29758,2
29759,4
29760,1
29761,6
29762,3
29763,5
29764,7
29765,7
29766,7
29767,0
29768,0
29769,1
29770,1
29771,1
29772,0
29773,2
29774,1
29775,7
29776,8
29777,5
29778,5
29779,2
29780,1
29781,0
29782,9
29783,1
29784,4
29785,2
29786,6
29787,9
29788,1
29789,2
29790,8
29791,3
29792,4
29793,4
29794,3
29795,0
29796,0
29797,7
29798,5
29799,0
29800,0
29801,3
29802,7
29803,0
29804,4
29805,3
29806,4
29807,0
29808,4
29809,1
29810,0
29811,4
29812,5
29813,9
29814,8
29815,8
29816,8
29817,5
29818,1
29819,1
29820,5
29821,9
29822,2
29823,3
29824,8
29825,2
29826,8
29827,3
29828,3
29829,5
29830,6
29831,4
29832,8
29833,3
29834,4
29835,5
29836,5
29837,4
29838,5
29839,5
29840,6
29841,6
29842,7
29843,8
29844,5
29845,6
29846,6
29847,9
29848,7
29849,8
29850,4
29851,0
29852,7
29853,8
29854,7
29855,6
29856,6
29857,9
29858,3
29859,4
29860,4
29861,3
29862,2
29863,6
29864,4
29865,3
29866,6
29867,4
29868,0
29869,5
29870,5
29871,2
29872,3
29873,7
29874,0
29875,6
29876,2
29877,5
29878,3
29879,2
29880,8
29881,8
29882,5
29883,5
29884,1
29885,3
29886,1
29887,5
29888,3
29889,7
29890,6
29891,1
29892,8
29893,7
29894,0
29895,2
29896,6
29897,4
29898,1
29899,3
29900,5
29901,0
29902,5
29903,3
29904,2
29905,5
29906,4
29907,2
29908,5
29909,9
29910,5
29911,6
29912,9
29913,6
29914,2
29915,8
29916,4
29917,6
29918,3
29919,1
29920,5
29921,1
29922,7
29923,1
29924,5
29925,3
29926,4
29927,1
29928,6
29929,0
29930,7
29931,2
29932,7
29933,9
29934,9
29935,5
29936,9
29937,3
29938,5
29939,6
29940,0
29941,2
29942,2
29943,8
29944,0
29945,3
29946,5
29947,4
29948,5
29949,1
29950,0
29951,0
29952,8
29953,6
29954,7
29955,9
29956,0
29957,6
29958,5
29959,5
29960,4
29961,4
29962,2
29963,7
29964,8
29965,5
29966,2
29967,9
29968,9
29969,3
29970,3
29971,7
29972,2
29973,7
29974,5
29975,6
29976,0
29977,0
29978,1
29979,8
29980,0
29981,3
29982,0
29983,6
29984,5
29985,6
29986,0
29987,0
29988,0
29989,0
29990,4
29991,9
29992,8
29993,8
29994,6
29995,4
29996,7
29997,0
29998,7
29999,4
30000,6
30001,6
30002,2
30003,1
30004,1
30005,3
30006,7
30007,8
30008,7
30009,3
30010,1
30011,4
30012,7
30013,3
30014,1
30015,2
30016,3
30017,0
30018,8
30019,0
30020,2
30021,6
30022,9
30023,7
30024,8
30025,0
30026,9
30027,9
30028,4
30029,2
30030,6
30031,1
30032,1
30033,3
30034,8
30035,4
30036,6
30037,0
30038,2
30039,3
30040,7
30041,4
30042,6
30043,3
30044,2
30045,8
30046,8
30047,9
30048,7
30049,2
30050,5
30051,0
30052,8
30053,6
30054,6
30055,0
30056,8
30057,1
30058,8
30059,5
30060,6
30061,8
30062,6
30063,2
30064,5
30065,0
30066,3
30067,5
30068,5
30069,8
30070,4
30071,4
30072,9
30073,0
30074,5
30075,0
30076,5
30077,4
30078,3
30079,6
30080,9
30081,3
30082,4
30083,7
30084,0
30085,7
30086,8
30087,1
30088,8
30089,7
30090,6
30091,5
30092,4
30093,0
30094,2
30095,9
30096,0
30097,7
30098,8
30099,0
30100,0
30101,4
30102,3
30103,9
30104,7
30105,7
30106,9
30107,5
30108,8
30109,1
30110,8
30111,0
30112,9
30113,0
30114,6
30115,3
30116,6
30117,4
30118,9
30119,3
30120,9
30121,4
30122,8
30123,5
30124,1
30125,3
30126,1
30127,0
30128,9
30129,1
30130,7
30131,8
30132,0
30133,5
30134,7
30135,9
30136,6
30137,3
30138,1
30139,8
30140,0
30141,7
30142,5
30143,9
30144,4
30145,8
30146,3
30147,6
30148,5
30149,6
30150,3
30151,7
30152,9
30153,4
30154,0
30155,7
30156,9
30157,6
30158,3
30159,5
30160,9
30161,7
30162,2
30163,1
30164,8
30165,4
30166,8
30167,2
30168,0
30169,3
30170,7
30171,8
30172,3
30173,7
30174,7
30175,0
30176,6
30177,7
30178,9
30179,7
30180,0
30181,8
30182,9
30183,5
30184,7
30185,1
30186,2
30187,9
30188,5
30189,5
30190,5
30191,8
30192,8
30193,3
30194,0
30195,1
30196,1
30197,8
30198,3
30199,0
30200,5
30201,2
30202,4
30203,8
30204,6
30205,2
30206,0
30207,0
30208,5
30209,7
30210,0
30211,9
30212,3
30213,3
30214,1
30215,6
30216,1
30217,1
30218,3
30219,0
30220,0
30221,0
30222,0
30223,7
30224,4
30225,3
30226,7
30227,4
30228,2
30229,1
30230,9
30231,3
30232,0
30233,6
30234,6
30235,8
30236,3
30237,3
30238,2
30239,2
30240,8
30241,4
30242,7
30243,0
30244,7
30245,1
30246,0
30247,7
30248,0
30249,7
30250,0
30251,4
30252,3
30253,7
30254,8
30255,4
30256,0
30257,9
30258,1
30259,0
30260,6
30261,7
30262,8
30263,6
30264,3
30265,5
30266,5
30267,3
30268,1
30269,8
30270,8
30271,4
30272,9
30273,7
30274,6
30275,1
30276,9
30277,0
30278,7
30279,6
30280,6
30281,8
30282,1
30283,6
30284,6
30285,2
30286,2
30287,8
30288,2
30289,4
30290,2
30291,7
30292,8
30293,1
30294,5
30295,2
30296,7
30297,8
30298,4
30299,1
30300,3
30301,8
30302,3
30303,4
30304,8
30305,7
30306,4
30307,8
30308,2
30309,5
30310,5
30311,1
30312,5
30313,6
30314,9
30315,8
30316,4
30317,2
30318,0
30319,6
30320,9
30321,1
30322,5
30323,8
30324,8
30325,9
30326,6
30327,1
30328,5
30329,3
30330,2
30331,8
30332,7
30333,1
30334,4
30335,4
30336,2
30337,8
30338,0
30339,4
30340,4
30341,1
30342,7
30343,0
30344,5
30345,5
30346,4
30347,7
30348,1
30349,8
30350,8
30351,7
30352,5
30353,1
30354,0
30355,8
30356,9
30357,5
30358,4
30359,8
30360,7
30361,8
30362,1
30363,0
30364,9
30365,9
30366,8
30367,2
30368,4
30369,7
30370,5
30371,8
30372,6
30373,2
30374,7
30375,5
30376,0
30377,0
30378,0
30379,6
30380,8
30381,5
30382,9
30383,3
30384,6
30385,6
30386,7
30387,9
30388,8
30389,4
30390,8
30391,3
30392,4
30393,2
30394,3
30395,4
30396,1
30397,6
30398,4
30399,4
30400,7
30401,7
30402,6
30403,4
30404,7
30405,1
30406,2
30407,9
30408,4
30409,8
30410,8
30411,0
30412,6
30413,4
30414,2
30415,1
30416,0
30417,4
30418,8
30419,3
30420,6
30421,1
30422,2
30423,4
30424,9
30425,3
30426,5
30427,4
30428,2
30429,8
30430,2
30431,6
30432,2
30433,7
30434,2
30435,5
30436,4
30437,6
30438,2
30439,4
30440,1
30441,0
30442,2
30443,4
30444,4
30445,7
30446,3
30447,8
30448,8
30449,1
30450,8
30451,1
30452,9
30453,2
30454,3
30455,0
30456,8
30457,5
30458,8
30459,0
30460,2
30461,9
30462,3
30463,4
30464,3
30465,1
30466,8
30467,2
30468,7
30469,1
30470,7
30471,9
30472,0
30473,9
30474,6
30475,6
30476,1
30477,5
30478,1
30479,7
30480,9
30481,5
30482,0
30483,6
30484,8
30485,2
30486,6
30487,4
30488,2
30489,4
30490,3
30491,0
30492,8
30493,8
30494,1
30495,2
30496,0
30497,6
30498,7
30499,4
30500,7
30501,1
30502,1
30503,0
30504,3
30505,6
30506,9
30507,8
30508,5
30509,2
30510,5
30511,4
30512,3
30513,3
30514,4
30515,4
30516,7
30517,0
30518,8
30519,3
30520,3
30521,7
30522,9
30523,0
30524,0
30525,3
30526,6
30527,8
30528,1
30529,1
30530,5
30531,2
30532,0
30533,2
30534,8
30535,0
30536,9
30537,4
30538,4
30539,4
30540,3
30541,9
30542,2
30543,5
30544,4
30545,3
30546,6
30547,6
30548,1
30549,7
30550,8
30551,3
30552,7
30553,4
30554,7
30555,0
30556,4
30557,6
30558,8
30559,6
30560,2
30561,8
30562,1
30563,2
30564,8
30565,3
30566,8
30567,1
30568,7
30569,6
30570,9
30571,0
30572,9
30573,4
30574,4
30575,2
30576,1
30577,8
30578,7
30579,7
30580,7
30581,3
30582,6
30583,6
30584,2
30585,2
30586,9
30587,6
30588,8
30589,7
30590,9
30591,9
30592,2
30593,9
30594,8
30595,2
30596,5
30597,3
30598,5
30599,4
30600,3
30601,5
30602,7
30603,3
30604,5
30605,3
30606,1
30607,4
30608,5
30609,5
30610,8
30611,5
30612,2
30613,8
30614,6
30615,6
30616,5
30617,2
30618,4
30619,5
30620,2
30621,2
30622,3
30623,5
30624,6
30625,6
30626,2
30627,1
30628,3
30629,7
30630,0
30631,0
30632,7
30633,0
30634,6
30635,5
30636,9
30637,0
30638,6
30639,7
30640,5
30641,0
30642,2
30643,5
30644,3
30645,7
30646,7
30647,8
30648,3
30649,8
30650,6
30651,0
30652,7
30653,2
30654,3
30655,9
30656,2
30657,1
30658,9
30659,3
30660,1
30661,2
30662,0
30663,4
30664,1
30665,1
30666,3
30667,1
30668,9
30669,1
30670,1
30671,1
30672,4
30673,2
30674,5
30675,9
30676,0
30677,0
30678,5
30679,3
30680,5
30681,9
30682,0
30683,8
30684,9
30685,5
30686,6
30687,1
30688,6
30689,8
30690,1
30691,8
30692,9
30693,8
30694,9
30695,3
30696,2
30697,4
30698,6
30699,8
30700,6
30701,0
30702,8
30703,5
30704,3
30705,8
30706,4
30707,4
30708,1
30709,0
30710,7
30711,7
30712,5
30713,0
30714,3
30715,2
30716,8
30717,6
30718,2
30719,0
30720,2
30721,8
30722,1
30723,9
30724,2
30725,7
30726,0
30727,8
30728,4
30729,3
30730,5
30731,2
30732,9
30733,3
30734,1
30735,8
30736,3
30737,9
30738,1
30739,3
30740,5
30741,1
30742,9
30743,5
30744,4
30745,4
30746,1
30747,3
30748,8
30749,4
30750,8
30751,4
30752,8
30753,5
30754,6
30755,2
30756,5
30757,2
30758,3
30759,0
30760,4
30761,7
30762,8
30763,4
30764,6
30765,8
30766,2
30767,0
30768,6
30769,3
30770,4
30771,2
30772,9
30773,9
30774,7
30775,3
30776,6
30777,1
30778,1
30779,0
30780,9
30781,2
30782,7
30783,5
30784,7
30785,3
30786,4
30787,7
30788,2
30789,7
30790,2
30791,0
30792,7
30793,4
30794,8
30795,0
30796,3
30797,9
30798,9
30799,6
30800,4
30801,8
30802,3
30803,2
30804,0
30805,8
30806,8
30807,5
30808,4
30809,1
30810,8
30811,5
30812,1
30813,0
30814,4
30815,1
30816,2
30817,2
30818,7
30819,8
30820,7
30821,5
30822,1
30823,0
30824,8
30825,4
30826,9
30827,5
30828,4
30829,3
30830,9
30831,6
30832,6
30833,7
30834,1
30835,2
30836,8
30837,0
30838,9
30839,7
30840,2
30841,7
30842,3
30843,0
30844,5
30845,0
30846,7
30847,8
30848,2
30849,2
30850,2
30851,0
30852,7
30853,1
30854,6
30855,4
30856,1
30857,2
30858,7
30859,6
30860,8
30861,4
30862,9
30863,8
30864,8
30865,0
30866,4
30867,7
30868,6
30869,7
30870,7
30871,7
30872,5
30873,8
30874,2
30875,8
30876,1
30877,9
30878,0
30879,9
30880,9
30881,6
30882,2
30883,4
30884,0
30885,4
30886,0
30887,2
30888,6
30889,5
30890,7
30891,0
30892,0
30893,9
30894,3
30895,6
30896,9
30897,7
30898,2
30899,3
30900,8
30901,0
30902,3
30903,0
30904,5
30905,2
30906,3
30907,0
30908,5
30909,6
30910,3
30911,0
30912,0
30913,3
30914,8
30915,8
30916,7
30917,3
30918,7
30919,0
30920,9
30921,8
30922,4
30923,0
30924,1
30925,1
30926,7
30927,6
30928,3
30929,0
30930,6
30931,4
30932,8
30933,5
30934,3
30935,0
30936,6
30937,5
30938,0
30939,0
30940,4
30941,9
30942,4
30943,5
30944,0
30945,3
30946,6
30947,8
30948,1
30949,6
30950,0
30951,5
30952,1
30953,9
30954,2
30955,5
30956,6
30957,2
30958,1
30959,4
30960,3
30961,4
30962,2
30963,6
30964,0
30965,5
30966,0
30967,1
30968,6
30969,0
30970,5
30971,7
30972,1
30973,2
30974,9
30975,7
30976,5
30977,8
30978,8
30979,3
30980,9
30981,7
30982,8
30983,9
30984,6
30985,3
30986,7
30987,0
30988,5
30989,2
30990,4
30991,3
30992,0
30993,0
30994,8
30995,7
30996,7
30997,4
30998,2
30999,3
31000,3
31001,7
31002,4
31003,6
31004,7
31005,0
31006,4
31007,1
31008,0
31009,5
31010,2
31011,3
31012,2
31013,9
31014,1
31015,9
31016,6
31017,3
31018,0
31019,1
31020,4
31021,7
31022,8
31023,2
31024,1
31025,7
31026,5
31027,8
31028,7
31029,9
31030,9
31031,5
31032,1
31033,9
31034,8
31035,0
31036,7
31037,8
31038,5
31039,1
31040,2
31041,2
31042,8
31043,4
31044,9
31045,9
31046,9
31047,2
31048,6
31049,2
31050,1
31051,4
31052,8
31053,1
31054,9
31055,8
31056,9
31057,1
31058,6
31059,9
31060,8
31061,1
31062,2
31063,2
31064,1
31065,3
31066,5
31067,3
31068,3
31069,0
31070,9
31071,6
31072,7
31073,2
31074,0
31075,4
31076,7
31077,2
31078,7
31079,0
31080,1
31081,5
31082,7
31083,9
31084,5
31085,5
31086,5
31087,8
31088,7
31089,2
31090,7
31091,5
31092,7
31093,6
31094,9
31095,3
31096,5
31097,1
31098,2
31099,9
31100,8
31101,4
31102,2
31103,0
31104,5
31105,9
31106,2
31107,6
31108,3
31109,7
31110,9
31111,9
31112,5
31113,1
31114,6
31115,9
31116,0
31117,9
31118,6
31119,2
31120,4
31121,7
31122,0
31123,9
31124,6
31125,0
31126,8
31127,9
31128,3
31129,2
31130,5
31131,0
31132,2
31133,2
31134,9
31135,9
31136,6
31137,8
31138,6
31139,4
31140,2
31141,4
31142,4
31143,4
31144,9
31145,9
31146,2
31147,6
31148,0
31149,2
31150,8
31151,5
31152,0
31153,0
31154,9
31155,6
31156,1
31157,6
31158,2
31159,9
31160,8
31161,5
31162,6
31163,3
31164,9
31165,1
31166,4
31167,5
31168,1
31169,8
31170,4
31171,8
31172,9
31173,5
31174,8
31175,0
31176,1
31177,9
31178,4
31179,5
31180,0
31181,5
31182,8
31183,1
31184,4
31185,0
31186,1
31187,5
31188,7
31189,4
31190,1
31191,1
31192,9
31193,1
31194,0
31195,9
31196,2
31197,7
31198,0
31199,3
31200,2
31201,5
31202,7
31203,3
31204,5
31205,2
31206,6
31207,6
31208,2
31209,7
31210,7
31211,6
31212,1
31213,3
31214,9
31215,3
31216,2
31217,0
31218,2
31219,8
31220,0
31221,8
31222,7
31223,3
31224,1
31225,5
31226,6
31227,6
31228,5
31229,6
31230,7
31231,5
31232,3
31233,5
31234,6
31235,1
31236,1
31237,8
31238,6
31239,7
31240,4
31241,7
31242,5
31243,1
31244,9
31245,7
31246,4
31247,8
31248,1
31249,7
31250,1
31251,3
31252,7
31253,7
31254,5
31255,2
31256,5
31257,4
31258,0
31259,3
31260,5
31261,8
31262,5
31263,7
31264,1
31265,3
31266,6
31267,4
31268,2
31269,5
31270,2
31271,7
31272,2
31273,2
31274,6
31275,5
31276,3
31277,4
31278,6
31279,0
31280,2
31281,5
31282,3
31283,0
31284,5
31285,1
31286,0
31287,1
31288,3
31289,4
31290,1
31291,9
31292,9
31293,5
31294,3
31295,8
31296,6
31297,3
31298,2
31299,6
31300,8
31301,8
31302,9
31303,0
31304,2
31305,6
31306,3
31307,1
31308,7
31309,7
31310,5
31311,0
31312,9
31313,2
31314,3
31315,2
31316,3
31317,8
31318,6
31319,3
31320,6
31321,1
31322,8
31323,5
31324,6
31325,5
31326,1
31327,1
31328,0
31329,8
31330,3
31331,3
31332,4
31333,8
31334,9
31335,0
31336,5
31337,3
31338,6
31339,9
31340,2
31341,2
31342,6
31343,9
31344,2
31345,6
31346,3
31347,9
31348,7
31349,0
31350,3
31351,7
31352,5
31353,3
31354,0
31355,1
31356,2
31357,4
31358,2
31359,3
31360,9
31361,6
31362,3
31363,7
31364,4
31365,8
31366,5
31367,9
31368,4
31369,6
31370,3
31371,8
31372,3
31373,1
31374,6
31375,3
31376,8
31377,4
31378,9
31379,6
31380,5
31381,2
31382,7
31383,1
31384,7
31385,6
31386,1
31387,5
31388,4
31389,9
31390,5
31391,8
31392,8
31393,8
31394,9
31395,5
31396,1
31397,5
31398,1
31399,4
31400,6
31401,8
31402,6
31403,1
31404,2
31405,1
31406,1
31407,4
31408,7
31409,2
31410,6
31411,0
31412,5
31413,1
31414,2
31415,4
31416,7
31417,2
31418,4
31419,9
31420,6
31421,2
31422,1
31423,2
31424,0
31425,9
31426,3
31427,8
31428,1
31429,6
31430,2
31431,9
31432,9
31433,0
31434,9
31435,9
31436,8
31437,1
31438,3
31439,1
31440,9
31441,2
31442,7
31443,3
31444,2
31445,3
31446,9
31447,0
31448,9
31449,6
31450,8
31451,1
31452,3
31453,2
31454,6
31455,2
31456,8
31457,6
31458,0
31459,1
31460,4
31461,9
31462,3
31463,1
31464,7
31465,2
31466,0
31467,5
31468,3
31469,3
31470,5
31471,8
31472,6
31473,7
31474,1
31475,8
31476,5
31477,4
31478,5
31479,1
31480,3
31481,9
31482,5
31483,5
31484,8
31485,5
31486,2
31487,0
31488,3
31489,9
31490,5
31491,7
31492,5
31493,1
31494,4
31495,9
31496,7
31497,4
31498,7
31499,9
31500,0
31501,5
31502,0
31503,8
31504,3
31505,0
31506,7
31507,6
31508,8
31509,8
31510,2
31511,6
31512,6
31513,5
31514,1
31515,3
31516,9
31517,4
31518,4
31519,9
31520,6
31521,1
31522,0
31523,3
31524,7
31525,0
31526,3
31527,6
31528,4
31529,7
31530,5
31531,7
31532,4
31533,4
31534,9
31535,9
31536,7
31537,6
31538,1
31539,8
31540,4
31541,9
31542,7
31543,5
31544,6
31545,0
31546,3
31547,7
31548,6
31549,2
31550,4
31551,5
31552,9
31553,8
31554,6
31555,2
31556,2
31557,0
31558,5
31559,7
31560,0
31561,5
31562,9
31563,1
31564,1
31565,3
31566,4
31567,5
31568,4
31569,2
31570,1
31571,9
31572,7
31573,3
31574,0
31575,1
31576,9
31577,8
31578,8
31579,9
31580,5
31581,9
31582,4
31583,9
31584,6
31585,9
31586,0
31587,3
31588,5
31589,5
31590,4
31591,4
31592,0
31593,8
31594,1
31595,9
31596,9
31597,0
31598,2
31599,8
31600,5
31601,8
31602,6
31603,8
31604,6
31605,6
31606,1
31607,2
31608,8
31609,2
31610,3
31611,6
31612,2
31613,0
31614,6
31615,7
31616,4
31617,3
31618,2
31619,0
31620,5
31621,0
31622,1
31623,7
31624,9
31625,6
31626,0
31627,8
31628,1
31629,9
31630,4
31631,8
31632,1
31633,7
31634,8
31635,3
31636,9
31637,4
31638,7
31639,6
31640,3
31641,2
31642,6
31643,7
31644,9
31645,8
31646,6
31647,4
31648,8
31649,0
31650,4
31651,6
31652,0
31653,3
31654,7
31655,0
31656,0
31657,8
31658,3
31659,5
31660,9
31661,7
31662,9
31663,3
31664,8
31665,2
31666,7
31667,0
31668,6
31669,2
31670,7
31671,3
31672,2
31673,9
31674,3
31675,8
31676,6
31677,1
31678,1
31679,4
31680,9
31681,2
31682,4
31683,2
31684,1
31685,1
31686,4
31687,1
31688,7
31689,4
31690,9
31691,5
31692,9
31693,4
31694,2
31695,7
31696,2
31697,9
31698,1
31699,6
31700,0
31701,9
31702,0
31703,9
31704,3
31705,9
31706,9
31707,4
31708,9
31709,6
31710,4
31711,2
31712,0
31713,4
31714,0
31715,6
31716,1
31717,9
31718,8
31719,6
31720,7
31721,1
31722,3
31723,9
31724,6
31725,3
31726,9
31727,0
31728,9
31729,7
31730,2
31731,1
31732,1
31733,7
31734,8
31735,8
31736,7
31737,5
31738,5
31739,4
31740,1
31741,9
31742,6
31743,0
31744,8
31745,7
31746,5
31747,4
31748,2
31749,6
31750,8
31751,9
31752,7
31753,8
31754,9
31755,1
31756,0
31757,9
31758,2
31759,2
31760,4
31761,8
31762,8
31763,0
31764,9
31765,8
31766,0
31767,1
31768,8
31769,1
31770,5
31771,4
31772,0
31773,2
31774,7
31775,7
31776,2
31777,8
31778,9
31779,2
31780,5
31781,7
31782,4
31783,9
31784,9
31785,8
31786,1
31787,0
31788,1
31789,2
31790,4
31791,6
31792,7
31793,7
31794,0
31795,6
31796,4
31797,9
31798,4
31799,2
31800,6
31801,2
31802,0
31803,4
31804,7
31805,1
31806,3
31807,0
31808,1
31809,7
31810,7
31811,1
31812,2
31813,4
31814,9
31815,5
31816,3
31817,8
31818,5
31819,9
31820,5
31821,7
31822,6
31823,3
31824,7
31825,4
31826,4
31827,6
31828,0
31829,7
31830,3
31831,7
31832,0
31833,4
31834,5
31835,8
31836,2
31837,9
31838,9
31839,0
31840,3
31841,2
31842,0
31843,0
31844,2
31845,6
31846,0
31847,1
31848,6
31849,6
31850,8
31851,9
31852,5
31853,6
31854,1
31855,3
31856,2
31857,8
31858,8
31859,2
31860,6
31861,9
31862,8
31863,9
31864,2
31865,1
31866,2
31867,5
31868,9
31869,5
31870,5
31871,4
31872,8
31873,3
31874,6
31875,2
31876,0
31877,8
31878,6
31879,2
31880,3
31881,3
31882,4
31883,6
31884,9
31885,5
31886,8
31887,8
31888,8
31889,8
31890,4
31891,9
31892,1
31893,2
31894,0
31895,6
31896,1
31897,3
31898,1
31899,7
31900,8
31901,2
31902,1
31903,1
31904,5
31905,2
31906,1
31907,8
31908,6
31909,3
31910,1
31911,0
31912,9
31913,1
31914,7
31915,8
31916,1
31917,9
31918,4
31919,8
31920,6
31921,9
31922,2
31923,4
31924,9
31925,6
31926,2
31927,6
31928,0
31929,2
31930,7
31931,6
31932,0
31933,8
31934,3
31935,0
31936,4
31937,6
31938,6
31939,7
31940,7
31941,7
31942,0
31943,3
31944,6
31945,4
31946,3
31947,3
31948,3
31949,2
31950,7
31951,5
31952,5
31953,7
31954,7
31955,1
31956,8
31957,4
31958,5
31959,1
31960,0
31961,6
31962,7
31963,1
31964,4
31965,1
31966,2
31967,9
31968,7
31969,7
31970,8
31971,3
31972,3
31973,7
31974,3
31975,3
31976,0
31977,5
31978,7
31979,8
31980,4
31981,9
31982,0
31983,0
31984,9
31985,6
31986,3
31987,7
31988,9
31989,3
31990,0
31991,6
31992,9
31993,1
31994,7
31995,2
31996,2
31997,0
31998,5
31999,5
32000,0
32001,6
32002,3
32003,8
32004,7
32005,7
32006,0
32007,3
32008,2
32009,1
32010,4
32011,5
32012,4
32013,4
32014,0
32015,5
32016,9
32017,5
32018,3
32019,6
32020,1
32021,9
32022,9
32023,0
32024,6
32025,5
32026,7
32027,8
32028,3
32029,4
32030,9
32031,1
32032,8
32033,8
32034,7
32035,7
32036,4
32037,5
32038,0
32039,4
32040,3
32041,4
32042,3
32043,1
32044,4
32045,7
32046,8
32047,7
32048,9
32049,5
32050,2
32051,3
32052,1
32053,2
32054,2
32055,4
32056,4
32057,3
32058,9
32059,5
32060,7
32061,0
32062,5
32063,3
32064,4
32065,3
32066,2
32067,7
32068,3
32069,1
32070,8
32071,9
32072,4
32073,2
32074,6
32075,9
32076,2
32077,6
32078,5
32079,7
32080,8
32081,1
32082,1
32083,7
32084,1
32085,6
32086,0
32087,9
32088,2
32089,8
32090,2
32091,4
32092,7
32093,6
32094,8
32095,9
32096,5
32097,2
32098,9
32099,1
32100,1
32101,5
32102,3
32103,9
32104,2
32105,0
32106,4
32107,7
32108,2
32109,3
32110,6
32111,5
32112,4
32113,6
32114,9
32115,1
32116,8
32117,1
32118,6
32119,8
32120,0
32121,5
32122,9
32123,3
32124,1
32125,1
32126,5
32127,5
32128,1
32129,2
32130,9
32131,2
32132,1
32133,0
32134,7
32135,1
32136,6
32137,8
32138,5
32139,1
32140,1
32141,4
32142,6
32143,6
32144,9
32145,0
32146,7
32147,5
32148,8
32149,4
32150,9
32151,1
32152,2
32153,9
32154,5
32155,9
32156,3
32157,3
32158,1
32159,7
32160,7
32161,8
32162,8
32163,0
32164,2
32165,5
32166,9
32167,4
32168,6
32169,2
32170,1
32171,7
32172,1
32173,7
32174,7
32175,8
32176,8
32177,3
32178,9
32179,2
32180,6
32181,9
32182,9
32183,4
32184,9
32185,4
32186,7
32187,8
32188,4
32189,9
32190,9
32191,6
32192,3
32193,6
32194,9
32195,6
32196,2
32197,9
32198,8
32199,4
32200,5
32201,5
32202,9
32203,4
32204,4
32205,8
32206,5
32207,3
32208,2
32209,7
32210,8
32211,2
32212,8
32213,3
32214,0
32215,2
32216,6
32217,3
32218,9
32219,5
32220,2
32221,9
32222,9
32223,9
32224,2
32225,1
32226,3
32227,3
32228,1
32229,6
32230,5
32231,1
32232,3
32233,2
32234,5
32235,7
32236,9
32237,8
32238,3
32239,0
32240,2
32241,6
32242,9
32243,3
32244,5
32245,8
32246,4
32247,8
32248,8
32249,8
32250,5
32251,3
32252,5
32253,1
32254,8
32255,7
32256,2
32257,8
32258,7
32259,1
32260,7
32261,0
32262,8
32263,5
32264,3
32265,7
32266,8
32267,8
32268,5
32269,5
32270,9
32271,7
32272,9
32273,7
32274,8
32275,7
32276,6
32277,3
32278,8
32279,1
32280,7
32281,4
32282,9
32283,8
32284,2
32285,1
32286,3
32287,8
32288,0
32289,3
32290,9
32291,5
32292,8
32293,9
32294,7
32295,7
32296,7
32297,9
32298,5
32299,1
32300,4
32301,5
32302,6
32303,0
32304,9
32305,7
32306,3
32307,6
32308,0
32309,5
32310,8
32311,7
32312,7
32313,3
32314,7
32315,7
32316,6
32317,2
32318,3
32319,9
32320,1
32321,1
32322,4
32323,3
32324,2
32325,9
32326,4
32327,4
32328,1
32329,2
32330,6
32331,2
32332,2
32333,3
32334,2
32335,3
32336,1
32337,4
32338,2
32339,0
32340,8
32341,8
32342,0
32343,6
32344,4
32345,2
32346,2
32347,9
32348,6
32349,2
32350,5
32351,8
32352,7
32353,3
32354,9
32355,0
32356,8
32357,9
32358,4
32359,5
32360,9
32361,6
32362,4
32363,4
32364,9
32365,7
32366,5
32367,2
32368,3
32369,5
32370,5
32371,0
32372,9
32373,6
32374,4
32375,4
32376,0
32377,2
32378,2
32379,5
32380,5
32381,7
32382,1
32383,4
32384,8
32385,4
32386,8
32387,1
32388,7
32389,6
32390,6
32391,0
32392,3
32393,9
32394,0
32395,2
32396,4
32397,6
32398,7
32399,8
32400,9
32401,8
32402,3
32403,7
32404,0
32405,4
32406,4
32407,0
32408,7
32409,3
32410,4
32411,5
32412,4
32413,3
32414,3
32415,1
32416,2
32417,9
32418,4
32419,3
32420,2
32421,8
32422,6
32423,9
32424,2
32425,1
32426,5
32427,3
32428,4
32429,6
32430,4
32431,2
32432,7
32433,7
32434,8
32435,5
32436,0
32437,7
32438,7
32439,4
32440,7
32441,6
32442,7
32443,9
32444,1
32445,2
32446,5
32447,2
32448,1
32449,8
32450,6
32451,1
32452,5
32453,9
32454,7
32455,7
32456,5
32457,1
32458,7
32459,2
32460,2
32461,5
32462,3
32463,4
32464,0
32465,3
32466,7
32467,6
32468,3
32469,8
32470,8
32471,9
32472,8
32473,3
32474,7
32475,6
32476,3
32477,3
32478,1
32479,7
32480,4
32481,1
32482,1
32483,4
32484,4
32485,1
32486,4
32487,2
32488,1
32489,4
32490,3
32491,5
32492,0
32493,9
32494,3
32495,6
32496,4
32497,3
32498,1
32499,6
32500,5
32501,5
32502,9
32503,6
32504,1
32505,9
32506,7
32507,8
32508,2
32509,1
32510,2
32511,4
32512,8
32513,6
32514,5
32515,5
32516,3
32517,9
32518,0
32519,1
32520,5
32521,5
32522,5
32523,1
32524,4
32525,8
32526,1
32527,7
32528,6
32529,4
32530,1
32531,2
32532,8
32533,9
32534,2
32535,3
32536,6
32537,4
32538,7
32539,4
32540,7
32541,3
32542,4
32543,0
32544,0
32545,8
32546,2
32547,9
32548,6
32549,5
32550,7
32551,1
32552,5
32553,7
32554,3
32555,6
32556,9
32557,7
32558,4
32559,6
32560,7
32561,5
32562,2
32563,1
32564,9
32565,3
32566,2
32567,3
32568,2
32569,1
32570,3
32571,3
32572,3
32573,0
32574,8
32575,9
32576,9
32577,3
32578,5
32579,5
32580,6
32581,7
32582,5
32583,3
32584,7
32585,5
32586,7
32587,6
32588,1
32589,5
32590,2
32591,5
32592,7
32593,3
32594,2
32595,4
32596,5
32597,6
32598,0
32599,7
32600,6
32601,5
32602,1
32603,0
32604,0
32605,5
32606,9
32607,9
32608,1
32609,5
32610,3
32611,5
32612,9
32613,9
32614,8
32615,2
32616,4
32617,2
32618,1
32619,2
32620,1
32621,8
32622,3
32623,5
32624,8
32625,4
32626,3
32627,2
32628,2
32629,4
32630,3
32631,5
32632,0
32633,1
32634,0
32635,4
32636,4
32637,1
32638,4
32639,2
32640,8
32641,1
32642,6
32643,7
32644,1
32645,5
32646,5
32647,4
32648,9
32649,9
32650,5
32651,8
32652,2
32653,1
32654,0
32655,1
32656,5
32657,8
32658,3
32659,0
32660,7
32661,0
32662,8
32663,3
32664,7
32665,2
32666,1
32667,9
32668,8
32669,7
32670,1
32671,7
32672,4
32673,8
32674,3
32675,1
32676,5
32677,8
32678,9
32679,1
32680,6
32681,4
32682,7
32683,6
32684,5
32685,4
32686,3
32687,7
32688,1
32689,2
32690,4
32691,3
32692,9
32693,4
32694,1
32695,2
32696,1
32697,4
32698,9
32699,4
32700,1
32701,0
32702,9
32703,0
32704,4
32705,6
32706,2
32707,5
32708,2
32709,9
32710,7
32711,7
32712,8
32713,3
32714,9
32715,5
32716,6
32717,3
32718,3
32719,0
32720,6
32721,6
32722,5
32723,1
32724,5
32725,9
32726,6
32727,7
32728,1
32729,0
32730,4
32731,5
32732,1
32733,6
32734,2
32735,1
32736,5
32737,0
32738,8
32739,6
32740,2
32741,5
32742,5
32743,3
32744,1
32745,9
32746,4
32747,3
32748,7
32749,6
32750,8
32751,8
32752,3
32753,0
32754,7
32755,2
32756,2
32757,9
32758,9
32759,5
32760,6
32761,3
32762,9
32763,4
32764,1
32765,2
32766,3
32767,5
32768,6
32769,1
32770,7
32771,1
32772,9
32773,9
32774,2
32775,9
32776,6
32777,7
32778,7
32779,7
32780,9
32781,8
32782,8
32783,7
32784,3
32785,7
32786,6
32787,5
32788,2
32789,1
32790,9
32791,9
32792,2
32793,8
32794,6
32795,7
32796,5
32797,3
32798,7
32799,8
32800,6
32801,7
32802,4
32803,4
32804,8
32805,5
32806,1
32807,8
32808,2
32809,9
32810,9
32811,3
32812,8
32813,2
32814,7
32815,5
32816,5
32817,9
32818,6
32819,1
32820,6
32821,7
32822,0
32823,6
32824,7
32825,1
32826,0
32827,1
32828,8
32829,6
32830,4
32831,9
32832,1
32833,7
32834,4
32835,8
32836,2
32837,9
32838,1
32839,4
32840,5
32841,5
32842,2
32843,2
32844,3
32845,1
32846,6
32847,1
32848,4
32849,1
32850,8
32851,9
32852,0
32853,2
32854,7
32855,2
32856,6
32857,2
32858,0
32859,5
32860,6
32861,0
32862,3
32863,0
32864,8
32865,9
32866,8
32867,9
32868,4
32869,3
32870,1
32871,7
32872,2
32873,7
32874,7
32875,3
32876,4
32877,8
32878,4
32879,0
32880,9
32881,1
32882,8
32883,0
32884,8
32885,9
32886,2
32887,4
32888,4
32889,1
32890,6
32891,1
32892,3
32893,8
32894,4
32895,8
32896,1
32897,6
32898,6
32899,4
32900,1
32901,6
32902,2
32903,8
32904,0
32905,6
32906,4
32907,1
32908,8
32909,2
32910,5
32911,0
32912,8
32913,3
32914,0
32915,7
32916,4
32917,8
32918,2
32919,9
32920,6
32921,6
32922,7
32923,5
32924,7
32925,6
32926,4
32927,8
32928,0
32929,9
32930,0
32931,8
32932,2
32933,8
32934,5
32935,9
32936,7
32937,0
32938,6
32939,8
32940,2
32941,4
32942,1
32943,4
32944,2
32945,4
32946,9
32947,6
32948,8
32949,1
32950,5
32951,2
32952,8
32953,6
32954,1
32955,2
32956,9
32957,5
32958,3
32959,1
32960,4
32961,2
32962,4
32963,0
32964,0
32965,9
32966,0
32967,9
32968,1
32969,8
32970,9
32971,9
32972,6
32973,9
32974,4
32975,5
32976,3
32977,4
32978,5
32979,1
32980,1
32981,9
32982,6
32983,5
32984,2
32985,2
32986,9
32987,5
32988,2
32989,7
32990,5
32991,5
32992,4
32993,1
32994,2
32995,1
32996,7
32997,6
32998,5
32999,4
33000,6
33001,6
33002,1
33003,1
33004,1
33005,5
33006,2
33007,0
33008,6
33009,0
33010,9
33011,0
33012,3
33013,8
33014,0
33015,5
33016,5
33017,2
33018,5
33019,4
33020,8
33021,9
33022,3
33023,4
33024,9
33025,6
33026,6
33027,6
33028,0
33029,5
33030,9
33031,5
33032,7
33033,0
33034,0
33035,5
33036,9
33037,0
33038,1
33039,9
33040,0
33041,9
33042,8
33043,8
33044,5
33045,0
33046,0
33047,2
33048,6
33049,5
33050,4
33051,6
33052,0
33053,3
33054,8
33055,6
33056,0
33057,2
33058,0
33059,1
33060,2
33061,5
33062,6
33063,3
33064,4
33065,0
33066,8
33067,0
33068,6
33069,5
33070,5
33071,7
33072,1
33073,5
33074,3
33075,0
33076,6
33077,8
33078,3
33079,7
33080,1
33081,0
33082,8
33083,2
33084,7
33085,7
33086,6
33087,4
33088,2
33089,9
33090,3
33091,3
33092,4
33093,7
33094,7
33095,4
33096,9
33097,1
33098,4
33099,2
33100,7
33101,3
33102,8
33103,8
33104,5
33105,6
33106,9
33107,3
33108,7
33109,5
33110,1
33111,3
33112,8
33113,3
33114,4
33115,7
33116,8
33117,6
33118,1
33119,9
33120,6
33121,0
33122,5
33123,8
33124,1
33125,4
33126,9
33127,8
33128,0
33129,7
33130,8
33131,3
33132,3
33133,5
33134,8
33135,4
33136,4
33137,7
33138,2
33139,1
33140,0
33141,2
33142,4
33143,7
33144,9
33145,4
33146,9
33147,5
33148,6
33149,3
33150,6
33151,1
33152,4
33153,2
33154,4
33155,7
33156,9
33157,6
33158,4
33159,7
33160,5
33161,1
33162,3
33163,3
33164,4
33165,7
33166,2
33167,2
33168,1
33169,1
33170,1
33171,4
33172,4
33173,2
33174,9
33175,0
33176,1
33177,1
33178,7
33179,5
33180,4
33181,5
33182,4
33183,2
33184,1
33185,4
33186,1
33187,1
33188,8
33189,3
33190,3
33191,8
33192,9
33193,6
33194,9
33195,5
33196,6
33197,7
33198,1
33199,7
33200,1
33201,1
33202,2
33203,5
33204,4
33205,1
33206,0
33207,0
33208,4
33209,2
33210,4
33211,6
33212,8
33213,2
33214,4
33215,0
33216,7
33217,9
33218,3
33219,0
33220,8
33221,3
33222,1
33223,9
33224,7
33225,2
33226,2
33227,8
33228,2
33229,6
33230,6
33231,5
33232,1
33233,7
33234,5
33235,5
33236,6
33237,1
33238,5
33239,1
33240,9
33241,3
33242,4
33243,5
33244,2
33245,6
33246,4
33247,6
33248,5
33249,2
33250,7
33251,6
33252,9
33253,9
33254,1
33255,8
33256,5
33257,9
33258,3
33259,8
33260,1
33261,7
33262,8
33263,8
33264,0
33265,3
33266,3
33267,7
33268,8
33269,7
33270,7
33271,3
33272,6
33273,3
33274,0
33275,6
33276,1
33277,0
33278,7
33279,7
33280,2
33281,8
33282,8
33283,5
33284,7
33285,8
33286,5
33287,7
33288,6
33289,7
33290,9
33291,3
33292,6
33293,5
33294,3
33295,2
33296,7
33297,4
33298,6
33299,9
33300,0
33301,2
33302,5
33303,2
33304,2
33305,0
33306,2
33307,0
33308,5
33309,7
33310,1
33311,2
33312,9
33313,2
33314,0
33315,8
33316,9
33317,7
33318,5
33319,1
33320,6
33321,6
33322,6
33323,4
33324,5
33325,8
33326,9
33327,0
33328,1
33329,2
33330,6
33331,7
33332,7
33333,5
33334,5
33335,2
33336,4
33337,0
33338,0
33339,7
33340,0
33341,4
33342,9
33343,3
33344,6
33345,2
33346,5
33347,5
33348,4
33349,9
33350,1
33351,2
33352,1
33353,6
33354,9
33355,0
33356,6
33357,1
33358,6
33359,6
33360,3
33361,5
33362,3
33363,9
33364,6
33365,3
33366,1
33367,4
33368,2
33369,7
33370,1
33371,3
33372,7
33373,3
33374,5
33375,6
33376,8
33377,8
33378,3
33379,9
33380,2
33381,1
33382,4
33383,6
33384,8
33385,3
33386,4
33387,7
33388,0
33389,3
33390,5
33391,0
33392,7
33393,2
33394,7
33395,3
33396,1
33397,3
33398,3
33399,2
33400,8
33401,4
33402,1
33403,9
33404,4
33405,8
33406,1
33407,6
33408,9
33409,2
33410,7
33411,3
33412,7
33413,6
33414,5
33415,3
33416,0
33417,8
33418,8
33419,8
33420,2
33421,9
33422,8
33423,6
33424,6
33425,1
33426,9
33427,5
33428,8
33429,5
33430,2
33431,4
33432,1
33433,0
33434,3
33435,1
33436,1
33437,1
33438,6
33439,9
33440,2
33441,7
33442,0
33443,4
33444,0
33445,0
33446,4
33447,4
33448,9
33449,9
33450,9
33451,0
33452,4
33453,3
33454,4
33455,8
33456,1
33457,7
33458,1
33459,4
33460,6
33461,1
33462,6
33463,1
33464,3
33465,6
33466,1
33467,9
33468,0
33469,2
33470,5
33471,5
33472,9
33473,2
33474,1
33475,7
33476,6
33477,2
33478,4
33479,2
33480,2
33481,3
33482,2
33483,2
33484,1
33485,0
33486,9
33487,9
33488,6
33489,5
33490,3
33491,1
33492,4
33493,2
33494,4
33495,4
33496,1
33497,3
33498,2
33499,4
33500,3
33501,0
33502,3
33503,1
33504,3
33505,3
33506,5
33507,3
33508,3
33509,8
33510,4
33511,1
33512,9
33513,0
33514,3
33515,2
33516,9
33517,4
33518,5
33519,6
33520,6
33521,8
33522,5
33523,5
33524,9
33525,5
33526,6
33527,2
33528,9
33529,5
33530,5
33531,0
33532,4
33533,9
33534,6
33535,8
33536,0
33537,8
33538,4
33539,1
33540,8
33541,3
33542,1
33543,8
33544,4
33545,7
33546,8
33547,3
33548,7
33549,7
33550,3
33551,9
33552,0
33553,8
33554,4
33555,1
33556,4
33557,6
33558,9
33559,4
33560,1
33561,6
33562,5
33563,8
33564,6
33565,6
33566,2
33567,5
33568,3
33569,6
33570,4
33571,8
33572,0
33573,6
33574,9
33575,0
33576,4
33577,2
33578,4
33579,4
33580,9
33581,0
33582,1
33583,4
33584,4
33585,7
33586,5
33587,6
33588,9
33589,6
33590,5
33591,4
33592,0
33593,0
33594,9
33595,4
33596,6
33597,5
33598,6
33599,9
33600,4
33601,8
33602,1
33603,1
33604,5
33605,9
33606,7
33607,6
33608,2
33609,6
33610,2
33611,0
33612,5
33613,3
33614,5
33615,8
33616,5
33617,8
33618,6
33619,0
33620,1
33621,1
33622,2
33623,3
33624,0
33625,7
33626,9
33627,2
33628,1
33629,8
33630,2
33631,0
33632,5
33633,7
33634,8
33635,9
33636,6
33637,0
33638,6
33639,8
33640,5
33641,3
33642,1
33643,1
33644,2
33645,6
33646,6
33647,8
33648,3
33649,3
33650,4
33651,3
33652,1
33653,5
33654,6
33655,9
33656,9
33657,0
33658,1
33659,3
33660,2
33661,3
33662,5
33663,0
33664,4
33665,3
33666,6
33667,8
33668,2
33669,1
33670,2
33671,4
33672,8
33673,3
33674,4
33675,3
33676,6
33677,7
33678,6
33679,6
33680,2
33681,7
33682,8
33683,8
33684,7
33685,4
33686,9
33687,4
33688,6
33689,1
33690,7
33691,4
33692,4
33693,7
33694,5
33695,6
33696,8
33697,5
33698,1
33699,4
33700,3
33701,5
33702,1
33703,6
33704,5
33705,5
33706,8
33707,2
33708,3
33709,2
33710,0
33711,1
33712,7
33713,1
33714,6
33715,2
33716,8
33717,0
33718,5
33719,4
33720,6
33721,3
33722,8
33723,8
33724,9
33725,1
33726,7
33727,9
33728,0
33729,6
33730,2
33731,0
33732,9
33733,3
33734,4
33735,1
33736,8
33737,1
33738,1
33739,2
33740,3
33741,3
33742,5
33743,9
33744,2
33745,3
33746,5
33747,3
33748,2
33749,5
33750,0
33751,9
33752,9
33753,7
33754,9
33755,8
33756,3
33757,6
33758,4
33759,0
33760,4
33761,7
33762,4
33763,9
33764,0
33765,3
33766,9
33767,2
33768,3
33769,2
33770,6
33771,0
33772,9
33773,4
33774,9
33775,8
33776,0
33777,0
33778,0
33779,0
33780,6
33781,7
33782,3
33783,2
33784,9
33785,9
33786,5
33787,1
33788,4
33789,3
33790,9
33791,3
33792,7
33793,6
33794,9
33795,2
33796,2
33797,5
33798,9
33799,9
33800,7
33801,1
33802,4
33803,3
33804,0
33805,8
33806,1
33807,8
33808,2
33809,3
33810,3
33811,8
33812,3
33813,4
33814,9
33815,5
33816,2
33817,8
33818,2
33819,3
33820,3
33821,1
33822,1
33823,9
33824,9
33825,2
33826,1
33827,4
33828,9
33829,5
33830,5
33831,8
33832,1
33833,8
33834,6
33835,5
33836,5
33837,9
33838,8
33839,9
33840,4
33841,8
33842,6
33843,0
33844,7
33845,7
33846,0
33847,3
33848,4
33849,6
33850,5
33851,5
33852,0
33853,4
33854,7
33855,4
33856,5
33857,1
33858,9
33859,0
33860,6
33861,0
33862,3
33863,8
33864,1
33865,6
33866,3
33867,3
33868,6
33869,5
33870,9
33871,7
33872,8
33873,4
33874,5
33875,3
33876,6
33877,0
33878,6
33879,8
33880,3
33881,5
33882,7
33883,0
33884,5
33885,1
33886,9
33887,0
33888,3
33889,8
33890,3
33891,2
33892,8
33893,9
33894,2
33895,1
33896,6
33897,2
33898,9
33899,3
33900,3
33901,9
33902,1
33903,2
33904,5
33905,3
33906,0
33907,4
33908,5
33909,3
33910,4
33911,4
33912,0
33913,9
33914,2
33915,4
33916,8
33917,5
33918,2
33919,6
33920,2
33921,6
33922,9
33923,1
33924,1
33925,1
33926,9
33927,1
33928,5
33929,0
33930,6
33931,4
33932,4
33933,2
33934,9
33935,8
33936,3
33937,9
33938,2
33939,5
33940,6
33941,4
33942,7
33943,3
33944,3
33945,0
33946,7
33947,2
33948,7
33949,1
33950,2
33951,4
33952,6
33953,1
33954,5
33955,3
33956,7
33957,7
33958,9
33959,5
33960,0
33961,8
33962,4
33963,4
33964,1
33965,9
33966,7
33967,1
33968,4
33969,7
33970,3
33971,1
33972,6
33973,4
33974,1
33975,5
33976,3
33977,7
33978,1
33979,6
33980,3
33981,9
33982,2
33983,3
33984,4
33985,6
33986,7
33987,1
33988,7
33989,5
33990,8
33991,1
33992,0
33993,0
33994,3
33995,2
33996,9
33997,1
33998,1
33999,4
34000,9
34001,7
34002,1
34003,1
34004,8
34005,5
34006,8
34007,5
34008,8
34009,6
34010,7
34011,0
34012,5
34013,9
34014,7
34015,5
34016,6
34017,7
34018,1
34019,9
34020,7
34021,0
34022,2
34023,7
34024,6
34025,0
34026,5
34027,1
34028,9
34029,7
34030,6
34031,7
34032,9
34033,3
34034,0
34035,2
34036,2
34037,7
34038,4
34039,2
34040,9
34041,9
34042,1
34043,9
34044,5
34045,4
34046,1
34047,5
34048,6
34049,6
34050,2
34051,0
34052,7
34053,8
34054,5
34055,2
34056,2
34057,7
34058,9
34059,8
34060,7
34061,6
34062,3
34063,9
34064,3
34065,8
34066,4
34067,2
34068,4
34069,5
34070,9
34071,3
34072,1
34073,7
34074,9
34075,1
34076,6
34077,4
34078,3
34079,1
34080,4
34081,3
34082,2
34083,4
34084,1
34085,7
34086,7
34087,0
34088,7
34089,4
34090,4
34091,3
34092,8
34093,7
34094,9
34095,3
34096,9
34097,5
34098,5
34099,0
34100,5
34101,2
34102,4
34103,5
34104,2
34105,2
34106,7
34107,2
34108,8
34109,8
34110,7
34111,0
34112,4
34113,5
34114,6
34115,4
34116,1
34117,1
34118,6
34119,2
34120,2
34121,9
34122,9
34123,5
34124,2
34125,0
34126,0
34127,0
34128,2
34129,7
34130,0
34131,4
34132,2
34133,4
34134,2
34135,2
34136,8
34137,4
34138,0
34139,5
34140,3
34141,1
34142,4
34143,5
34144,7
34145,2
34146,4
34147,2
34148,9
34149,0
34150,5
34151,9
34152,3
34153,9
34154,8
34155,3
34156,3
34157,4
34158,4
34159,1
34160,1
34161,1
34162,1
34163,4
34164,6
34165,5
34166,8
34167,7
34168,3
34169,1
34170,7
34171,1
34172,8
34173,5
34174,3
34175,0
34176,8
34177,0
34178,4
34179,4
34180,8
34181,2
34182,7
34183,4
34184,5
34185,4
34186,6
34187,5
34188,7
34189,5
34190,6
34191,6
34192,5
34193,8
34194,8
34195,8
34196,3
34197,1
34198,4
34199,7
34200,9
34201,4
34202,0
34203,2
34204,0
34205,9
34206,5
34207,0
34208,7
34209,4
34210,6
34211,9
34212,2
34213,8
34214,2
34215,8
34216,5
34217,3
34218,0
34219,4
34220,9
34221,5
34222,5
34223,2
34224,2
34225,0
34226,3
34227,2
34228,7
34229,1
34230,8
34231,9
34232,0
34233,3
34234,7
34235,2
34236,1
34237,5
34238,0
34239,8
34240,4
34241,4
34242,2
34243,6
34244,6
34245,4
34246,9
34247,2
34248,0
34249,9
34250,2
34251,5
34252,6
34253,8
34254,4
34255,3
34256,9
34257,9
34258,0
34259,9
34260,8
34261,4
34262,2
34263,2
34264,9
34265,7
34266,1
34267,7
34268,9
34269,4
34270,3
34271,4
34272,1
34273,1
34274,2
34275,6
34276,6
34277,1
34278,9
34279,8
34280,8
34281,6
34282,1
34283,3
34284,1
34285,7
34286,1
34287,1
34288,1
34289,3
34290,4
34291,5
34292,4
34293,5
34294,8
34295,1
34296,9
34297,0
34298,2
34299,4
34300,8
34301,4
34302,2
34303,0
34304,2
34305,4
34306,7
34307,9
34308,1
34309,9
34310,8
34311,5
34312,8
34313,6
34314,8
34315,9
34316,4
34317,4
34318,3
34319,9
34320,9
34321,8
34322,8
34323,0
34324,8
34325,1
34326,0
34327,2
34328,3
34329,7
34330,8
34331,0
34332,0
34333,2
34334,3
34335,4
34336,7
34337,8
34338,9
34339,3
34340,0
34341,7
34342,7
34343,3
34344,7
34345,9
34346,6
34347,0
34348,7
34349,8
34350,4
34351,0
34352,4
34353,3
34354,4
34355,8
34356,0
34357,7
34358,7
34359,3
34360,9
34361,6
34362,1
34363,8
34364,8
34365,0
34366,9
34367,0
34368,5
34369,6
34370,2
34371,5
34372,2
34373,0
34374,4
34375,1
34376,9
34377,9
34378,8
34379,3
34380,8
34381,5
34382,2
34383,6
34384,2
34385,3
34386,0
34387,1
34388,3
34389,6
34390,0
34391,1
34392,8
34393,5
34394,7
34395,0
34396,2
34397,3
34398,3
34399,3
34400,1
34401,8
34402,7
34403,9
34404,9
34405,1
34406,0
34407,3
34408,9
34409,8
34410,9
34411,9
34412,5
34413,6
34414,7
34415,5
34416,4
34417,7
34418,8
34419,6
34420,3
34421,6
34422,1
34423,6
34424,0
34425,0
34426,8
34427,7
34428,1
34429,4
34430,2
34431,5
34432,0
34433,7
34434,3
34435,4
34436,2
34437,1
34438,1
34439,3
34440,6
34441,2
34442,4
34443,6
34444,8
34445,5
34446,8
34447,7
34448,4
34449,7
34450,1
34451,8
34452,2
34453,9
34454,7
34455,3
34456,6
34457,6
34458,7
34459,6
34460,3
34461,8
34462,1
34463,1
34464,0
34465,7
34466,8
34467,0
34468,8
34469,6
34470,2
34471,4
34472,7
34473,5
34474,6
34475,4
34476,2
34477,5
34478,4
34479,0
34480,1
34481,5
34482,6
34483,4
34484,3
34485,7
34486,5
34487,8
34488,6
34489,9
34490,9
34491,7
34492,5
34493,3
34494,0
34495,2
34496,8
34497,1
34498,9
34499,0
34500,8
34501,6
34502,6
34503,0
34504,2
34505,3
34506,7
34507,0
34508,3
34509,4
34510,4
34511,0
34512,4
34513,2
34514,2
34515,1
34516,4
34517,3
34518,8
34519,5
34520,8
34521,6
34522,5
34523,3
34524,0
34525,1
34526,9
34527,8
34528,6
34529,9
34530,3
34531,7
34532,3
34533,6
34534,7
34535,7
34536,6
34537,9
34538,4
34539,1
34540,3
34541,2
34542,1
34543,5
34544,5
34545,6
34546,5
34547,3
34548,0
34549,2
34550,1
34551,3
34552,5
34553,7
34554,8
34555,1
34556,4
34557,7
34558,6
34559,4
34560,2
34561,7
34562,8
34563,3
34564,9
34565,1
34566,0
34567,5
34568,9
34569,7
34570,2
34571,3
34572,2
34573,5
34574,0
34575,3
34576,3
34577,1
34578,4
34579,6
34580,5
34581,9
34582,8
34583,1
34584,5
34585,5
34586,3
34587,1
34588,0
34589,8
34590,7
34591,5
34592,8
34593,7
34594,7
34595,8
34596,3
34597,0
34598,2
34599,2
34600,5
34601,1
34602,4
34603,5
34604,0
34605,9
34606,2
34607,8
34608,9
34609,7
34610,5
34611,6
34612,0
34613,3
34614,2
34615,4
34616,0
34617,9
34618,3
34619,1
34620,0
34621,1
34622,8
34623,3
34624,1
34625,6
34626,2
34627,5
34628,5
34629,6
34630,8
34631,1
34632,1
34633,3
34634,6
34635,1
34636,4
34637,8
34638,3
34639,8
34640,9
34641,8
34642,7
34643,8
34644,0
34645,7
34646,4
34647,4
34648,7
34649,9
34650,6
34651,4
34652,8
34653,1
34654,8
34655,8
34656,3
34657,4
34658,3
34659,3
34660,9
34661,7
34662,1
34663,0
34664,9
34665,4
34666,3
34667,1
34668,1
34669,4
34670,5
34671,6
34672,9
34673,2
34674,4
34675,4
34676,4
34677,0
34678,7
34679,5
34680,0
34681,5
34682,9
34683,9
34684,5
34685,1
34686,3
34687,2
34688,6
34689,0
34690,6
34691,3
34692,7
34693,7
34694,8
34695,5
34696,7
34697,4
34698,5
34699,3
34700,4
34701,4
34702,6
34703,0
34704,1
34705,9
34706,8
34707,4
34708,1
34709,2
34710,2
34711,3
34712,8
34713,2
34714,8
34715,4
34716,4
34717,0
34718,8
34719,9
34720,4
34721,7
34722,3
34723,3
34724,6
34725,6
34726,7
34727,0
34728,2
34729,5
34730,8
34731,2
34732,3
34733,0
34734,5
34735,4
34736,6
34737,6
34738,1
34739,8
34740,0
34741,2
34742,9
34743,3
34744,7
34745,9
34746,6
34747,1
34748,0
34749,6
34750,6
34751,2
34752,6
34753,8
34754,4
34755,6
34756,6
34757,6
34758,8
34759,0
34760,3
34761,6
34762,8
34763,5
34764,1
34765,6
34766,8
34767,4
34768,4
34769,1
34770,9
34771,8
34772,5
34773,2
34774,5
34775,9
34776,0
34777,1
34778,0
34779,8
34780,2
34781,3
34782,0
34783,8
34784,0
34785,7
34786,4
34787,0
34788,4
34789,6
34790,4
34791,4
34792,6
34793,3
34794,5
34795,2
34796,8
34797,2
34798,7
34799,4
34800,8
34801,3
34802,8
34803,2
34804,4
34805,2
34806,1
34807,2
34808,6
34809,5
34810,2
34811,6
34812,0
34813,6
34814,4
34815,7
34816,7
34817,5
34818,0
34819,9
34820,5
34821,6
34822,7
34823,6
34824,4
34825,2
34826,6
34827,5
34828,6
34829,2
34830,0
34831,2
34832,6
34833,2
34834,3
34835,0
34836,9
34837,2
34838,8
34839,7
34840,0
34841,3
34842,0
34843,6
34844,8
34845,6
34846,3
34847,6
34848,1
34849,3
34850,9
34851,4
34852,5
34853,9
34854,5
34855,0
34856,6
34857,5
34858,2
34859,2
34860,2
34861,3
34862,4
34863,4
34864,3
34865,1
34866,9
34867,8
34868,3
34869,1
34870,5
34871,7
34872,8
34873,6
34874,2
34875,6
34876,8
34877,8
34878,5
34879,8
34880,8
34881,8
34882,5
34883,0
34884,0
34885,8
34886,4
34887,7
34888,1
34889,9
34890,4
34891,8
34892,0
34893,4
34894,0
34895,1
34896,4
34897,8
34898,8
34899,1
34900,7
34901,4
34902,5
34903,6
34904,3
34905,8
34906,7
34907,2
34908,3
34909,0
34910,7
34911,7
34912,6
34913,5
34914,0
34915,4
34916,8
34917,5
34918,8
34919,6
34920,0
34921,6
34922,6
34923,2
34924,2
34925,4
34926,2
34927,4
34928,6
34929,0
34930,4
34931,0
34932,6
34933,2
34934,6
34935,6
34936,1
34937,8
34938,6
34939,9
34940,9
34941,9
34942,4
34943,8
34944,2
34945,5
34946,5
34947,3
34948,9
34949,7
34950,2
34951,2
34952,5
34953,0
34954,7
34955,7
34956,9
34957,5
34958,3
34959,8
34960,7
34961,7
34962,8
34963,1
34964,8
34965,7
34966,1
34967,1
34968,2
34969,9
34970,6
34971,8
34972,2
34973,6
34974,8
34975,5
34976,7
34977,2
34978,0
34979,5
34980,0
34981,1
34982,2
34983,4
34984,8
34985,5
34986,8
34987,7
34988,2
34989,7
34990,9
34991,6
34992,5
34993,4
34994,6
34995,4
34996,2
34997,9
34998,2
34999,4
35000,2
35001,5
35002,8
35003,8
35004,0
35005,3
35006,5
35007,2
35008,6
35009,6
35010,2
35011,2
35012,6
35013,2
35014,9
35015,5
35016,7
35017,2
35018,3
35019,5
35020,5
35021,7
35022,7
35023,6
35024,5
35025,7
35026,8
35027,6
35028,5
35029,9
35030,6
35031,4
35032,5
35033,8
35034,5
35035,2
35036,6
35037,3
35038,8
35039,2
35040,7
35041,6
35042,6
35043,6
35044,2
35045,0
35046,2
35047,2
35048,6
35049,9
35050,0
35051,9
35052,3
35053,1
35054,3
35055,1
35056,9
35057,3
35058,6
35059,8
35060,8
35061,6
35062,7
35063,5
35064,1
35065,0
35066,3
35067,7
35068,9
35069,9
35070,0
35071,1
35072,2
35073,9
35074,0
35075,6
35076,7
35077,5
35078,7
35079,1
35080,6
35081,1
35082,9
35083,0
35084,2
35085,0
35086,7
35087,0
35088,1
35089,8
35090,8
35091,8
35092,4
35093,8
35094,7
35095,7
35096,7
35097,1
35098,1
35099,2
35100,4
35101,8
35102,5
35103,3
35104,3
35105,2
35106,7
35107,5
35108,0
35109,0
35110,6
35111,8
35112,5
35113,9
35114,0
35115,2
35116,7
35117,8
35118,2
35119,7
35120,5
35121,7
35122,1
35123,8
35124,9
35125,1
35126,5
35127,6
35128,7
35129,2
35130,7
35131,6
35132,3
35133,8
35134,3
35135,8
35136,9
35137,6
35138,8
35139,0
35140,5
35141,1
35142,1
35143,9
35144,8
35145,4
35146,6
35147,1
35148,0
35149,3
35150,1
35151,3
35152,8
35153,7
35154,6
35155,7
35156,4
35157,0
35158,2
35159,2
35160,9
35161,8
35162,2
35163,8
35164,9
35165,5
35166,4
35167,6
35168,8
35169,8
35170,6
35171,2
35172,6
35173,9
35174,8
35175,2
35176,0
35177,2
35178,9
35179,5
35180,3
35181,2
35182,2
35183,3
35184,5
35185,8
35186,4
35187,8
35188,0
35189,1
35190,8
35191,1
35192,7
35193,2
35194,0
35195,9
35196,0
35197,3
35198,1
35199,6
35200,7
35201,5
35202,0
35203,6
35204,0
35205,6
35206,3
35207,2
35208,4
35209,6
35210,5
35211,8
35212,5
35213,1
35214,1
35215,3
35216,3
35217,6
35218,7
35219,0
35220,2
35221,9
35222,9
35223,8
35224,7
35225,1
35226,8
35227,6
35228,9
35229,7
35230,1
35231,9
35232,3
35233,1
35234,5
35235,8
35236,9
35237,8
35238,9
35239,1
35240,5
35241,7
35242,4
35243,3
35244,8
35245,5
35246,2
35247,9
35248,2
35249,8
35250,7
35251,6
35252,3
35253,0
35254,4
35255,5
35256,7
35257,0
35258,1
35259,1
35260,6
35261,0
35262,8
35263,5
35264,4
35265,2
35266,5
35267,4
35268,0
35269,5
35270,4
35271,7
35272,2
35273,7
35274,7
35275,4
35276,2
35277,2
35278,2
35279,5
35280,0
35281,2
35282,3
35283,7
35284,0
35285,4
35286,6
35287,5
35288,4
35289,5
35290,6
35291,1
35292,0
35293,7
35294,7
35295,2
35296,4
35297,4
35298,4
35299,6
35300,0
35301,3
35302,6
35303,6
35304,7
35305,6
35306,0
35307,1
35308,8
35309,8
35310,2
35311,1
35312,4
35313,7
35314,5
35315,6
35316,1
35317,2
35318,5
35319,9
35320,7
35321,7
35322,2
35323,6
35324,9
35325,6
35326,6
35327,8
35328,0
35329,4
35330,4
35331,3
35332,6
35333,4
35334,5
35335,8
35336,0
35337,2
35338,7
35339,8
35340,2
35341,2
35342,5
35343,3
35344,9
35345,0
35346,2
35347,6
35348,5
35349,4
35350,4
35351,6
35352,6
35353,8
35354,4
35355,7
35356,3
35357,8
35358,0
35359,9
35360,4
35361,1
35362,5
35363,1
35364,8
35365,3
35366,6
35367,2
35368,6
35369,7
35370,7
35371,7
35372,6
35373,2
35374,7
35375,5
35376,4
35377,9
35378,2
35379,6
35380,2
35381,2
35382,5
35383,7
35384,9
35385,3
35386,1
35387,3
35388,0
35389,7
35390,7
35391,4
35392,4
35393,9
35394,4
35395,3
35396,2
35397,8
35398,6
35399,2
35400,1
35401,2
35402,3
35403,6
35404,6
35405,4
35406,3
35407,3
35408,2
35409,3
35410,7
35411,6
35412,8
35413,6
35414,9
35415,4
35416,8
35417,5
35418,8
35419,9
35420,4
35421,7
35422,7
35423,7
35424,0
35425,7
35426,3
35427,4
35428,2
35429,8
35430,0
35431,7
35432,3
35433,6
35434,1
35435,8
35436,8
35437,3
35438,6
35439,5
35440,5
35441,0
35442,3
35443,9
35444,0
35445,2
35446,4
35447,2
35448,9
35449,4
35450,3
35451,6
35452,1
35453,0
35454,5
35455,2
35456,0
35457,8
35458,9
35459,2
35460,9
35461,7
35462,1
35463,1
35464,2
35465,7
35466,0
35467,2
35468,5
35469,0
35470,0
35471,3
35472,0
35473,8
35474,3
35475,6
35476,2
35477,2
35478,8
35479,1
35480,1
35481,7
35482,6
35483,2
35484,5
35485,6
35486,4
35487,2
35488,0
35489,4
35490,6
35491,3
35492,9
35493,0
35494,0
35495,7
35496,4
35497,8
35498,5
35499,7
35500,5
35501,2
35502,4
35503,6
35504,8
35505,2
35506,2
35507,6
35508,1
35509,5
35510,7
35511,5
35512,1
35513,4
35514,3
35515,4
35516,6
35517,6
35518,2
35519,7
35520,5
35521,7
35522,8
35523,1
35524,2
35525,1
35526,4
35527,7
35528,2
35529,5
35530,8
35531,9
35532,6
35533,9
35534,0
35535,1
35536,5
35537,1
35538,2
35539,1
35540,4
35541,1
35542,8
35543,1
35544,0
35545,8
35546,1
35547,2
35548,3
35549,0
35550,0
35551,4
35552,8
35553,1
35554,6
35555,0
35556,5
35557,0
35558,5
35559,1
35560,7
35561,4
35562,3
35563,3
35564,5
35565,0
35566,4
35567,4
35568,0
35569,3
35570,1
35571,6
35572,6
35573,2
35574,5
35575,4
35576,1
35577,4
35578,9
35579,6
35580,0
35581,4
35582,1
35583,0
35584,7
35585,7
35586,3
35587,1
35588,9
35589,6
35590,7
35591,5
35592,1
35593,3
35594,0
35595,2
35596,4
35597,2
35598,5
35599,8
35600,2
35601,3
35602,3
35603,3
35604,4
35605,5
35606,9
35607,6
35608,3
35609,1
35610,8
35611,8
35612,2
35613,2
35614,3
35615,7
35616,7
35617,4
35618,4
35619,9
35620,1
35621,6
35622,4
35623,9
35624,2
35625,5
35626,5
35627,4
35628,6
35629,0
35630,2
35631,2
35632,4
35633,6
35634,8
35635,7
35636,9
35637,1
35638,8
35639,1
35640,2
35641,0
35642,8
35643,7
35644,0
35645,9
35646,4
35647,8
35648,9
35649,0
35650,6
35651,1
35652,3
35653,8
35654,2
35655,6
35656,6
35657,2
35658,1
35659,2
35660,9
35661,5
35662,4
35663,6
35664,1
35665,5
35666,1
35667,5
35668,6
35669,3
35670,3
35671,0
35672,6
35673,7
35674,0
35675,4
35676,1
35677,9
35678,0
35679,6
35680,1
35681,8
35682,1
35683,5
35684,3
35685,6
35686,0
35687,2
35688,0
35689,3
35690,2
35691,0
35692,1
35693,5
35694,0
35695,5
35696,5
35697,7
35698,0
35699,9
35700,4
35701,5
35702,4
35703,9
35704,0
35705,4
35706,0
35707,2
35708,0
35709,7
35710,3
35711,5
35712,5
35713,2
35714,6
35715,5
35716,0
35717,1
35718,8
35719,7
35720,1
35721,3
35722,5
35723,9
35724,4
35725,2
35726,2
35727,2
35728,8
35729,8
35730,5
35731,5
35732,6
35733,9
35734,3
35735,7
35736,5
35737,6
35738,7
35739,7
35740,5
35741,3
35742,9
35743,1
35744,3
35745,3
35746,4
35747,4
35748,3
35749,9
35750,1
35751,0
35752,8
35753,2
35754,1
35755,6
35756,3
35757,9
35758,1
35759,1
35760,9
35761,9
35762,7
35763,9
35764,8
35765,9
35766,1
35767,9
35768,2
35769,3
35770,1
35771,2
35772,2
35773,4
35774,5
35775,0
35776,0
35777,9
35778,1
35779,2
35780,9
35781,8
35782,7
35783,7
35784,5
35785,7
35786,9
35787,1
35788,8
35789,6
35790,4
35791,7
35792,7
35793,5
35794,5
35795,1
35796,5
35797,3
35798,7
35799,3
35800,0
35801,7
35802,9
35803,3
35804,3
35805,5
35806,3
35807,1
35808,1
35809,1
35810,3
35811,5
35812,2
35813,1
35814,0
35815,0
35816,9
35817,0
35818,0
35819,1
35820,1
35821,7
35822,6
35823,4
35824,6
35825,1
35826,8
35827,8
35828,0
35829,7
35830,9
35831,4
35832,5
35833,2
35834,4
35835,8
35836,8
35837,4
35838,8
35839,5
35840,1
35841,3
35842,3
35843,0
35844,0
35845,0
35846,1
35847,5
35848,1
35849,6
35850,0
35851,3
35852,0
35853,6
35854,4
35855,2
35856,8
35857,1
35858,9
35859,0
35860,3
35861,3
35862,3
35863,8
35864,0
35865,0
35866,5
35867,8
35868,4
35869,8
35870,4
35871,4
35872,1
35873,6
35874,0
35875,8
35876,4
35877,8
35878,1
35879,5
35880,3
35881,4
35882,4
35883,3
35884,9
35885,4
35886,5
35887,6
35888,8
35889,5
35890,6
35891,0
35892,6
35893,7
35894,0
35895,2
35896,4
35897,7
35898,4
35899,5
35900,2
35901,0
35902,6
35903,2
35904,3
35905,8
35906,0
35907,3
35908,3
35909,9
35910,9
35911,9
35912,3
35913,5
35914,9
35915,9
35916,8
35917,1
35918,0
35919,5
35920,8
35921,3
35922,6
35923,5
35924,9
35925,5
35926,5
35927,8
35928,9
35929,5
35930,1
35931,6
35932,3
35933,7
35934,1
35935,0
35936,0
35937,8
35938,5
35939,3
35940,9
35941,5
35942,7
35943,8
35944,7
35945,3
35946,8
35947,2
35948,0
35949,7
35950,3
35951,9
35952,7
35953,8
35954,0
35955,6
35956,2
35957,2
35958,1
35959,7
35960,1
35961,3
35962,9
35963,9
35964,9
35965,9
35966,8
35967,4
35968,0
35969,6
35970,3
35971,5
35972,7
35973,5
35974,3
35975,1
35976,3
35977,1
35978,3
35979,9
35980,7
35981,8
35982,1
35983,8
35984,0
35985,6
35986,8
35987,5
35988,8
35989,6
35990,0
35991,8
35992,0
35993,9
35994,9
35995,1
35996,7
35997,7
35998,3
35999,8
36000,1
36001,0
36002,3
36003,8
36004,9
36005,1
36006,3
36007,5
36008,5
36009,0
36010,5
36011,6
36012,7
36013,7
36014,2
36015,3
36016,6
36017,0
36018,5
36019,1
36020,0
36021,7
36022,0
36023,5
36024,1
36025,9
36026,1
36027,6
36028,6
36029,2
36030,3
36031,7
36032,5
36033,6
36034,6
36035,5
36036,8
36037,9
36038,0
36039,5
36040,4
36041,7
36042,6
36043,5
36044,9
36045,4
36046,7
36047,8
36048,2
36049,8
36050,9
36051,0
36052,4
36053,1
36054,4
36055,1
36056,9
36057,9
36058,2
36059,6
36060,6
36061,8
36062,5
36063,5
36064,7
36065,1
36066,8
36067,7
36068,1
36069,4
36070,6
36071,7
36072,0
36073,0
36074,3
36075,7
36076,2
36077,6
36078,5
36079,7
36080,1
36081,5
36082,2
36083,6
36084,1
36085,4
36086,7
36087,8
36088,2
36089,9
36090,3
36091,8
36092,3
36093,7
36094,3
36095,7
36096,5
36097,3
36098,1
36099,3
36100,5
36101,7
36102,4
36103,3
36104,4
36105,3
36106,3
36107,7
36108,6
36109,6
36110,9
36111,1
36112,5
36113,6
36114,9
36115,5
36116,1
36117,8
36118,6
36119,8
36120,5
36121,6
36122,0
36123,5
36124,0
36125,4
36126,2
36127,5
36128,9
36129,5
36130,6
36131,1
36132,4
36133,4
36134,4
36135,2
36136,5
36137,7
36138,0
36139,0
36140,1
36141,7
36142,8
36143,4
36144,8
36145,2
36146,6
36147,3
36148,4
36149,0
36150,1
36151,2
36152,5
36153,6
36154,1
36155,7
36156,6
36157,2
36158,1
36159,3
36160,9
36161,2
36162,8
36163,9
36164,2
36165,5
36166,1
36167,2
36168,4
36169,4
36170,5
36171,7
36172,2
36173,4
36174,8
36175,2
36176,2
36177,8
36178,4
36179,6
36180,6
36181,2
36182,2
36183,6
36184,5
36185,9
36186,2
36187,8
36188,9
36189,6
36190,3
36191,4
36192,1
36193,8
36194,2
36195,9
36196,9
36197,8
36198,8
36199,7
36200,1
36201,8
36202,0
36203,2
36204,7
36205,7
36206,1
36207,2
36208,6
36209,4
36210,0
36211,4
36212,5
36213,7
36214,0
36215,5
36216,4
36217,6
36218,4
36219,8
36220,6
36221,1
36222,0
36223,9
36224,9
36225,6
36226,7
36227,4
36228,7
36229,7
36230,8
36231,9
36232,5
36233,7
36234,2
36235,2
36236,3
36237,5
36238,5
36239,5
36240,8
36241,5
36242,4
36243,4
36244,7
36245,2
36246,6
36247,0
36248,9
36249,5
36250,2
36251,0
36252,6
36253,8
36254,9
36255,6
36256,9
36257,9
36258,6
36259,2
36260,6
36261,2
36262,0
36263,1
36264,7
36265,9
36266,3
36267,7
36268,9
36269,1
36270,2
36271,2
36272,9
36273,8
36274,6
36275,8
36276,9
36277,8
36278,9
36279,9
36280,9
36281,9
36282,7
36283,7
36284,5
36285,6
36286,0
36287,8
36288,1
36289,2
36290,1
36291,1
36292,5
36293,3
36294,0
36295,3
36296,3
36297,3
36298,7
36299,4
36300,0
36301,5
36302,1
36303,9
36304,6
36305,0
36306,9
36307,9
36308,5
36309,8
36310,6
36311,0
36312,8
36313,0
36314,4
36315,7
36316,5
36317,7
36318,2
36319,5
36320,1
36321,9
36322,1
36323,6
36324,3
36325,1
36326,3
36327,0
36328,2
36329,8
36330,7
36331,6
36332,8
36333,5
36334,8
36335,6
36336,3
36337,3
36338,1
36339,1
36340,5
36341,2
36342,3
36343,2
36344,6
36345,4
36346,0
36347,2
36348,7
36349,1
36350,5
36351,2
36352,9
36353,4
36354,0
36355,2
36356,3
36357,9
36358,1
36359,3
36360,0
36361,0
36362,7
36363,5
36364,2
36365,7
36366,0
36367,6
36368,9
36369,4
36370,6
36371,4
36372,5
36373,9
36374,8
36375,2
36376,8
36377,5
36378,1
36379,7
36380,8
36381,3
36382,0
36383,7
36384,8
36385,1
36386,7
36387,8
36388,5
36389,6
36390,1
36391,4
36392,3
36393,2
36394,8
36395,6
36396,2
36397,7
36398,1
36399,3
36400,4
36401,4
36402,3
36403,3
36404,3
36405,0
36406,5
36407,6
36408,7
36409,8
36410,0
36411,8
36412,7
36413,1
36414,6
36415,7
36416,7
36417,2
36418,3
36419,1
36420,9
36421,4
36422,9
36423,0
36424,6
36425,2
36426,4
36427,0
36428,6
36429,4
36430,4
36431,2
36432,4
36433,8
36434,3
36435,8
36436,5
36437,2
36438,7
36439,6
36440,1
36441,8
36442,1
36443,9
36444,0
36445,4
36446,9
36447,2
36448,2
36449,3
36450,2
36451,2
36452,6
36453,5
36454,6
36455,9
36456,5
36457,9
36458,9
36459,9
36460,3
36461,7
36462,6
36463,7
36464,7
36465,9
36466,6
36467,8
36468,6
36469,6
36470,4
36471,4
36472,6
36473,0
36474,6
36475,0
36476,2
36477,2
36478,0
36479,1
36480,4
36481,3
36482,6
36483,8
36484,1
36485,6
36486,8
36487,5
36488,2
36489,9
36490,4
36491,6
36492,2
36493,9
36494,6
36495,7
36496,0
36497,8
36498,2
36499,7
36500,0
36501,0
36502,3
36503,5
36504,0
36505,6
36506,5
36507,6
36508,2
36509,9
36510,3
36511,7
36512,9
36513,6
36514,8
36515,7
36516,1
36517,9
36518,5
36519,6
36520,9
36521,0
36522,0
36523,8
36524,9
36525,7
36526,2
36527,1
36528,5
36529,5
36530,0
36531,8
36532,6
36533,0
36534,9
36535,8
36536,8
36537,7
36538,0
36539,7
36540,6
36541,7
36542,5
36543,4
36544,6
36545,9
36546,9
36547,4
36548,8
36549,4
36550,2
36551,8
36552,9
36553,7
36554,5
36555,4
36556,1
36557,8
36558,9
36559,5
36560,1
36561,8
36562,1
36563,3
36564,3
36565,5
36566,0
36567,8
36568,8
36569,3
36570,9
36571,8
36572,9
36573,3
36574,4
36575,4
36576,3
36577,9
36578,5
36579,8
36580,9
36581,4
36582,4
36583,5
36584,5
36585,7
36586,4
36587,1
36588,7
36589,9
36590,4
36591,3
36592,6
36593,8
36594,5
36595,4
36596,9
36597,1
36598,3
36599,2
36600,7
36601,2
36602,9
36603,4
36604,5
36605,8
36606,6
36607,9
36608,6
36609,7
36610,3
36611,9
36612,6
36613,3
36614,5
36615,8
36616,4
36617,1
36618,4
36619,7
36620,0
36621,3
36622,1
36623,6
36624,4
36625,9
36626,9
36627,1
36628,0
36629,8
36630,4
36631,2
36632,3
36633,1
36634,2
36635,3
36636,1
36637,0
36638,9
36639,7
36640,3
36641,2
36642,2
36643,7
36644,6
36645,2
36646,3
36647,1
36648,8
36649,9
36650,9
36651,2
36652,1
36653,4
36654,6
36655,0
36656,9
36657,8
36658,6
36659,5
36660,4
36661,4
36662,8
36663,7
36664,1
36665,0
36666,3
36667,4
36668,5
36669,7
36670,9
36671,0
36672,2
36673,3
36674,2
36675,9
36676,9
36677,7
36678,6
36679,9
36680,2
36681,5
36682,1
36683,0
36684,8
36685,4
36686,2
36687,6
36688,1
36689,6
36690,1
36691,2
36692,4
36693,1
36694,4
36695,2
36696,5
36697,9
36698,6
36699,5
36700,9
36701,9
36702,5
36703,4
36704,6
36705,4
36706,9
36707,9
36708,2
36709,9
36710,4
36711,3
36712,9
36713,5
36714,5
36715,7
36716,1
36717,3
36718,8
36719,5
36720,4
36721,9
36722,6
36723,6
36724,3
36725,2
36726,5
36727,9
36728,9
36729,2
36730,0
36731,1
36732,7
36733,2
36734,5
36735,0
36736,6
36737,7
36738,1
36739,9
36740,7
36741,0
36742,7
36743,6
36744,1
36745,2
36746,7
36747,5
36748,6
36749,5
36750,7
36751,6
36752,1
36753,7
36754,6
36755,7
36756,9
36757,8
36758,5
36759,5
36760,3
36761,6
36762,2
36763,5
36764,2
36765,9
36766,0
36767,3
36768,7
36769,2
36770,2
36771,1
36772,8
36773,7
36774,6
36775,8
36776,9
36777,2
36778,8
36779,0
36780,0
36781,6
36782,7
36783,1
36784,5
36785,7
36786,1
36787,9
36788,1
36789,2
36790,7
36791,0
36792,9
36793,0
36794,6
36795,4
36796,8
36797,4
36798,1
36799,0
36800,5
36801,0
36802,3
36803,4
36804,8
36805,1
36806,4
36807,6
36808,1
36809,9
36810,9
36811,0
36812,5
36813,5
36814,2
36815,9
36816,3
36817,1
36818,5
36819,8
36820,6
36821,5
36822,1
36823,0
36824,6
36825,7
36826,9
36827,5
36828,8
36829,3
36830,7
36831,7
36832,3
36833,7
36834,0
36835,2
36836,2
36837,9
36838,2
36839,2
36840,6
36841,7
36842,9
36843,1
36844,3
36845,3
36846,9
36847,7
36848,3
36849,3
36850,0
36851,4
36852,8
36853,8
36854,0
36855,8
36856,5
36857,1
36858,7
36859,7
36860,2
36861,1
36862,9
36863,2
36864,1
36865,2
36866,4
36867,5
36868,1
36869,9
36870,4
36871,2
36872,7
36873,6
36874,5
36875,0
36876,5
36877,3
36878,1
36879,4
36880,1
36881,8
36882,0
36883,4
36884,1
36885,1
36886,7
36887,3
36888,1
36889,2
36890,7
36891,1
36892,2
36893,2
36894,5
36895,3
36896,1
36897,0
36898,2
36899,5
36900,9
36901,4
36902,7
36903,1
36904,4
36905,2
36906,5
36907,7
36908,8
36909,8
36910,7
36911,7
36912,3
36913,7
36914,5
36915,5
36916,0
36917,3
36918,7
36919,5
36920,3
36921,3
36922,1
36923,1
36924,5
36925,9
36926,8
36927,2
36928,6
36929,0
36930,4
36931,0
36932,9
36933,1
36934,6
36935,7
36936,5
36937,8
36938,1
36939,1
36940,9
36941,8
36942,5
36943,0
36944,7
36945,1
36946,0
36947,5
36948,1
36949,7
36950,8
36951,3
36952,4
36953,8
36954,5
36955,2
36956,3
36957,0
36958,3
36959,2
36960,5
36961,0
36962,7
36963,7
36964,2
36965,6
36966,6
36967,1
36968,7
36969,2
36970,4
36971,4
36972,3
36973,3
36974,0
36975,6
36976,1
36977,7
36978,3
36979,1
36980,6
36981,1
36982,9
36983,6
36984,6
36985,9
36986,8
36987,3
36988,3
36989,8
36990,9
36991,6
36992,0
36993,9
36994,7
36995,5
36996,2
36997,0
36998,7
36999,3
37000,0
37001,3
37002,9
37003,7
37004,2
37005,3
37006,5
37007,6
37008,4
37009,6
37010,2
37011,9
37012,0
37013,9
37014,9
37015,8
37016,2
37017,0
37018,9
37019,1
37020,1
37021,7
37022,4
37023,5
37024,3
37025,0
37026,6
37027,2
37028,5
37029,0
37030,3
37031,8
37032,8
37033,7
37034,6
37035,2
37036,3
37037,5
37038,7
37039,9
37040,6
37041,9
37042,9
37043,6
37044,1
37045,8
37046,1
37047,1
37048,8
37049,8
37050,9
37051,2
37052,5
37053,9
37054,0
37055,5
37056,0
37057,1
37058,5
37059,7
37060,9
37061,1
37062,5
37063,7
37064,0
37065,1
37066,0
37067,4
37068,5
37069,0
37070,4
37071,2
37072,7
37073,2
37074,2
37075,4
37076,6
37077,5
37078,5
37079,6
37080,7
37081,0
37082,9
37083,9
37084,4
37085,5
37086,2
37087,1
37088,7
37089,8
37090,0
37091,8
37092,6
37093,9
37094,5
37095,0
37096,7
37097,0
37098,8
37099,4
37100,8
37101,5
37102,4
37103,6
37104,9
37105,6
37106,4
37107,8
37108,7
37109,4
37110,0
37111,8
37112,0
37113,6
37114,9
37115,0
37116,4
37117,1
37118,0
37119,0
37120,0
37121,6
37122,1
37123,8
37124,4
37125,7
37126,2
37127,9
37128,4
37129,8
37130,5
37131,1
37132,8
37133,3
37134,5
37135,6
37136,4
37137,2
37138,5
37139,5
37140,1
37141,1
37142,3
37143,2
37144,3
37145,4
37146,7
37147,1
37148,6
37149,1
37150,5
37151,6
37152,1
37153,6
37154,2
37155,4
37156,1
37157,4
37158,8
37159,2
37160,8
37161,8
37162,1
37163,4
37164,2
37165,3
37166,0
37167,6
37168,2
37169,2
37170,5
37171,0
37172,3
37173,2
37174,0
37175,6
37176,7
37177,6
37178,4
37179,5
37180,5
37181,9
37182,2
37183,7
37184,7
37185,2
37186,9
37187,1
37188,4
37189,4
37190,3
37191,5
37192,2
37193,6
37194,6
37195,1
37196,3
37197,8
37198,4
37199,3
37200,6
37201,2
37202,1
37203,5
37204,4
37205,5
37206,3
37207,4
37208,4
37209,6
37210,4
37211,4
37212,9
37213,1
37214,3
37215,1
37216,5
37217,2
37218,8
37219,7
37220,3
37221,1
37222,2
37223,7
37224,8
37225,1
37226,9
37227,0
37228,4
37229,4
37230,1
37231,6
37232,5
37233,3
37234,7
37235,9
37236,5
37237,8
37238,2
37239,3
37240,2
37241,4
37242,0
37243,4
37244,4
37245,9
37246,4
37247,8
37248,7
37249,3
37250,7
37251,9
37252,4
37253,6
37254,3
37255,2
37256,2
37257,0
37258,7
37259,6
37260,8
37261,2
37262,9
37263,8
37264,8
37265,7
37266,7
37267,0
37268,5
37269,6
37270,3
37271,7
37272,1
37273,5
37274,5
37275,5
37276,1
37277,6
37278,7
37279,5
37280,9
37281,7
37282,1
37283,6
37284,8
37285,1
37286,9
37287,9
37288,0
37289,9
37290,0
37291,4
37292,7
37293,9
37294,6
37295,8
37296,5
37297,3
37298,6
37299,7
37300,1
37301,5
37302,8
37303,5
37304,2
37305,4
37306,9
37307,7
37308,3
37309,8
37310,5
37311,4
37312,7
37313,8
37314,2
37315,7
37316,0
37317,2
37318,8
37319,6
37320,0
37321,9
37322,1
37323,8
37324,5
37325,0
37326,9
37327,8
37328,2
37329,9
37330,3
37331,1
37332,5
37333,1
37334,2
37335,7
37336,4
37337,1
37338,2
37339,4
37340,7
37341,5
37342,0
37343,8
37344,0
37345,7
37346,2
37347,7
37348,7
37349,3
37350,8
37351,8
37352,1
37353,1
37354,1
37355,0
37356,1
37357,7
37358,3
37359,3
37360,4
37361,2
37362,3
37363,1
37364,5
37365,3
37366,1
37367,4
37368,8
37369,4
37370,4
37371,3
37372,8
37373,2
37374,9
37375,7
37376,0
37377,3
37378,9
37379,7
37380,5
37381,9
37382,5
37383,4
37384,6
37385,2
37386,3
37387,6
37388,8
37389,4
37390,2
37391,7
37392,6
37393,5
37394,4
37395,5
37396,4
37397,2
37398,8
37399,7
37400,0
37401,8
37402,7
37403,2
37404,0
37405,0
37406,3
37407,6
37408,7
37409,2
37410,6
37411,4
37412,7
37413,5
37414,3
37415,6
37416,0
37417,8
37418,2
37419,4
37420,3
37421,1
37422,3
37423,6
37424,7
37425,9
37426,4
37427,6
37428,8
37429,6
37430,3
37431,4
37432,5
37433,9
37434,9
37435,0
37436,6
37437,3
37438,1
37439,2
37440,6
37441,7
37442,5
37443,8
37444,7
37445,3
37446,3
37447,4
37448,9
37449,9
37450,3
37451,7
37452,2
37453,5
37454,4
37455,9
37456,4
37457,2
37458,6
37459,6
37460,2
37461,2
37462,2
37463,4
37464,4
37465,5
37466,6
37467,5
37468,8
37469,7
37470,4
37471,3
37472,9
37473,7
37474,7
37475,9
37476,5
37477,7
37478,4
37479,7
37480,1
37481,5
37482,8
37483,1
37484,3
37485,4
37486,8
37487,2
37488,3
37489,0
37490,9
37491,6
37492,8
37493,0
37494,2
37495,3
37496,1
37497,4
37498,3
37499,4
37500,8
37501,8
37502,4
37503,1
37504,0
37505,4
37506,4
37507,2
37508,5
37509,7
37510,2
37511,2
37512,1
37513,9
37514,3
37515,2
37516,0
37517,9
37518,8
37519,9
37520,0
37521,6
37522,1
37523,6
37524,3
37525,5
37526,3
37527,1
37528,9
37529,4
37530,3
37531,9
37532,8
37533,6
37534,4
37535,3
37536,5
37537,9
37538,3
37539,9
37540,3
37541,1
37542,3
37543,2
37544,9
37545,0
37546,7
37547,8
37548,9
37549,7
37550,4
37551,1
37552,5
37553,4
37554,7
37555,2
37556,2
37557,7
37558,7
37559,4
37560,1
37561,2
37562,9
37563,6
37564,5
37565,6
37566,1
37567,6
37568,0
37569,1
37570,4
37571,1
37572,9
37573,5
37574,2
37575,8
37576,6
37577,0
37578,9
37579,1
37580,1
37581,9
37582,5
37583,3
37584,8
37585,4
37586,5
37587,5
37588,1
37589,1
37590,9
37591,4
37592,2
37593,9
37594,1
37595,4
37596,1
37597,7
37598,0
37599,8
37600,5
37601,1
37602,4
37603,4
37604,7
37605,7
37606,5
37607,7
37608,8
37609,4
37610,5
37611,4
37612,9
37613,8
37614,6
37615,4
37616,0
37617,3
37618,9
37619,6
37620,7
37621,4
37622,4
37623,1
37624,6
37625,5
37626,7
37627,8
37628,1
37629,6
37630,6
37631,7
37632,1
37633,0
37634,8
37635,6
37636,2
37637,0
37638,8
37639,5
37640,3
37641,9
37642,9
37643,3
37644,5
37645,3
37646,0
37647,8
37648,4
37649,6
37650,3
37651,1
37652,1
37653,1
37654,6
37655,1
37656,8
37657,5
37658,2
37659,0
37660,5
37661,2
37662,0
37663,9
37664,8
37665,1
37666,6
37667,3
37668,6
37669,4
37670,0
37671,9
37672,5
37673,7
37674,5
37675,4
37676,7
37677,5
37678,6
37679,6
37680,0
37681,5
37682,3
37683,7
37684,0
37685,3
37686,4
37687,7
37688,3
37689,1
37690,2
37691,0
37692,7
37693,6
37694,1
37695,1
37696,3
37697,7
37698,3
37699,7
37700,2
37701,3
37702,7
37703,9
37704,2
37705,1
37706,9
37707,3
37708,4
37709,4
37710,5
37711,8
37712,7
37713,7
37714,3
37715,4
37716,4
37717,6
37718,0
37719,2
37720,8
37721,5
37722,2
37723,7
37724,6
37725,4
37726,8
37727,7
37728,6
37729,3
37730,1
37731,1
37732,0
37733,7
37734,9
37735,5
37736,8
37737,6
37738,4
37739,6
37740,7
37741,7
37742,0
37743,1
37744,0
37745,1
37746,6
37747,9
37748,9
37749,3
37750,2
37751,7
37752,9
37753,8
37754,3
37755,0
37756,8
37757,5
37758,0
37759,3
37760,8
37761,5
37762,3
37763,6
37764,8
37765,3
37766,0
37767,9
37768,4
37769,9
37770,6
37771,0
37772,4
37773,8
37774,0
37775,7
37776,9
37777,4
37778,3
37779,4
37780,6
37781,2
37782,3
37783,1
37784,9
37785,9
37786,4
37787,8
37788,4
37789,6
37790,4
37791,5
37792,0
37793,6
37794,7
37795,2
37796,1
37797,5
37798,6
37799,9
37800,1
37801,2
37802,9
37803,4
37804,4
37805,0
37806,3
37807,2
37808,7
37809,3
37810,0
37811,2
37812,6
37813,8
37814,2
37815,0
37816,3
37817,2
37818,1
37819,8
37820,4
37821,5
37822,1
37823,7
37824,9
37825,3
37826,3
37827,1
37828,1
37829,4
37830,9
37831,5
37832,0
37833,5
37834,5
37835,2
37836,9
37837,5
37838,4
37839,2
37840,9
37841,5
37842,4
37843,7
37844,5
37845,5
37846,8
37847,3
37848,5
37849,5
37850,7
37851,8
37852,5
37853,8
37854,8
37855,0
37856,2
37857,9
37858,5
37859,7
37860,0
37861,2
37862,8
37863,6
37864,3
37865,8
37866,6
37867,0
37868,4
37869,4
37870,2
37871,4
37872,3
37873,4
37874,6
37875,0
37876,9
37877,0
37878,4
37879,0
37880,3
37881,1
37882,7
37883,0
37884,2
37885,0
37886,8
37887,9
37888,3
37889,6
37890,5
37891,0
37892,9
37893,2
37894,6
37895,0
37896,7
37897,1
37898,0
37899,0
37900,4
37901,0
37902,7
37903,7
37904,5
37905,3
37906,8
37907,8
37908,0
37909,7
37910,6
37911,8
37912,0
37913,7
37914,5
37915,5
37916,2
37917,1
37918,0
37919,3
37920,6
37921,2
37922,0
37923,5
37924,3
37925,9
37926,6
37927,2
37928,9
37929,1
37930,5
37931,5
37932,3
37933,3
37934,4
37935,5
37936,9
37937,9
37938,9
37939,0
37940,3
37941,4
37942,3
37943,3
37944,4
37945,7
37946,2
37947,4
37948,8
37949,3
37950,9
37951,6
37952,3
37953,4
37954,2
37955,7
37956,7
37957,2
37958,8
37959,2
37960,9
37961,3
37962,4
37963,0
37964,1
37965,6
37966,5
37967,3
37968,0
37969,9
37970,5
37971,5
37972,0
37973,6
37974,8
37975,5
37976,0
37977,7
37978,1
37979,8
37980,7
37981,2
37982,1
37983,5
37984,7
37985,2
37986,8
37987,0
37988,6
37989,1
37990,5
37991,8
37992,0
37993,7
37994,8
37995,9
37996,7
37997,7
37998,0
37999,6
38000,7
38001,3
38002,3
38003,6
38004,8
38005,4
38006,4
38007,3
38008,3
38009,7
38010,6
38011,5
38012,8
38013,6
38014,9
38015,3
38016,4
38017,0
38018,3
38019,8
38020,1
38021,5
38022,9
38023,2
38024,2
38025,7
38026,9
38027,1
38028,0
38029,4
38030,1
38031,6
38032,1
38033,5
38034,4
38035,7
38036,1
38037,3
38038,0
38039,2
38040,8
38041,2
38042,9
38043,8
38044,7
38045,4
38046,2
38047,7
38048,4
38049,1
38050,9
38051,9
38052,6
38053,6
38054,3
38055,4
38056,9
38057,1
38058,2
38059,1
38060,7
38061,5
38062,4
38063,3
38064,4
38065,0
38066,3
38067,3
38068,8
38069,7
38070,1
38071,0
38072,2
38073,0
38074,3
38075,3
38076,1
38077,0
38078,4
38079,7
38080,5
38081,7
38082,4
38083,9
38084,0
38085,0
38086,6
38087,1
38088,6
38089,8
38090,9
38091,4
38092,4
38093,9
38094,6
38095,8
38096,3
38097,5
38098,4
38099,5
38100,8
38101,5
38102,8
38103,8
38104,1
38105,0
38106,9
38107,2
38108,5
38109,0
38110,5
38111,0
38112,4
38113,3
38114,9
38115,7
38116,0
38117,9
38118,9
38119,1
38120,6
38121,9
38122,9
38123,1
38124,3
38125,0
38126,6
38127,6
38128,5
38129,4
38130,8
38131,2
38132,6
38133,7
38134,4
38135,2
38136,0
38137,2
38138,8
38139,7
38140,4
38141,5
38142,7
38143,9
38144,3
38145,4
38146,8
38147,7
38148,5
38149,9
38150,5
38151,1
38152,7
38153,5
38154,2
38155,2
38156,9
38157,1
38158,3
38159,2
38160,9
38161,5
38162,6
38163,0
38164,1
38165,2
38166,0
38167,6
38168,0
38169,7
38170,3
38171,8
38172,5
38173,0
38174,9
38175,7
38176,7
38177,0
38178,3
38179,0
38180,0
38181,6
38182,4
38183,6
38184,3
38185,2
38186,5
38187,5
38188,1
38189,9
38190,3
38191,8
38192,9
38193,4
38194,7
38195,3
38196,6
38197,7
38198,5
38199,1
38200,8
38201,5
38202,3
38203,7
38204,5
38205,8
38206,7
38207,9
38208,7
38209,7
38210,6
38211,0
38212,8
38213,2
38214,5
38215,3
38216,2
38217,4
38218,9
38219,6
38220,1
38221,8
38222,7
38223,1
38224,3
38225,5
38226,0
38227,0
38228,0
38229,0
38230,8
38231,3
38232,3
38233,5
38234,9
38235,7
38236,4
38237,4
38238,0
38239,1
38240,5
38241,1
38242,3
38243,3
38244,3
38245,4
38246,5
38247,8
38248,1
38249,2
38250,9
38251,0
38252,4
38253,0
38254,9
38255,2
38256,4
38257,9
38258,1
38259,3
38260,0
38261,4
38262,2
38263,1
38264,2
38265,9
38266,3
38267,4
38268,8
38269,3
38270,3
38271,4
38272,2
38273,1
38274,4
38275,9
38276,1
38277,0
38278,3
38279,7
38280,8
38281,5
38282,9
38283,3
38284,0
38285,9
38286,7
38287,0
38288,7
38289,1
38290,7
38291,7
38292,2
38293,1
38294,5
38295,4
38296,9
38297,0
38298,5
38299,5
38300,6
38301,9
38302,5
38303,6
38304,4
38305,4
38306,1
38307,7
38308,9
38309,0
38310,5
38311,4
38312,5
38313,6
38314,8
38315,1
38316,8
38317,1
38318,6
38319,8
38320,7
38321,2
38322,7
38323,5
38324,0
38325,3
38326,9
38327,5
38328,1
38329,9
38330,9
38331,0
38332,7
38333,2
38334,9
38335,6
38336,5
38337,2
38338,5
38339,1
38340,2
38341,5
38342,0
38343,2
38344,0
38345,1
38346,1
38347,2
38348,9
38349,1
38350,4
38351,5
38352,4
38353,9
38354,8
38355,9
38356,1
38357,1
38358,0
38359,0
38360,7
38361,4
38362,9
38363,8
38364,0
38365,4
38366,0
38367,9
38368,2
38369,7
38370,4
38371,7
38372,3
38373,3
38374,3
38375,3
38376,0
38377,3
38378,5
38379,5
38380,4
38381,1
38382,3
38383,2
38384,0
38385,5
38386,1
38387,1
38388,4
38389,8
38390,5
38391,6
38392,3
38393,7
38394,4
38395,9
38396,9
38397,5
38398,8
38399,1
38400,8
38401,8
38402,3
38403,1
38404,7
38405,3
38406,7
38407,7
38408,9
38409,6
38410,3
38411,1
38412,4
38413,0
38414,8
38415,6
38416,2
38417,3
38418,6
38419,8
38420,5
38421,1
38422,5
38423,6
38424,2
38425,9
38426,7
38427,8
38428,9
38429,9
38430,7
38431,9
38432,3
38433,9
38434,2
38435,8
38436,2
38437,4
38438,1
38439,7
38440,2
38441,9
38442,7
38443,0
38444,8
38445,0
38446,5
38447,1
38448,8
38449,9
38450,5
38451,4
38452,3
38453,2
38454,5
38455,9
38456,5
38457,3
38458,6
38459,4
38460,1
38461,2
38462,7
38463,1
38464,0
38465,4
38466,5
38467,7
38468,6
38469,4
38470,9
38471,2
38472,4
38473,0
38474,0
38475,9
38476,3
38477,0
38478,9
38479,8
38480,8
38481,8
38482,7
38483,6
38484,1
38485,4
38486,2
38487,3
38488,0
38489,4
38490,2
38491,7
38492,1
38493,3
38494,7
38495,1
38496,6
38497,3
38498,9
38499,4
38500,8
38501,8
38502,8
38503,1
38504,6
38505,1
38506,2
38507,5
38508,2
38509,5
38510,0
38511,9
38512,3
38513,2
38514,4
38515,6
38516,1
38517,9
38518,3
38519,2
38520,7
38521,3
38522,6
38523,0
38524,0
38525,0
38526,3
38527,0
38528,5
38529,8
38530,0
38531,1
38532,6
38533,7
38534,9
38535,1
38536,3
38537,8
38538,6
38539,2
38540,8
38541,7
38542,7
38543,5
38544,2
38545,0
38546,2
38547,3
38548,8
38549,8
38550,6
38551,8
38552,4
38553,9
38554,4
38555,5
38556,5
38557,8
38558,6
38559,6
38560,1
38561,9
38562,9
38563,9
38564,2
38565,6
38566,8
38567,5
38568,6
38569,5
38570,8
38571,8
38572,1
38573,6
38574,5
38575,7
38576,4
38577,9
38578,2
38579,6
38580,4
38581,8
38582,0
38583,3
38584,8
38585,8
38586,0
38587,7
38588,8
38589,2
38590,1
38591,7
38592,7
38593,1
38594,7
38595,1
38596,6
38597,7
38598,4
38599,9
38600,4
38601,1
38602,0
38603,0
38604,2
38605,5
38606,7
38607,9
38608,1
38609,8
38610,6
38611,3
38612,7
38613,0
38614,0
38615,7
38616,1
38617,3
38618,4
38619,9
38620,2
38621,4
38622,0
38623,4
38624,6
38625,9
38626,7
38627,0
38628,2
38629,0
38630,5
38631,6
38632,2
38633,7
38634,2
38635,6
38636,5
38637,4
38638,9
38639,2
38640,4
38641,6
38642,9
38643,6
38644,5
38645,5
38646,4
38647,6
38648,1
38649,7
38650,1
38651,5
38652,8
38653,9
38654,3
38655,1
38656,5
38657,3
38658,0
38659,7
38660,5
38661,9
38662,2
38663,4
38664,3
38665,5
38666,7
38667,7
38668,8
38669,8
38670,3
38671,8
38672,4
38673,6
38674,7
38675,3
38676,8
38677,8
38678,9
38679,0
38680,2
38681,1
38682,6
38683,0
38684,7
38685,7
38686,8
38687,3
38688,5
38689,8
38690,8
38691,8
38692,9
38693,8
38694,1
38695,7
38696,2
38697,3
38698,0
38699,5
38700,7
38701,8
38702,8
38703,2
38704,0
38705,5
38706,5
38707,2
38708,3
38709,3
38710,1
38711,5
38712,4
38713,6
38714,6
38715,9
38716,7
38717,9
38718,3
38719,8
38720,4
38721,1
38722,4
38723,6
38724,4
38725,6
38726,7
38727,8
38728,7
38729,0
38730,1
38731,3
38732,9
38733,7
38734,0
38735,2
38736,5
38737,5
38738,1
38739,9
38740,7
38741,6
38742,2
38743,1
38744,6
38745,5
38746,0
38747,7
38748,6
38749,7
38750,0
38751,5
38752,6
38753,1
38754,1
38755,9
38756,8
38757,5
38758,4
38759,4
38760,1
38761,5
38762,2
38763,8
38764,8
38765,8
38766,2
38767,1
38768,7
38769,4
38770,0
38771,5
38772,9
38773,4
38774,3
38775,7
38776,3
38777,6
38778,2
38779,9
38780,9
38781,2
38782,2
38783,5
38784,8
38785,5
38786,4
38787,8
38788,7
38789,1
38790,1
38791,5
38792,2
38793,8
38794,2
38795,1
38796,5
38797,5
38798,4
38799,9
38800,4
38801,9
38802,4
38803,4
38804,6
38805,2
38806,4
38807,6
38808,4
38809,7
38810,5
38811,0
38812,9
38813,3
38814,9
38815,3
38816,9
38817,0
38818,2
38819,2
38820,1
38821,9
38822,8
38823,3
38824,2
38825,0
38826,8
38827,8
38828,3
38829,0
38830,6
38831,8
38832,8
38833,1
38834,7
38835,9
38836,8
38837,2
38838,1
38839,3
38840,8
38841,1
38842,9
38843,5
38844,6
38845,0
38846,2
38847,8
38848,9
38849,4
38850,8
38851,2
38852,6
38853,9
38854,5
38855,9
38856,3
38857,8
38858,3
38859,6
38860,5
38861,0
38862,0
38863,1
38864,3
38865,0
38866,0
38867,2
38868,0
38869,8
38870,3
38871,6
38872,5
38873,4
38874,0
38875,8
38876,9
38877,4
38878,0
38879,2
38880,4
38881,7
38882,2
38883,7
38884,7
38885,8
38886,7
38887,6
38888,3
38889,1
38890,1
38891,6
38892,1
38893,7
38894,7
38895,0
38896,8
38897,7
38898,8
38899,2
38900,8
38901,7
38902,9
38903,0
38904,8
38905,5
38906,8
38907,8
38908,5
38909,3
38910,8
38911,6
38912,4
38913,8
38914,6
38915,5
38916,1
38917,1
38918,2
38919,2
38920,3
38921,5
38922,0
38923,4
38924,5
38925,5
38926,2
38927,3
38928,5
38929,6
38930,5
38931,3
38932,1
38933,4
38934,3
38935,2
38936,4
38937,8
38938,1
38939,0
38940,8
38941,1
38942,5
38943,4
38944,3
38945,1
38946,1
38947,6
38948,0
38949,4
38950,3
38951,9
38952,5
38953,2
38954,1
38955,2
38956,6
38957,2
38958,6
38959,6
38960,3
38961,9
38962,9
38963,6
38964,9
38965,5
38966,4
38967,2
38968,1
38969,5
38970,7
38971,0
38972,8
38973,1
38974,4
38975,4
38976,8
38977,8
38978,3
38979,2
38980,6
38981,8
38982,1
38983,6
38984,1
38985,1
38986,9
38987,5
38988,4
38989,5
38990,8
38991,0
38992,4
38993,2
38994,2
38995,8
38996,3
38997,8
38998,8
38999,3
39000,1
39001,3
39002,5
39003,4
39004,6
39005,9
39006,9
39007,6
39008,2
39009,3
39010,3
39011,9
39012,4
39013,8
39014,3
39015,5
39016,2
39017,7
39018,6
39019,4
39020,0
39021,2
39022,3
39023,4
39024,6
39025,6
39026,7
39027,8
39028,9
39029,8
39030,8
39031,7
39032,1
39033,6
39034,3
39035,9
39036,6
39037,7
39038,6
39039,5
39040,3
39041,0
39042,9
39043,2
39044,8
39045,9
39046,7
39047,7
39048,6
39049,4
39050,2
39051,4
39052,3
39053,8
39054,5
39055,1
39056,6
39057,4
39058,4
39059,1
39060,1
39061,6
39062,9
39063,3
39064,4
39065,7
39066,4
39067,4
39068,3
39069,9
39070,9
39071,6
39072,1
39073,0
39074,2
39075,0
39076,6
39077,8
39078,8
39079,3
39080,2
39081,8
39082,1
39083,0
39084,2
39085,0
39086,4
39087,4
39088,4
39089,7
39090,7
39091,8
39092,5
39093,7
39094,5
39095,7
39096,0
39097,6
39098,5
39099,4
39100,8
39101,4
39102,5
39103,6
39104,3
39105,4
39106,2
39107,7
39108,7
39109,0
39110,5
39111,1
39112,0
39113,1
39114,9
39115,6
39116,4
39117,6
39118,1
39119,0
39120,3
39121,6
39122,3
39123,6
39124,4
39125,8
39126,8
39127,9
39128,7
39129,9
39130,9
39131,3
39132,7
39133,4
39134,0
39135,8
39136,8
39137,4
39138,9
39139,4
39140,2
39141,8
39142,7
39143,2
39144,4
39145,2
39146,2
39147,6
39148,8
39149,6
39150,4
39151,3
39152,2
39153,2
39154,7
39155,6
39156,3
39157,1
39158,6
39159,0
39160,5
39161,5
39162,4
39163,4
39164,0
39165,4
39166,7
39167,1
39168,0
39169,2
39170,0
39171,9
39172,3
39173,5
39174,1
39175,5
39176,6
39177,5
39178,6
39179,7
39180,4
39181,1
39182,6
39183,6
39184,5
39185,4
39186,7
39187,7
39188,4
39189,4
39190,0
39191,9
39192,7
39193,0
39194,6
39195,7
39196,6
39197,2
39198,6
39199,6
39200,9
39201,0
39202,3
39203,3
39204,2
39205,2
39206,4
39207,2
39208,6
39209,7
39210,3
39211,7
39212,4
39213,4
39214,5
39215,6
39216,0
39217,2
39218,7
39219,7
39220,2
39221,5
39222,4
39223,1
39224,5
39225,9
39226,4
39227,0
39228,6
39229,3
39230,0
39231,8
39232,5
39233,6
39234,6
39235,4
39236,6
39237,8
39238,6
39239,8
39240,1
39241,0
39242,0
39243,6
39244,8
39245,8
39246,0
39247,1
39248,3
39249,8
39250,0
39251,3
39252,9
39253,3
39254,0
39255,6
39256,7
39257,4
39258,3
39259,4
39260,4
39261,5
39262,6
39263,3
39264,6
39265,6
39266,7
39267,1
39268,2
39269,1
39270,2
39271,4
39272,2
39273,8
39274,7
39275,1
39276,5
39277,8
39278,4
39279,5
39280,2
39281,2
39282,3
39283,5
39284,6
39285,7
39286,3
39287,3
39288,3
39289,7
39290,7
39291,1
39292,5
39293,9
39294,5
39295,0
39296,1
39297,3
39298,3
39299,5
39300,9
39301,6
39302,2
39303,3
39304,1
39305,2
39306,3
39307,8
39308,8
39309,3
39310,8
39311,9
39312,8
39313,7
39314,7
39315,7
39316,0
39317,7
39318,6
39319,9
39320,0
39321,7
39322,3
39323,6
39324,6
39325,1
39326,7
39327,6
39328,9
39329,3
39330,3
39331,5
39332,4
39333,5
39334,1
39335,8
39336,9
39337,9
39338,9
39339,6
39340,4
39341,8
39342,2
39343,1
39344,5
39345,5
39346,1
39347,0
39348,6
39349,2
39350,8
39351,5
39352,4
39353,8
39354,2
39355,7
39356,1
39357,2
39358,4
39359,4
39360,5
39361,8
39362,9
39363,6
39364,1
39365,0
39366,4
39367,4
39368,2
39369,9
39370,0
39371,7
39372,0
39373,8
39374,6
39375,1
39376,3
39377,3
39378,7
39379,1
39380,5
39381,4
39382,0
39383,3
39384,0
39385,0
39386,3
39387,3
39388,5
39389,3
39390,3
39391,3
39392,7
39393,7
39394,9
39395,3
39396,9
39397,3
39398,0
39399,3
39400,4
39401,5
39402,6
39403,5
39404,7
39405,5
39406,7
39407,1
39408,0
39409,2
39410,5
39411,9
39412,7
39413,0
39414,4
39415,1
39416,1
39417,6
39418,2
39419,2
39420,3
39421,7
39422,7
39423,1
39424,4
39425,7
39426,0
39427,0
39428,7
39429,1
39430,7
39431,2
39432,8
39433,1
39434,2
39435,2
39436,5
39437,1
39438,4
39439,9
39440,7
39441,6
39442,6
39443,7
39444,6
39445,1
39446,2
39447,3
39448,1
39449,3
39450,3
39451,7
39452,5
39453,9
39454,5
39455,4
39456,5
39457,0
39458,0
39459,0
39460,7
39461,2
39462,0
39463,0
39464,0
39465,2
39466,6
39467,9
39468,2
39469,6
39470,8
39471,5
39472,2
39473,5
39474,4
39475,7
39476,0
39477,5
39478,5
39479,7
39480,7
39481,8
39482,9
39483,3
39484,6
39485,3
39486,9
39487,1
39488,3
39489,7
39490,6
39491,9
39492,8
39493,1
39494,3
39495,1
39496,5
39497,5
39498,3
39499,3
39500,4
39501,0
39502,7
39503,8
39504,2
39505,3
39506,5
39507,0
39508,5
39509,3
39510,5
39511,4
39512,2
39513,6
39514,9
39515,0
39516,8
39517,7
39518,8
39519,8
39520,7
39521,3
39522,5
39523,5
39524,8
39525,6
39526,0
39527,2
39528,9
39529,3
39530,2
39531,8
39532,0
39533,0
39534,0
39535,5
39536,1
39537,4
39538,9
39539,2
39540,7
39541,9
39542,5
39543,8
39544,7
39545,4
39546,7
39547,0
39548,8
39549,1
39550,8
39551,8
39552,8
39553,7
39554,5
39555,3
39556,3
39557,6
39558,6
39559,9
39560,5
39561,0
39562,0
39563,0
39564,4
39565,2
39566,3
39567,8
39568,0
39569,6
39570,4
39571,1
39572,3
39573,8
39574,4
39575,5
39576,9
39577,9
39578,0
39579,3
39580,9
39581,0
39582,1
39583,9
39584,9
39585,4
39586,3
39587,8
39588,5
39589,2
39590,5
39591,4
39592,7
39593,8
39594,1
39595,3
39596,7
39597,6
39598,0
39599,6
39600,5
39601,0
39602,0
39603,0
39604,3
39605,3
39606,0
39607,1
39608,1
39609,9
39610,9
39611,0
39612,5
39613,2
39614,8
39615,9
39616,7
39617,5
39618,5
39619,3
39620,5
39621,6
39622,2
39623,4
39624,8
39625,7
39626,6
39627,2
39628,4
39629,6
39630,6
39631,6
39632,2
39633,7
39634,7
39635,8
39636,8
39637,1
39638,3
39639,4
39640,0
39641,0
39642,6
39643,1
39644,7
39645,9
39646,7
39647,6
39648,1
39649,0
39650,0
39651,8
39652,4
39653,2
39654,1
39655,3
39656,4
39657,4
39658,8
39659,4
39660,4
39661,2
39662,5
39663,7
39664,3
39665,8
39666,3
39667,7
39668,1
39669,9
39670,1
39671,2
39672,4
39673,4
39674,2
39675,4
39676,1
39677,3
39678,2
39679,4
39680,3
39681,0
39682,2
39683,1
39684,5
39685,4
39686,6
39687,0
39688,7
39689,0
39690,6
39691,2
39692,1
39693,6
39694,1
39695,4
39696,8
39697,2
39698,9
39699,2
39700,0
39701,8
39702,7
39703,1
39704,0
39705,0
39706,0
39707,0
39708,5
39709,7
39710,3
39711,9
39712,5
39713,1
39714,9
39715,1
39716,3
39717,9
39718,2
39719,7
39720,4
39721,1
39722,7
39723,6
39724,3
39725,5
39726,4
39727,1
39728,4
39729,2
39730,1
39731,1
39732,5
39733,8
39734,6
39735,8
39736,0
39737,4
39738,3
39739,9
39740,6
39741,3
39742,9
39743,3
39744,7
39745,2
39746,9
39747,1
39748,6
39749,8
39750,9
39751,3
39752,3
39753,1
39754,5
39755,6
39756,9
39757,6
39758,2
39759,6
39760,9
39761,1
39762,9
39763,5
39764,1
39765,6
39766,0
39767,3
39768,2
39769,9
39770,4
39771,4
39772,5
39773,5
39774,0
39775,6
39776,4
39777,3
39778,9
39779,2
39780,9
39781,9
39782,1
39783,7
39784,5
39785,8
39786,1
39787,2
39788,3
39789,2
39790,1
39791,2
39792,8
39793,1
39794,3
39795,2
39796,0
39797,6
39798,6
39799,7
39800,5
39801,1
39802,4
39803,5
39804,7
39805,9
39806,0
39807,4
39808,1
39809,0
39810,8
39811,8
39812,4
39813,7
39814,7
39815,9
39816,9
39817,2
39818,6
39819,9
39820,8
39821,3
39822,5
39823,4
39824,9
39825,2
39826,8
39827,4
39828,2
39829,3
39830,5
39831,6
39832,4
39833,0
39834,0
39835,0
39836,8
39837,3
39838,5
39839,4
39840,2
39841,2
39842,7
39843,5
39844,5
39845,1
39846,4
39847,2
39848,2
39849,1
39850,8
39851,8
39852,6
39853,0
39854,2
39855,6
39856,2
39857,3
39858,7
39859,4
39860,2
39861,4
39862,5
39863,7
39864,2
39865,3
39866,2
39867,8
39868,0
39869,4
39870,4
39871,3
39872,5
39873,6
39874,3
39875,9
39876,6
39877,6
39878,1
39879,8
39880,3
39881,6
39882,8
39883,3
39884,6
39885,9
39886,4
39887,1
39888,9
39889,4
39890,5
39891,8
39892,4
39893,0
39894,4
39895,2
39896,2
39897,2
39898,0
39899,1
39900,8
39901,9
39902,8
39903,2
39904,9
39905,5
39906,5
39907,1
39908,4
39909,5
39910,4
39911,3
39912,7
39913,3
39914,3
39915,8
39916,3
39917,5
39918,7
39919,3
39920,8
39921,5
39922,3
39923,3
39924,2
39925,8
39926,7
39927,3
39928,9
39929,8
39930,1
39931,5
39932,2
39933,8
39934,2
39935,5
39936,3
39937,2
39938,8
39939,3
39940,8
39941,4
39942,7
39943,9
39944,3
39945,1
39946,8
39947,1
39948,4
39949,7
39950,9
39951,0
39952,7
39953,7
39954,1
39955,3
39956,5
39957,7
39958,4
39959,3
39960,5
39961,0
39962,7
39963,4
39964,8
39965,2
39966,7
39967,8
39968,7
39969,1
39970,9
39971,8
39972,9
39973,5
39974,6
39975,1
39976,0
39977,3
39978,2
39979,9
39980,4
39981,2
39982,4
39983,3
39984,7
39985,4
39986,1
39987,1
39988,3
39989,5
39990,1
39991,8
39992,6
39993,0
39994,2
39995,0
39996,2
39997,5
39998,8
39999,7
40000,8
40001,4
40002,8
40003,2
40004,0
40005,7
40006,8
40007,3
40008,0
40009,0
40010,8
40011,0
40012,7
40013,9
40014,4
40015,9
40016,1
40017,9
40018,6
40019,9
40020,0
40021,6
40022,0
40023,8
40024,0
40025,8
40026,0
40027,6
40028,9
40029,3
40030,8
40031,3
40032,4
40033,1
40034,9
40035,1
40036,7
40037,7
40038,4
40039,3
40040,2
40041,2
40042,9
40043,1
40044,5
40045,6
40046,0
40047,7
40048,1
40049,2
40050,7
40051,0
40052,8
40053,2
40054,0
40055,1
40056,7
40057,7
40058,7
40059,8
40060,8
40061,9
40062,7
40063,9
40064,9
40065,0
40066,2
40067,1
40068,5
40069,6
40070,5
40071,0
40072,0
40073,2
40074,1
40075,6
40076,8
40077,5
40078,7
40079,0
40080,3
40081,8
40082,3
40083,9
40084,0
40085,0
40086,7
40087,6
40088,5
40089,6
40090,8
40091,6
40092,2
40093,5
40094,5
40095,1
40096,5
40097,3
40098,5
40099,3
40100,1
40101,8
40102,2
40103,2
40104,5
40105,6
40106,4
40107,6
40108,0
40109,9
40110,9
40111,4
40112,1
40113,7
40114,1
40115,1
40116,9
40117,8
40118,4
40119,9
40120,0
40121,8
40122,8
40123,7
40124,4
40125,7
40126,8
40127,0
40128,0
40129,0
40130,3
40131,8
40132,3
40133,0
40134,5
40135,9
40136,8
40137,8
40138,4
40139,7
40140,2
40141,5
40142,1
40143,1
40144,1
40145,5
40146,2
40147,9
40148,5
40149,0
40150,2
40151,2
40152,0
40153,9
40154,0
40155,6
40156,1
40157,9
40158,7
40159,0
40160,8
40161,7
40162,1
40163,3
40164,9
40165,3
40166,6
40167,0
40168,7
40169,6
40170,9
40171,3
40172,7
40173,0
40174,3
40175,7
40176,7
40177,2
40178,0
40179,5
40180,8
40181,3
40182,2
40183,9
40184,2
40185,4
40186,9
40187,6
40188,8
40189,7
40190,3
40191,1
40192,2
40193,5
40194,5
40195,6
40196,9
40197,4
40198,9
40199,8
40200,4
40201,7
40202,2
40203,2
40204,3
40205,8
40206,0
40207,0
40208,4
40209,7
40210,5
40211,3
40212,6
40213,4
40214,1
40215,6
40216,4
40217,1
40218,5
40219,4
40220,0
40221,6
40222,8
40223,4
40224,4
40225,4
40226,6
40227,9
40228,2
40229,8
40230,7
40231,5
40232,6
40233,4
40234,6
40235,9
40236,9
40237,3
40238,2
40239,0
40240,4
40241,0
40242,9
40243,5
40244,2
40245,3
40246,4
40247,2
40248,4
40249,6
40250,6
40251,7
40252,2
40253,6
40254,9
40255,6
40256,3
40257,4
40258,4
40259,2
40260,2
40261,4
40262,5
40263,0
40264,2
40265,5
40266,6
40267,8
40268,3
40269,5
40270,9
40271,3
40272,6
40273,4
40274,6
40275,3
40276,9
40277,3
40278,4
40279,2
40280,2
40281,3
40282,2
40283,9
40284,8
40285,9
40286,7
40287,1
40288,8
40289,8
40290,3
40291,8
40292,8
40293,9
40294,5
40295,6
40296,3
40297,4
40298,9
40299,5
40300,3
40301,3
40302,8
40303,2
40304,7
40305,6
40306,3
40307,6
40308,6
40309,3
40310,8
40311,9
40312,7
40313,9
40314,3
40315,4
40316,6
40317,5
40318,5
40319,6
40320,9
40321,0
40322,4
40323,4
40324,3
40325,8
40326,0
40327,7
40328,4
40329,2
40330,3
40331,8
40332,2
40333,9
40334,4
40335,6
40336,8
40337,9
40338,0
40339,7
40340,7
40341,7
40342,0
40343,8
40344,3
40345,1
40346,9
40347,1
40348,5
40349,8
40350,1
40351,4
40352,4
40353,4
40354,2
40355,9
40356,8
40357,3
40358,8
40359,0
40360,4
40361,3
40362,4
40363,5
40364,4
40365,1
40366,1
40367,8
40368,3
40369,0
40370,1
40371,4
40372,6
40373,8
40374,5
40375,3
40376,4
40377,5
40378,9
40379,6
40380,8
40381,7
40382,1
40383,4
40384,9
40385,0
40386,2
40387,8
40388,1
40389,6
40390,8
40391,0
40392,7
40393,7
40394,5
40395,6
40396,8
40397,6
40398,7
40399,7
40400,0
40401,0
40402,4
40403,0
40404,9
40405,4
40406,7
40407,7
40408,6
40409,3
40410,2
40411,6
40412,7
40413,4
40414,8
40415,3
40416,5
40417,6
40418,2
40419,8
40420,1
40421,7
40422,2
40423,7
40424,2
40425,7
40426,8
40427,6
40428,6
40429,4
40430,2
40431,3
40432,7
40433,1
40434,2
40435,8
40436,8
40437,5
40438,3
40439,7
40440,4
40441,7
40442,7
40443,5
40444,7
40445,8
40446,2
40447,8
40448,0
40449,1
40450,6
40451,2
40452,2
40453,6
40454,2
40455,9
40456,4
40457,0
40458,6
40459,1
40460,5
40461,7
40462,7
40463,0
40464,3
40465,0
40466,9
40467,5
40468,6
40469,6
40470,7
40471,6
40472,2
40473,1
40474,8
40475,7
40476,9
40477,3
40478,9
40479,4
40480,3
40481,9
40482,6
40483,8
40484,8
40485,3
40486,7
40487,2
40488,0
40489,1
40490,7
40491,5
40492,7
40493,4
40494,4
40495,0
40496,3
40497,9
40498,9
40499,4
40500,6
40501,4
40502,0
40503,6
40504,0
40505,0
40506,6
40507,6
40508,1
40509,2
40510,2
40511,4
40512,0
40513,7
40514,5
40515,6
40516,5
40517,5
40518,4
40519,0
40520,5
40521,1
40522,7
40523,4
40524,3
40525,8
40526,1
40527,8
40528,4
40529,9
40530,4
40531,3
40532,9
40533,1
40534,6
40535,8
40536,6
40537,3
40538,0
40539,6
40540,7
40541,9
40542,5
40543,8
40544,8
40545,1
40546,4
40547,3
40548,5
40549,6
40550,7
40551,1
40552,1
40553,3
40554,7
40555,4
40556,8
40557,1
40558,7
40559,5
40560,5
40561,5
40562,3
40563,2
40564,6
40565,0
40566,1
40567,6
40568,7
40569,5
40570,8
40571,5
40572,5
40573,9
40574,8
40575,9
40576,8
40577,9
40578,7
40579,8
40580,5
40581,2
40582,3
40583,3
40584,4
40585,7
40586,4
40587,5
40588,8
40589,4
40590,6
40591,9
40592,0
40593,4
40594,9
40595,4
40596,8
40597,1
40598,9
40599,1
40600,0
40601,1
40602,1
40603,5
40604,6
40605,2
40606,3
40607,5
40608,3
40609,5
40610,7
40611,6
40612,7
40613,3
40614,1
40615,4
40616,8
40617,0
40618,6
40619,4
40620,4
40621,8
40622,7
40623,4
40624,0
40625,8
40626,5
40627,0
40628,1
40629,5
40630,9
40631,3
40632,5
40633,7
40634,1
40635,1
40636,2
40637,5
40638,6
40639,6
40640,8
40641,8
40642,4
40643,2
40644,6
40645,6
40646,8
40647,4
40648,6
40649,2
40650,5
40651,4
40652,6
40653,3
40654,5
40655,1
40656,3
40657,6
40658,5
40659,2
40660,1
40661,3
40662,5
40663,2
40664,9
40665,8
40666,3
40667,5
40668,9
40669,4
40670,0
40671,4
40672,1
40673,0
40674,7
40675,6
40676,9
40677,8
40678,6
40679,5
40680,0
40681,2
40682,7
40683,8
40684,9
40685,4
40686,8
40687,4
40688,8
40689,9
40690,2
40691,1
40692,5
40693,6
40694,3
40695,9
40696,7
40697,9
40698,5
40699,7
40700,9
40701,7
40702,4
40703,0
40704,0
40705,6
40706,8
40707,4
40708,2
40709,3
40710,6
40711,5
40712,8
40713,4
40714,2
40715,3
40716,8
40717,7
40718,2
40719,1
40720,4
40721,7
40722,2
40723,2
40724,0
40725,2
40726,5
40727,0
40728,8
40729,1
40730,0
40731,5
40732,9
40733,4
40734,9
40735,5
40736,2
40737,6
40738,2
40739,8
40740,1
40741,4
40742,6
40743,2
40744,9
40745,3
40746,2
40747,3
40748,5
40749,9
40750,6
40751,2
40752,2
40753,0
40754,5
40755,1
40756,3
40757,9
40758,0
40759,5
40760,4
40761,4
40762,3
40763,3
40764,4
40765,1
40766,3
40767,9
40768,9
40769,7
40770,8
40771,4
40772,0
40773,3
40774,0
40775,0
40776,1
40777,4
40778,3
40779,3
40780,1
40781,1
40782,0
40783,9
40784,6
40785,8
40786,1
40787,8
40788,2
40789,4
40790,3
40791,4
40792,8
40793,8
40794,7
40795,9
40796,8
40797,0
40798,3
40799,7
40800,6
40801,9
40802,7
40803,9
40804,4
40805,6
40806,7
40807,3
40808,2
40809,0
40810,1
40811,8
40812,9
40813,6
40814,0
40815,5
40816,1
40817,8
40818,1
40819,8
40820,4
40821,6
40822,3
40823,8
40824,6
40825,1
40826,1
40827,1
40828,4
40829,3
40830,0
40831,2
40832,2
40833,4
40834,3
40835,5
40836,9
40837,6
40838,1
40839,7
40840,1
40841,5
40842,9
40843,5
40844,0
40845,7
40846,3
40847,0
40848,8
40849,4
40850,6
40851,5
40852,4
40853,1
40854,9
40855,4
40856,4
40857,2
40858,8
40859,9
40860,9
40861,5
40862,0
40863,4
40864,0
40865,2
40866,8
40867,9
40868,4
40869,9
40870,3
40871,9
40872,2
40873,7
40874,0
40875,8
40876,3
40877,9
40878,5
40879,4
40880,8
40881,7
40882,1
40883,1
40884,5
40885,1
40886,6
40887,0
40888,6
40889,1
40890,0
40891,6
40892,9
40893,5
40894,5
40895,6
40896,5
40897,9
40898,2
40899,1
40900,9
40901,0
40902,8
40903,4
40904,6
40905,3
40906,3
40907,3
40908,3
40909,0
40910,9
40911,1
40912,9
40913,1
40914,0
40915,2
40916,9
40917,5
40918,6
40919,1
40920,5
40921,5
40922,7
40923,9
40924,3
40925,6
40926,0
40927,1
40928,3
40929,3
40930,8
40931,8
40932,3
40933,8
40934,0
40935,9
40936,0
40937,9
40938,5
40939,8
40940,5
40941,2
40942,8
40943,2
40944,6
40945,9
40946,4
40947,1
40948,5
40949,1
40950,8
40951,7
40952,6
40953,1
40954,3
40955,1
40956,0
40957,5
40958,1
40959,6
40960,8
40961,2
40962,0
40963,5
40964,6
40965,2
40966,5
40967,6
40968,5
40969,0
40970,8
40971,3
40972,8
40973,9
40974,7
40975,6
40976,8
40977,7
40978,3
40979,4
40980,6
40981,8
40982,7
40983,7
40984,3
40985,4
40986,8
40987,8
40988,0
40989,3
40990,0
40991,5
40992,2
40993,8
40994,9
40995,8
40996,9
40997,0
40998,0
40999,1
41000,6
41001,1
41002,6
41003,5
41004,2
41005,0
41006,4
41007,6
41008,2
41009,2
41010,3
41011,0
41012,3
41013,8
41014,3
41015,3
41016,2
41017,2
41018,1
41019,0
41020,3
41021,4
41022,9
41023,1
41024,4
41025,3
41026,8
41027,3
41028,9
41029,4
41030,1
41031,8
41032,1
41033,3
41034,8
41035,5
41036,3
41037,0
41038,9
41039,2
41040,2
41041,4
41042,9
41043,7
41044,0
41045,9
41046,4
41047,6
41048,8
41049,5
41050,8
41051,2
41052,2
41053,6
41054,1
41055,4
41056,7
41057,9
41058,8
41059,6
41060,0
41061,5
41062,3
41063,1
41064,1
41065,2
41066,7
41067,8
41068,0
41069,1
41070,0
41071,0
41072,7
41073,8
41074,6
41075,5
41076,1
41077,4
41078,2
41079,6
41080,3
41081,3
41082,5
41083,8
41084,6
41085,2
41086,0
41087,7
41088,4
41089,2
41090,3
41091,5
41092,9
41093,6
41094,0
41095,1
41096,4
41097,6
41098,5
41099,0
41100,9
41101,7
41102,6
41103,6
41104,1
41105,3
41106,1
41107,2
41108,2
41109,3
41110,0
41111,3
41112,3
41113,4
41114,9
41115,8
41116,4
41117,4
41118,7
41119,6
41120,4
41121,1
41122,6
41123,9
41124,8
41125,5
41126,0
41127,4
41128,4
41129,1
41130,5
41131,5
41132,4
41133,2
41134,2
41135,6
41136,3
41137,8
41138,3
41139,1
41140,7
41141,9
41142,4
41143,6
41144,1
41145,7
41146,8
41147,7
41148,6
41149,7
41150,4
41151,7
41152,9
41153,9
41154,9
41155,2
41156,5
41157,1
41158,4
41159,2
41160,0
41161,9
41162,3
41163,8
41164,1
41165,8
41166,1
41167,3
41168,5
41169,1
41170,7
41171,6
41172,3
41173,3
41174,2
41175,8
41176,1
41177,0
41178,3
41179,9
41180,1
41181,5
41182,9
41183,4
41184,6
41185,0
41186,1
41187,8
41188,9
41189,8
41190,0
41191,8
41192,7
41193,4
41194,4
41195,4
41196,2
41197,5
41198,4
41199,7
41200,2
41201,4
41202,8
41203,1
41204,6
41205,5
41206,1
41207,4
41208,6
41209,1
41210,3
41211,1
41212,0
41213,6
41214,1
41215,2
41216,0
41217,6
41218,4
41219,9
41220,2
41221,8
41222,3
41223,8
41224,5
41225,3
41226,4
41227,1
41228,0
41229,0
41230,8
41231,6
41232,5
41233,9
41234,2
41235,0
41236,5
41237,1
41238,7
41239,4
41240,8
41241,8
41242,7
41243,1
41244,1
41245,1
41246,1
41247,0
41248,3
41249,4
41250,8
41251,4
41252,4
41253,4
41254,8
41255,9
41256,3
41257,2
41258,3
41259,4
41260,1
41261,0
41262,0
41263,8
41264,1
41265,5
41266,2
41267,0
41268,3
41269,3
41270,2
41271,5
41272,5
41273,2
41274,8
41275,2
41276,3
41277,4
41278,0
41279,8
41280,2
41281,3
41282,0
41283,4
41284,6
41285,4
41286,0
41287,4
41288,7
41289,4
41290,0
41291,2
41292,1
41293,1
41294,0
41295,9
41296,4
41297,0
41298,3
41299,0
41300,9
41301,7
41302,0
41303,4
41304,9
41305,0
41306,6
41307,7
41308,6
41309,7
41310,2
41311,7
41312,9
41313,2
41314,3
41315,0
41316,0
41317,5
41318,2
41319,6
41320,5
41321,0
41322,9
41323,7
41324,7
41325,9
41326,0
41327,2
41328,7
41329,8
41330,7
41331,3
41332,9
41333,5
41334,8
41335,7
41336,6
41337,9
41338,8
41339,5
41340,6
41341,1
41342,7
41343,3
41344,6
41345,4
41346,0
41347,1
41348,9
41349,7
41350,6
41351,0
41352,9
41353,9
41354,0
41355,8
41356,4
41357,3
41358,7
41359,1
41360,5
41361,3
41362,9
41363,1
41364,6
41365,0
41366,5
41367,6
41368,1
41369,3
41370,7
41371,2
41372,1
41373,3
41374,0
41375,2
41376,2
41377,4
41378,0
41379,2
41380,5
41381,7
41382,5
41383,9
41384,8
41385,2
41386,7
41387,7
41388,5
41389,8
41390,1
41391,8
41392,1
41393,4
41394,9
41395,2
41396,3
41397,3
41398,6
41399,3
41400,6
41401,1
41402,5
41403,8
41404,3
41405,6
41406,1
41407,6
41408,2
41409,9
41410,5
41411,3
41412,1
41413,7
41414,7
41415,3
41416,6
41417,9
41418,8
41419,1
41420,6
41421,4
41422,5
41423,7
41424,2
41425,8
41426,6
41427,8
41428,8
41429,8
41430,5
41431,2
41432,8
41433,4
41434,6
41435,5
41436,8
41437,4
41438,5
41439,1
41440,1
41441,0
41442,4
41443,9
41444,8
41445,4
41446,2
41447,8
41448,8
41449,5
41450,5
41451,4
41452,4
41453,4
41454,1
41455,6
41456,3
41457,1
41458,8
41459,3
41460,0
41461,7
41462,7
41463,4
41464,9
41465,2
41466,7
41467,4
41468,0
41469,1
41470,2
41471,0
41472,9
41473,4
41474,7
41475,8
41476,7
41477,2
41478,7
41479,0
41480,1
41481,9
41482,4
41483,1
41484,7
41485,0
41486,9
41487,2
41488,3
41489,8
41490,2
41491,1
41492,8
41493,7
41494,4
41495,1
41496,8
41497,6
41498,7
41499,4
41500,5
41501,0
41502,6
41503,6
41504,2
41505,3
41506,9
41507,4
41508,7
41509,1
41510,9
41511,6
41512,9
41513,6
41514,9
41515,6
41516,0
41517,5
41518,6
41519,1
41520,5
41521,6
41522,2
41523,0
41524,3
41525,5
41526,6
41527,1
41528,0
41529,2
41530,5
41531,9
41532,0
41533,5
41534,0
41535,8
41536,4
41537,4
41538,0
41539,2
41540,5
41541,2
41542,5
41543,2
41544,0
41545,6
41546,6
41547,9
41548,5
41549,3
41550,4
41551,3
41552,6
41553,7
41554,2
41555,3
41556,2
41557,8
41558,3
41559,7
41560,6
41561,1
41562,6
41563,2
41564,9
41565,1
41566,5
41567,0
41568,1
41569,9
41570,5
41571,5
41572,7
41573,6
41574,1
41575,0
41576,3
41577,5
41578,5
41579,2
41580,0
41581,3
41582,6
41583,4
41584,5
41585,8
41586,2
41587,5
41588,0
41589,9
41590,2
41591,1
41592,7
41593,5
41594,6
41595,2
41596,3
41597,1
41598,2
41599,9
41600,7
41601,5
41602,4
41603,3
41604,3
41605,4
41606,6
41607,2
41608,5
41609,8
41610,4
41611,0
41612,3
41613,5
41614,2
41615,9
41616,3
41617,3
41618,2
41619,8
41620,6
41621,6
41622,2
41623,2
41624,5
41625,3
41626,1
41627,7
41628,0
41629,1
41630,5
41631,2
41632,1
41633,5
41634,2
41635,7
41636,2
41637,6
41638,4
41639,9
41640,6
41641,9
41642,5
41643,8
41644,7
41645,9
41646,3
41647,4
41648,3
41649,6
41650,4
41651,6
41652,1
41653,9
41654,9
41655,4
41656,4
41657,1
41658,3
41659,2
41660,5
41661,1
41662,5
41663,0
41664,1
41665,8
41666,9
41667,9
41668,1
41669,6
41670,2
41671,1
41672,8
41673,1
41674,1
41675,8
41676,6
41677,7
41678,3
41679,2
41680,5
41681,6
41682,7
41683,3
41684,7
41685,0
41686,4
41687,1
41688,2
41689,8
41690,5
41691,4
41692,7
41693,0
41694,3
41695,3
41696,5
41697,4
41698,6
41699,6
41700,5
41701,1
41702,6
41703,9
41704,9
41705,1
41706,0
41707,7
41708,5
41709,8
41710,2
41711,4
41712,3
41713,6
41714,1
41715,4
41716,1
41717,2
41718,5
41719,7
41720,8
41721,3
41722,2
41723,5
41724,4
41725,0
41726,8
41727,9
41728,3
41729,6
41730,2
41731,7
41732,2
41733,9
41734,5
41735,0
41736,6
41737,1
41738,3
41739,1
41740,5
41741,6
41742,9
41743,1
41744,4
41745,4
41746,4
41747,4
41748,2
41749,6
41750,7
41751,5
41752,4
41753,5
41754,1
41755,4
41756,9
41757,7
41758,1
41759,8
41760,4
41761,9
41762,1
41763,4
41764,7
41765,3
41766,9
41767,7
41768,9
41769,9
41770,7
41771,6
41772,3
41773,3
41774,3
41775,7
41776,4
41777,3
41778,3
41779,8
41780,3
41781,3
41782,4
41783,4
41784,2
41785,3
41786,4
41787,4
41788,9
41789,3
41790,6
41791,3
41792,4
41793,1
41794,8
41795,9
41796,1
41797,4
41798,2
41799,1
41800,1
41801,4
41802,3
41803,3
41804,0
41805,6
41806,6
41807,3
41808,0
41809,2
41810,1
41811,5
41812,9
41813,2
41814,7
41815,7
41816,6
41817,2
41818,9
41819,3
41820,8
41821,6
41822,3
41823,7
41824,0
41825,2
41826,1
41827,2
41828,5
41829,5
41830,3
41831,1
41832,4
41833,6
41834,0
41835,8
41836,0
41837,9
41838,3
41839,2
41840,8
41841,5
41842,2
41843,0
41844,6
41845,6
41846,8
41847,4
41848,4
41849,4
41850,7
41851,3
41852,0
41853,0
41854,2
41855,0
41856,5
41857,8
41858,9
41859,7
41860,0
41861,6
41862,3
41863,6
41864,9
41865,4
41866,9
41867,1
41868,9
41869,0
41870,3
41871,6
41872,7
41873,7
41874,4
41875,8
41876,8
41877,4
41878,3
41879,9
41880,9
41881,7
41882,8
41883,5
41884,6
41885,4
41886,9
41887,2
41888,8
41889,2
41890,3
41891,1
41892,6
41893,8
41894,7
41895,5
41896,5
41897,5
41898,4
41899,0
41900,5
41901,1
41902,4
41903,0
41904,0
41905,9
41906,1
41907,8
41908,0
41909,4
41910,0
41911,7
41912,4
41913,8
41914,8
41915,7
41916,9
41917,4
41918,1
41919,5
41920,4
41921,0
41922,8
41923,9
41924,9
41925,4
41926,2
41927,9
41928,6
41929,4
41930,2
41931,0
41932,7
41933,6
41934,4
41935,7
41936,9
41937,5
41938,8
41939,2
41940,3
41941,6
41942,5
41943,0
41944,4
41945,9
41946,3
41947,6
41948,2
41949,9
41950,6
41951,6
41952,3
41953,4
41954,4
41955,2
41956,2
41957,6
41958,2
41959,5
41960,4
41961,8
41962,6
41963,3
41964,8
41965,9
41966,4
41967,4
41968,1
41969,6
41970,0
41971,0
41972,5
41973,2
41974,8
41975,0
41976,7
41977,4
41978,6
41979,7
41980,1
41981,9
41982,3
41983,9
41984,6
41985,7
41986,1
41987,0
41988,8
41989,3
41990,6
41991,8
41992,2
41993,8
41994,5
41995,2
41996,3
41997,0
41998,5
41999,5
42000,6
42001,4
42002,8
42003,2
42004,5
42005,9
42006,1
42007,1
42008,6
42009,8
42010,0
42011,0
42012,9
42013,7
42014,4
42015,6
42016,6
42017,8
42018,1
42019,3
42020,3
42021,6
42022,1
42023,8
42024,1
42025,5
42026,3
42027,0
42028,5
42029,8
42030,0
42031,8
42032,9
42033,5
42034,6
42035,5
42036,1
42037,8
42038,3
42039,6
42040,8
42041,5
42042,4
42043,4
42044,9
42045,1
42046,7
42047,0
42048,0
42049,9
42050,7
42051,7
42052,0
42053,8
42054,7
42055,8
42056,1
42057,1
42058,6
42059,1
42060,6
42061,8
42062,1
42063,6
42064,2
42065,8
42066,3
42067,3
42068,8
42069,9
42070,1
42071,7
42072,7
42073,0
42074,8
42075,1
42076,5
42077,0
42078,8
42079,6
42080,2
42081,5
42082,0
42083,4
42084,8
42085,3
42086,7
42087,4
42088,9
42089,2
42090,6
42091,2
42092,6
42093,2
42094,1
42095,6
42096,1
42097,9
42098,6
42099,6
42100,2
42101,6
42102,8
42103,6
42104,8
42105,3
42106,6
42107,9
42108,2
42109,0
42110,2
42111,1
42112,7
42113,3
42114,7
42115,9
42116,5
42117,9
42118,7
42119,3
42120,9
42121,4
42122,6
42123,7
42124,8
42125,3
42126,9
42127,9
42128,2
42129,7
42130,7
42131,9
42132,8
42133,1
42134,0
42135,2
42136,7
42137,4
42138,2
42139,1
42140,0
42141,7
42142,1
42143,4
42144,1
42145,3
42146,3
42147,6
42148,4
42149,0
42150,6
42151,0
42152,7
42153,0
42154,9
42155,2
42156,0
42157,2
42158,5
42159,7
42160,9
42161,9
42162,5
42163,5
42164,7
42165,3
42166,1
42167,5
42168,8
42169,0
42170,1
42171,6
42172,3
42173,3
42174,4
42175,2
42176,1
42177,1
42178,0
42179,0
42180,6
42181,1
42182,3
42183,3
42184,2
42185,9
42186,8
42187,2
42188,2
42189,0
42190,5
42191,5
42192,0
42193,8
42194,9
42195,6
42196,6
42197,6
42198,3
42199,1
42200,1
42201,9
42202,6
42203,9
42204,6
42205,6
42206,8
42207,9
42208,2
42209,1
42210,0
42211,8
42212,3
42213,3
42214,2
42215,0
42216,0
42217,1
42218,5
42219,5
42220,4
42221,8
42222,2
42223,6
42224,9
42225,7
42226,4
42227,3
42228,8
42229,6
42230,8
42231,0
42232,1
42233,9
42234,5
42235,4
42236,2
42237,4
42238,3
42239,2
42240,5
42241,3
42242,4
42243,1
42244,9
42245,3
42246,8
42247,0
42248,4
42249,9
42250,9
42251,4
42252,9
42253,3
42254,9
42255,5
42256,2
42257,2
42258,3
42259,1
42260,1
42261,1
42262,7
42263,6
42264,6
42265,4
42266,9
42267,2
42268,9
42269,3
42270,7
42271,8
42272,0
42273,1
42274,7
42275,3
42276,4
42277,0
42278,2
42279,8
42280,5
42281,8
42282,6
42283,2
42284,7
42285,1
42286,5
42287,4
42288,6
42289,4
42290,5
42291,0
42292,1
42293,7
42294,3
42295,1
42296,2
42297,3
42298,0
42299,2
42300,3
42301,4
42302,6
42303,1
42304,4
42305,5
42306,6
42307,8
42308,4
42309,7
42310,5
42311,7
42312,2
42313,3
42314,2
42315,1
42316,8
42317,2
42318,8
42319,2
42320,9
42321,0
42322,6
42323,2
42324,3
42325,8
42326,3
42327,7
42328,7
42329,3
42330,4
42331,3
42332,1
42333,9
42334,2
42335,2
42336,8
42337,0
42338,8
42339,9
42340,4
42341,5
42342,8
42343,0
42344,8
42345,3
42346,9
42347,9
42348,7
42349,1
42350,4
42351,0
42352,3
42353,0
42354,9
42355,2
42356,8
42357,9
42358,0
42359,3
42360,3
42361,5
42362,4
42363,3
42364,7
42365,4
42366,4
42367,0
42368,9
42369,4
42370,4
42371,9
42372,9
42373,1
42374,8
42375,2
42376,1
42377,1
42378,6
42379,6
42380,1
42381,1
42382,5
42383,3
42384,0
42385,9
42386,6
42387,1
42388,2
42389,3
42390,1
42391,4
42392,6
42393,0
42394,6
42395,1
42396,1
42397,5
42398,5
42399,4
42400,7
42401,0
42402,0
42403,1
42404,0
42405,2
42406,9
42407,7
42408,8
42409,8
42410,5
42411,0
42412,4
42413,2
42414,1
42415,1
42416,7
42417,9
42418,0
42419,1
42420,7
42421,0
42422,1
42423,4
42424,0
42425,0
42426,7
42427,0
42428,2
42429,2
42430,9
42431,1
42432,5
42433,7
42434,9
42435,7
42436,5
42437,6
42438,9
42439,2
42440,1
42441,9
42442,5
42443,1
42444,9
42445,9
42446,1
42447,8
42448,2
42449,0
42450,5
42451,7
42452,9
42453,4
42454,6
42455,9
42456,2
42457,5
42458,8
42459,2
42460,0
42461,9
42462,2
42463,4
42464,4
42465,1
42466,3
42467,2
42468,3
42469,0
42470,6
42471,7
42472,7
42473,5
42474,6
42475,9
42476,3
42477,0
42478,0
42479,0
42480,4
42481,4
42482,8
42483,0
42484,9
42485,1
42486,0
42487,9
42488,2
42489,8
42490,7
42491,9
42492,8
42493,7
42494,6
42495,9
42496,1
42497,7
42498,7
42499,3
42500,9
42501,1
42502,2
42503,9
42504,2
42505,3
42506,4
42507,5
42508,0
42509,9
42510,1
42511,8
42512,3
42513,3
42514,0
42515,6
42516,8
42517,6
42518,4
42519,5
42520,3
42521,3
42522,0
42523,2
42524,5
42525,5
42526,7
42527,4
42528,1
42529,3
42530,1
42531,8
42532,7
42533,1
42534,3
42535,8
42536,1
42537,8
42538,7
42539,4
42540,3
42541,7
42542,9
42543,5
42544,4
42545,6
42546,5
42547,9
42548,7
42549,1
42550,9
42551,6
42552,8
42553,8
42554,1
42555,2
42556,6
42557,5
42558,2
42559,4
42560,9
42561,1
42562,4
42563,8
42564,9
42565,6
42566,4
42567,4
42568,2
42569,1
42570,6
42571,1
42572,0
42573,6
42574,2
42575,5
42576,3
42577,6
42578,2
42579,6
42580,6
42581,9
42582,2
42583,9
42584,9
42585,5
42586,1
42587,7
42588,1
42589,4
42590,2
42591,6
42592,0
42593,1
42594,0
42595,6
42596,1
42597,7
42598,6
42599,2
42600,2
42601,8
42602,9
42603,1
42604,5
42605,0
42606,4
42607,1
42608,1
42609,4
42610,4
42611,2
42612,4
42613,3
42614,6
42615,7
42616,6
42617,4
42618,6
42619,6
42620,6
42621,7
42622,8
42623,0
42624,7
42625,1
42626,7
42627,1
42628,0
42629,4
42630,7
42631,7
42632,6
42633,3
42634,7
42635,6
42636,1
42637,5
42638,3
42639,3
42640,6
42641,5
42642,5
42643,8
42644,3
42645,7
42646,9
42647,8
42648,6
42649,5
42650,3
42651,6
42652,9
42653,3
42654,5
42655,5
42656,9
42657,5
42658,4
42659,4
42660,3
42661,6
42662,3
42663,0
42664,4
42665,6
42666,5
42667,6
42668,5
42669,6
42670,3
42671,7
42672,4
42673,0
42674,4
42675,9
42676,5
42677,6
42678,9
42679,7
42680,7
42681,7
42682,8
42683,5
42684,7
42685,8
42686,1
42687,2
42688,2
42689,7
42690,3
42691,9
42692,7
42693,4
42694,9
42695,7
42696,6
42697,1
42698,9
42699,6
42700,5
42701,8
42702,8
42703,4
42704,8
42705,5
42706,2
42707,8
42708,6
42709,5
42710,1
42711,9
42712,3
42713,3
42714,0
42715,1
42716,2
42717,3
42718,3
42719,1
42720,2
42721,8
42722,1
42723,3
42724,0
42725,7
42726,6
42727,1
42728,8
42729,3
42730,9
42731,0
42732,2
42733,2
42734,4
42735,1
42736,5
42737,7
42738,1
42739,5
42740,0
42741,5
42742,1
42743,1
42744,7
42745,0
42746,6
42747,6
42748,6
42749,2
42750,1
42751,8
42752,0
42753,2
42754,0
42755,8
42756,4
42757,5
42758,1
42759,4
42760,8
42761,4
42762,5
42763,5
42764,6
42765,7
42766,2
42767,4
42768,4
42769,0
42770,1
42771,0
42772,0
42773,9
42774,8
42775,3
42776,5
42777,2
42778,8
42779,0
42780,5
42781,4
42782,4
42783,3
42784,3
42785,9
42786,2
42787,9
42788,3
42789,7
42790,0
42791,0
42792,4
42793,8
42794,2
42795,8
42796,6
42797,5
42798,7
42799,9
42800,8
42801,2
42802,2
42803,8
42804,1
42805,6
42806,9
42807,1
42808,9
42809,9
42810,4
42811,1
42812,4
42813,4
42814,5
42815,2
42816,0
42817,5
42818,0
42819,5
42820,1
42821,3
42822,0
42823,9
42824,8
42825,3
42826,7
42827,7
42828,5
42829,7
42830,4
42831,2
42832,8
42833,2
42834,0
42835,1
42836,7
42837,2
42838,3
42839,0
42840,6
42841,1
42842,7
42843,3
42844,5
42845,8
42846,8
42847,4
42848,5
42849,8
42850,9
42851,9
42852,4
42853,1
42854,1
42855,6
42856,7
42857,1
42858,4
42859,9
42860,0
42861,7
42862,8
42863,0
42864,5
42865,3
42866,0
42867,1
42868,1
42869,6
42870,0
42871,8
42872,6
42873,6
42874,2
42875,9
42876,2
42877,5
42878,7
42879,8
42880,3
42881,6
42882,0
42883,7
42884,9
42885,9
42886,6
42887,1
42888,4
42889,0
42890,1
42891,2
42892,3
42893,8
42894,5
42895,7
42896,0
42897,3
42898,3
42899,9
42900,6
42901,1
42902,2
42903,5
42904,3
42905,6
42906,9
42907,6
42908,9
42909,8
42910,4
42911,2
42912,0
42913,3
42914,6
42915,8
42916,8
42917,1
42918,3
42919,6
42920,4
42921,5
42922,6
42923,3
42924,6
42925,6
42926,2
42927,7
42928,4
42929,6
42930,4
42931,2
42932,3
42933,7
42934,6
42935,3
42936,1
42937,7
42938,1
42939,7
42940,0
42941,2
42942,1
42943,4
42944,8
42945,8
42946,8
42947,1
42948,7
42949,2
42950,0
42951,4
42952,6
42953,4
42954,5
42955,4
42956,6
42957,7
42958,3
42959,9
42960,8
42961,7
42962,6
42963,5
42964,3
42965,2
42966,5
42967,2
42968,0
42969,4
42970,3
42971,2
42972,8
42973,9
42974,9
42975,3
42976,7
42977,3
42978,9
42979,6
42980,6
42981,6
42982,8
42983,7
42984,3
42985,8
42986,6
42987,7
42988,7
42989,6
42990,0
42991,0
42992,0
42993,5
42994,7
42995,1
42996,2
42997,0
42998,5
42999,5
43000,7
43001,3
43002,9
43003,0
43004,6
43005,6
43006,4
43007,5
43008,0
43009,5
43010,0
43011,1
43012,2
43013,8
43014,7
43015,5
43016,1
43017,6
43018,6
43019,5
43020,6
43021,5
43022,6
43023,2
43024,7
43025,5
43026,0
43027,4
43028,8
43029,6
43030,2
43031,3
43032,8
43033,9
43034,8
43035,9
43036,1
43037,8
43038,8
43039,7
43040,6
43041,5
43042,7
43043,1
43044,2
43045,5
43046,7
43047,0
43048,9
43049,3
43050,9
43051,1
43052,1
43053,7
43054,1
43055,1
43056,9
43057,6
43058,8
43059,4
43060,2
43061,2
43062,7
43063,4
43064,7
43065,7
43066,9
43067,6
43068,8
43069,0
43070,6
43071,5
43072,6
43073,3
43074,1
43075,9
43076,1
43077,1
43078,1
43079,4
43080,0
43081,9
43082,7
43083,4
43084,5
43085,2
43086,3
43087,8
43088,5
43089,8
43090,3
43091,9
43092,6
43093,0
43094,0
43095,3
43096,5
43097,8
43098,5
43099,4
43100,3
43101,2
43102,9
43103,4
43104,1
43105,9
43106,0
43107,1
43108,9
43109,5
43110,1
43111,5
43112,1
43113,1
43114,6
43115,5
43116,4
43117,6
43118,3
43119,3
43120,0
43121,9
43122,8
43123,6
43124,7
43125,7
43126,9
43127,6
43128,5
43129,5
43130,2
43131,1
43132,6
43133,1
43134,2
43135,2
43136,5
43137,1
43138,0
43139,5
43140,4
43141,7
43142,1
43143,6
43144,6
43145,2
43146,2
43147,0
43148,0
43149,5
43150,7
43151,3
43152,7
43153,6
43154,6
43155,3
43156,0
43157,6
43158,7
43159,3
43160,7
43161,0
43162,8
43163,8
43164,6
43165,8
43166,0
43167,0
43168,3
43169,7
43170,5
43171,8
43172,9
43173,6
43174,6
43175,7
43176,3
43177,4
43178,7
43179,1
43180,1
43181,1
43182,3
43183,2
43184,7
43185,8
43186,3
43187,3
43188,8
43189,2
43190,4
43191,5
43192,1
43193,9
43194,1
43195,7
43196,2
43197,9
43198,7
43199,9
43200,4
43201,6
43202,8
43203,9
43204,3
43205,7
43206,5
43207,3
43208,3
43209,3
43210,8
43211,4
43212,1
43213,0
43214,3
43215,5
43216,6
43217,1
43218,4
43219,3
43220,0
43221,0
43222,4
43223,8
43224,2
43225,5
43226,0
43227,5
43228,2
43229,0
43230,6
43231,0
43232,9
43233,3
43234,9
43235,9
43236,3
43237,9
43238,0
43239,6
43240,6
43241,2
43242,6
43243,2
43244,5
43245,2
43246,0
43247,5
43248,2
43249,8
43250,8
43251,3
43252,4
43253,1
43254,1
43255,3
43256,0
43257,5
43258,1
43259,2
43260,3
43261,4
43262,5
43263,9
43264,9
43265,2
43266,4
43267,7
43268,9
43269,9
43270,5
43271,3
43272,9
43273,2
43274,7
43275,9
43276,2
43277,3
43278,7
43279,2
43280,3
43281,5
43282,7
43283,7
43284,9
43285,7
43286,2
43287,1
43288,1
43289,5
43290,8
43291,7
43292,2
43293,3
43294,7
43295,1
43296,3
43297,0
43298,6
43299,7
43300,8
43301,0
43302,1
43303,9
43304,6
43305,6
43306,4
43307,7
43308,5
43309,3
43310,9
43311,4
43312,0
43313,0
43314,5
43315,6
43316,5
43317,4
43318,9
43319,8
43320,7
43321,7
43322,8
43323,4
43324,5
43325,5
43326,0
43327,8
43328,6
43329,6
43330,0
43331,9
43332,4
43333,3
43334,6
43335,1
43336,0
43337,0
43338,7
43339,0
43340,2
43341,3
43342,4
43343,0
43344,8
43345,5
43346,0
43347,9
43348,2
43349,7
43350,4
43351,2
43352,8
43353,6
43354,7
43355,9
43356,9
43357,2
43358,2
43359,3
43360,4
43361,1
43362,5
43363,2
43364,1
43365,0
43366,5
43367,4
43368,3
43369,5
43370,5
43371,6
43372,4
43373,0
43374,7
43375,5
43376,0
43377,5
43378,4
43379,7
43380,2
43381,0
43382,8
43383,6
43384,2
43385,6
43386,1
43387,3
43388,7
43389,3
43390,9
43391,3
43392,0
43393,9
43394,7
43395,1
43396,4
43397,6
43398,1
43399,9
43400,8
43401,6
43402,4
43403,5
43404,2
43405,5
43406,1
43407,6
43408,4
43409,6
43410,2
43411,8
43412,2
43413,2
43414,0
43415,2
43416,9
43417,7
43418,9
43419,8
43420,4
43421,7
43422,5
43423,0
43424,0
43425,0
43426,7
43427,3
43428,6
43429,7
43430,1
43431,7
43432,1
43433,8
43434,6
43435,5
43436,4
43437,0
43438,3
43439,2
43440,0
43441,5
43442,1
43443,5
43444,2
43445,0
43446,0
43447,3
43448,6
43449,2
43450,3
43451,0
43452,4
43453,5
43454,2
43455,9
43456,8
43457,7
43458,0
43459,3
43460,2
43461,2
43462,1
43463,8
43464,9
43465,6
43466,6
43467,4
43468,2
43469,6
43470,8
43471,0
43472,6
43473,3
43474,8
43475,7
43476,3
43477,2
43478,7
43479,1
43480,5
43481,2
43482,7
43483,7
43484,9
43485,6
43486,1
43487,6
43488,0
43489,0
43490,3
43491,9
43492,3
43493,3
43494,1
43495,4
43496,5
43497,4
43498,2
43499,1
43500,4
43501,3
43502,6
43503,7
43504,7
43505,7
43506,5
43507,2
43508,5
43509,5
43510,7
43511,9
43512,0
43513,8
43514,8
43515,6
43516,4
43517,1
43518,1
43519,7
43520,2
43521,3
43522,0
43523,6
43524,1
43525,2
43526,8
43527,9
43528,6
43529,4
43530,9
43531,2
43532,6
43533,5
43534,1
43535,3
43536,7
43537,0
43538,2
43539,6
43540,2
43541,1
43542,1
43543,5
43544,4
43545,4
43546,1
43547,7
43548,9
43549,4
43550,3
43551,2
43552,3
43553,0
43554,7
43555,0
43556,2
43557,9
43558,2
43559,8
43560,3
43561,9
43562,7
43563,6
43564,6
43565,5
43566,3
43567,5
43568,8
43569,6
43570,5
43571,6
43572,1
43573,4
43574,3
43575,4
43576,3
43577,2
43578,5
43579,2
43580,6
43581,3
43582,6
43583,4
43584,4
43585,6
43586,6
43587,7
43588,6
43589,6
43590,2
43591,7
43592,1
43593,3
43594,1
43595,9
43596,3
43597,4
43598,5
43599,8
43600,2
43601,4
43602,7
43603,9
43604,3
43605,9
43606,9
43607,5
43608,9
43609,4
43610,1
43611,0
43612,0
43613,9
43614,5
43615,2
43616,4
43617,6
43618,9
43619,2
43620,8
43621,0
43622,4
43623,7
43624,5
43625,0
43626,4
43627,1
43628,9
43629,6
43630,7
43631,2
43632,9
43633,9
43634,5
43635,7
43636,1
43637,1
43638,4
43639,9
43640,0
43641,7
43642,2
43643,8
43644,1
43645,6
43646,0
43647,6
43648,9
43649,2
43650,0
43651,9
43652,2
43653,9
43654,9
43655,7
43656,2
43657,0
43658,7
43659,4
43660,2
43661,7
43662,1
43663,6
43664,5
43665,5
43666,8
43667,6
43668,8
43669,2
43670,3
43671,3
43672,8
43673,2
43674,8
43675,1
43676,4
43677,5
43678,6
43679,3
43680,6
43681,4
43682,1
43683,5
43684,7
43685,8
43686,5
43687,4
43688,8
43689,8
43690,8
43691,2
43692,9
43693,9
43694,2
43695,4
43696,2
43697,2
43698,7
43699,5
43700,0
43701,7
43702,6
43703,6
43704,8
43705,0
43706,1
43707,2
43708,9
43709,6
43710,1
43711,3
43712,7
43713,1
43714,2
43715,2
43716,6
43717,7
43718,2
43719,4
43720,0
43721,1
43722,6
43723,4
43724,6
43725,7
43726,1
43727,9
43728,5
43729,4
43730,5
43731,9
43732,9
43733,0
43734,9
43735,8
43736,9
43737,7
43738,7
43739,8
43740,5
43741,9
43742,3
43743,8
43744,9
43745,3
43746,7
43747,2
43748,1
43749,3
43750,0
43751,2
43752,0
43753,6
43754,0
43755,9
43756,8
43757,3
43758,3
43759,8
43760,3
43761,7
43762,9
43763,5
43764,7
43765,8
43766,5
43767,9
43768,0
43769,0
43770,0
43771,4
43772,3
43773,7
43774,7
43775,8
43776,9
43777,5
43778,3
43779,9
43780,3
43781,0
43782,4
43783,4
43784,0
43785,7
43786,8
43787,2
43788,5
43789,0
43790,0
43791,7
43792,8
43793,4
43794,9
43795,9
43796,4
43797,8
43798,5
43799,5
43800,4
43801,4
43802,9
43803,3
43804,1
43805,8
43806,0
43807,3
43808,6
43809,2
43810,8
43811,9
43812,8
43813,2
43814,2
43815,8
43816,1
43817,9
43818,1
43819,4
43820,3
43821,3
43822,3
43823,5
43824,1
43825,5
43826,3
43827,7
43828,7
43829,0
43830,6
43831,2
43832,1
43833,0
43834,4
43835,2
43836,4
43837,4
43838,4
43839,6
43840,9
43841,3
43842,6
43843,3
43844,2
43845,0
43846,3
43847,2
43848,3
43849,1
43850,0
43851,3
43852,3
43853,5
43854,5
43855,6
43856,3
43857,5
43858,4
43859,2
43860,7
43861,0
43862,3
43863,8
43864,9
43865,9
43866,3
43867,8
43868,8
43869,4
43870,3
43871,6
43872,8
43873,7
43874,9
43875,5
43876,0
43877,1
43878,6
43879,6
43880,6
43881,8
43882,9
43883,9
43884,1
43885,5
43886,9
43887,1
43888,8
43889,9
43890,1
43891,8
43892,1
43893,8
43894,4
43895,8
43896,5
43897,9
43898,8
43899,8
43900,8
43901,6
43902,1
43903,6
43904,5
43905,3
43906,3
43907,9
43908,9
43909,8
43910,1
43911,1
43912,8
43913,2
43914,9
43915,1
43916,3
43917,3
43918,9
43919,7
43920,1
43921,2
43922,5
43923,1
43924,8
43925,4
43926,8
43927,2
43928,0
43929,2
43930,0
43931,5
43932,4
43933,3
43934,8
43935,3
43936,5
43937,7
43938,5
43939,4
43940,0
43941,1
43942,4
43943,5
43944,4
43945,5
43946,7
43947,5
43948,8
43949,4
43950,2
43951,9
43952,4
43953,5
43954,7
43955,1
43956,7
43957,3
43958,4
43959,5
43960,7
43961,0
43962,4
43963,5
43964,0
43965,2
43966,3
43967,2
43968,6
43969,1
43970,3
43971,8
43972,8
43973,3
43974,2
43975,6
43976,9
43977,2
43978,2
43979,1
43980,7
43981,7
43982,0
43983,1
43984,2
43985,1
43986,3
43987,1
43988,6
43989,7
43990,3
43991,4
43992,9
43993,2
43994,2
43995,2
43996,8
43997,1
43998,7
43999,4
44000,6
44001,0
44002,9
44003,9
44004,4
44005,0
44006,8
44007,3
44008,6
44009,6
44010,1
44011,2
44012,3
44013,2
44014,8
44015,7
44016,5
44017,5
44018,0
44019,9
44020,5
44021,7
44022,4
44023,9
44024,1
44025,5
44026,0
44027,6
44028,2
44029,7
44030,6
44031,2
44032,1
44033,2
44034,6
44035,6
44036,3
44037,3
44038,6
44039,0
44040,2
44041,6
44042,7
44043,8
44044,4
44045,7
44046,3
44047,2
44048,5
44049,7
44050,8
44051,3
44052,5
44053,7
44054,8
44055,7
44056,7
44057,7
44058,1
44059,3
44060,2
44061,1
44062,3
44063,3
44064,5
44065,3
44066,0
44067,7
44068,6
44069,6
44070,0
44071,3
44072,6
44073,2
44074,0
44075,0
44076,1
44077,0
44078,5
44079,4
44080,2
44081,3
44082,2
44083,6
44084,9
44085,6
44086,9
44087,0
44088,7
44089,1
44090,5
44091,8
44092,3
44093,4
44094,9
44095,9
44096,2
44097,7
44098,0
44099,0
44100,9
44101,2
44102,0
44103,3
44104,0
44105,9
44106,9
44107,5
44108,4
44109,7
44110,9
44111,4
44112,5
44113,1
44114,0
44115,4
44116,4
44117,7
44118,8
44119,0
44120,9
44121,1
44122,1
44123,5
44124,6
44125,6
44126,7
44127,9
44128,5
44129,5
44130,7
44131,3
44132,0
44133,2
44134,6
44135,9
44136,4
44137,3
44138,3
44139,4
44140,7
44141,0
44142,4
44143,8
44144,8
44145,2
44146,6
44147,8
44148,9
44149,3
44150,2
44151,4
44152,3
44153,4
44154,8
44155,5
44156,0
44157,2
44158,5
44159,0
44160,1
44161,6
44162,0
44163,1
44164,2
44165,8
44166,6
44167,0
44168,6
44169,2
44170,4
44171,5
44172,5
44173,3
44174,4
44175,6
44176,7
44177,3
44178,0
44179,0
44180,1
44181,9
44182,3
44183,9
44184,6
44185,8
44186,6
44187,2
44188,9
44189,9
44190,4
44191,7
44192,8
44193,2
44194,8
44195,5
44196,1
44197,7
44198,7
44199,0
44200,7
44201,7
44202,4
44203,5
44204,5
44205,2
44206,0
44207,6
44208,3
44209,4
44210,7
44211,8
44212,3
44213,4
44214,2
44215,2
44216,2
44217,1
44218,1
44219,5
44220,8
44221,7
44222,0
44223,3
44224,2
44225,9
44226,3
44227,4
44228,5
44229,1
44230,5
44231,6
44232,2
44233,5
44234,4
44235,0
44236,3
44237,6
44238,9
44239,4
44240,8
44241,6
44242,1
44243,2
44244,3
44245,1
44246,5
44247,5
44248,8
44249,1
44250,0
44251,1
44252,1
44253,1
44254,3
44255,5
44256,5
44257,6
44258,5
44259,7
44260,2
44261,7
44262,1
44263,5
44264,8
44265,8
44266,3
44267,5
44268,7
44269,2
44270,9
44271,9
44272,2
44273,8
44274,8
44275,0
44276,9
44277,3
44278,9
44279,0
44280,1
44281,4
44282,9
44283,2
44284,4
44285,7
44286,0
44287,0
44288,0
44289,5
44290,1
44291,9
44292,0
44293,5
44294,6
44295,3
44296,0
44297,8
44298,7
44299,3
44300,5
44301,8
44302,9
44303,4
44304,7
44305,1
44306,0
44307,0
44308,3
44309,0
44310,8
44311,3
44312,8
44313,6
44314,6
44315,1
44316,7
44317,2
44318,9
44319,3
44320,5
44321,0
44322,8
44323,8
44324,5
44325,2
44326,7
44327,5
44328,1
44329,7
44330,3
44331,8
44332,0
44333,5
44334,1
44335,9
44336,7
44337,6
44338,0
44339,5
44340,7
44341,0
44342,0
44343,9
44344,3
44345,5
44346,2
44347,3
44348,8
44349,7
44350,4
44351,7
44352,9
44353,6
44354,3
44355,6
44356,7
44357,7
44358,7
44359,1
44360,3
44361,8
44362,1
44363,0
44364,8
44365,7
44366,4
44367,7
44368,5
44369,7
44370,3
44371,4
44372,3
44373,8
44374,8
44375,9
44376,9
44377,4
44378,8
44379,0
44380,7
44381,4
44382,0
44383,7
44384,9
44385,4
44386,1
44387,9
44388,8
44389,7
44390,5
44391,7
44392,5
44393,2
44394,8
44395,8
44396,7
44397,0
44398,5
44399,4
44400,6
44401,1
44402,4
44403,7
44404,0
44405,2
44406,6
44407,1
44408,9
44409,7
44410,9
44411,8
44412,0
44413,1
44414,4
44415,3
44416,9
44417,3
44418,9
44419,8
44420,0
44421,9
44422,8
44423,8
44424,9
44425,9
44426,7
44427,6
44428,2
44429,0
44430,1
44431,0
44432,3
44433,1
44434,6
44435,6
44436,1
44437,8
44438,1
44439,2
44440,5
44441,2
44442,7
44443,7
44444,8
44445,8
44446,3
44447,8
44448,1
44449,0
44450,3
44451,7
44452,7
44453,0
44454,5
44455,6
44456,6
44457,5
44458,5
44459,8
44460,8
44461,4
44462,1
44463,8
44464,3
44465,4
44466,1
44467,2
44468,8
44469,6
44470,8
44471,1
44472,3
44473,6
44474,5
44475,1
44476,7
44477,0
44478,9
44479,4
44480,4
44481,2
44482,7
44483,8
44484,1
44485,1
44486,5
44487,5
44488,6
44489,5
44490,2
44491,3
44492,2
44493,5
44494,5
44495,4
44496,9
44497,2
44498,3
44499,2
44500,2
44501,9
44502,3
44503,3
44504,4
44505,0
44506,5
44507,6
44508,3
44509,1
44510,2
44511,8
44512,1
44513,8
44514,0
44515,3
44516,2
44517,4
44518,4
44519,2
44520,3
44521,4
44522,3
44523,6
44524,1
44525,3
44526,7
44527,7
44528,8
44529,4
44530,0
44531,6
44532,2
44533,5
44534,4
44535,2
44536,4
44537,9
44538,6
44539,0
44540,9
44541,8
44542,2
44543,5
44544,2
44545,0
44546,8
44547,0
44548,9
44549,5
44550,5
44551,5
44552,1
44553,5
44554,8
44555,0
44556,8
44557,0
44558,7
44559,1
44560,0
44561,4
44562,2
44563,8
44564,5
44565,3
44566,6
44567,1
44568,3
44569,2
44570,9
44571,5
44572,4
44573,4
44574,9
44575,0
44576,2
44577,6
44578,7
44579,9
44580,1
44581,8
44582,3
44583,6
44584,5
44585,3
44586,3
44587,8
44588,8
44589,0
44590,5
44591,5
44592,3
44593,5
44594,2
44595,8
44596,2
44597,8
44598,4
44599,1
44600,1
44601,0
44602,9
44603,2
44604,5
44605,4
44606,0
44607,6
44608,4
44609,7
44610,2
44611,4
44612,0
44613,7
44614,1
44615,1
44616,7
44617,7
44618,5
44619,8
44620,7
44621,9
44622,7
44623,3
44624,2
44625,4
44626,0
44627,3
44628,0
44629,0
44630,3
44631,7
44632,6
44633,0
44634,6
44635,2
44636,3
44637,6
44638,0
44639,0
44640,1
44641,9
44642,2
44643,9
44644,8
44645,3
44646,8
44647,4
44648,0
44649,1
44650,9
44651,3
44652,0
44653,0
44654,5
44655,1
44656,2
44657,5
44658,9
44659,3
44660,4
44661,2
44662,4
44663,6
44664,8
44665,1
44666,8
44667,2
44668,8
44669,9
44670,4
44671,0
44672,6
44673,0
44674,4
44675,3
44676,1
44677,7
44678,5
44679,4
44680,8
44681,3
44682,8
44683,5
44684,5
44685,6
44686,3
44687,7
44688,4
44689,1
44690,4
44691,3
44692,4
44693,7
44694,1
44695,7
44696,6
44697,0
44698,9
44699,0
44700,1
44701,8
44702,8
44703,3
44704,1
44705,6
44706,2
44707,9
44708,1
44709,7
44710,1
44711,3
44712,9
44713,2
44714,8
44715,3
44716,0
44717,1
44718,3
44719,9
44720,6
44721,0
44722,0
44723,0
44724,2
44725,7
44726,9
44727,4
44728,8
44729,7
44730,2
44731,9
44732,7
44733,5
44734,1
44735,4
44736,7
44737,5
44738,2
44739,9
44740,2
44741,0
44742,9
44743,1
44744,6
44745,0
44746,5
44747,7
44748,1
44749,1
44750,3
44751,1
44752,5
44753,1
44754,3
44755,5
44756,5
44757,2
44758,5
44759,8
44760,6
44761,6
44762,1
44763,7
44764,0
44765,6
44766,8
44767,4
44768,8
44769,4
44770,9
44771,7
44772,0
44773,5
44774,1
44775,0
44776,5
44777,4
44778,8
44779,3
44780,4
44781,8
44782,0
44783,7
44784,4
44785,0
44786,3
44787,2
44788,6
44789,1
44790,6
44791,9
44792,3
44793,6
44794,2
44795,5
44796,3
44797,3
44798,8
44799,9
44800,4
44801,5
44802,7
44803,4
44804,5
44805,8
44806,2
44807,5
44808,0
44809,9
44810,6
44811,2
44812,5
44813,2
44814,1
44815,5
44816,1
44817,3
44818,5
44819,2
44820,8
44821,7
44822,9
44823,0
44824,6
44825,7
44826,0
44827,6
44828,3
44829,3
44830,0
44831,5
44832,2
44833,5
44834,0
44835,4
44836,5
44837,6
44838,5
44839,7
44840,1
44841,4
44842,9
44843,6
44844,9
44845,8
44846,7
44847,4
44848,7
44849,0
44850,6
44851,0
44852,7
44853,4
44854,1
44855,8
44856,3
44857,4
44858,3
44859,6
44860,8
44861,8
44862,0
44863,9
44864,6
44865,8
44866,3
44867,0
44868,6
44869,7
44870,4
44871,7
44872,8
44873,3
44874,5
44875,3
44876,1
44877,4
44878,4
44879,2
44880,9
44881,4
44882,5
44883,0
44884,3
44885,5
44886,4
44887,2
44888,8
44889,4
44890,3
44891,2
44892,0
44893,5
44894,8
44895,8
44896,1
44897,3
44898,5
44899,2
44900,5
44901,7
44902,3
44903,2
44904,9
44905,4
44906,0
44907,9
44908,3
44909,7
44910,4
44911,7
44912,7
44913,2
44914,7
44915,4
44916,7
44917,3
44918,0
44919,1
44920,8
44921,1
44922,4
44923,5
44924,2
44925,3
44926,4
44927,4
44928,3
44929,1
44930,1
44931,0
44932,8
44933,1
44934,7
44935,2
44936,0
44937,6
44938,4
44939,3
44940,1
44941,0
44942,2
44943,2
44944,7
44945,5
44946,1
44947,6
44948,4
44949,1
44950,6
44951,1
44952,2
44953,1
44954,7
44955,1
44956,8
44957,7
44958,4
44959,6
44960,5
44961,0
44962,8
44963,0
44964,8
44965,4
44966,4
44967,3
44968,0
44969,0
44970,4
44971,5
44972,0
44973,6
44974,2
44975,6
44976,7
44977,9
44978,1
44979,0
44980,6
44981,5
44982,2
44983,5
44984,2
44985,8
44986,0
44987,8
44988,9
44989,6
44990,9
44991,0
44992,3
44993,6
44994,4
44995,7
44996,7
44997,8
44998,8
44999,0
45000,6
45001,8
45002,8
45003,4
45004,2
45005,9
45006,5
45007,7
45008,3
45009,8
45010,5
45011,3
45012,9
45013,6
45014,0
45015,6
45016,5
45017,5
45018,6
45019,9
45020,4
45021,1
45022,9
45023,1
45024,1
45025,9
45026,8
45027,6
45028,5
45029,7
45030,5
45031,7
45032,2
45033,5
45034,3
45035,7
45036,1
45037,4
45038,0
45039,6
45040,1
45041,9
45042,3
45043,9
45044,3
45045,7
45046,1
45047,0
45048,6
45049,5
45050,2
45051,2
45052,4
45053,7
45054,1
45055,0
45056,5
45057,1
45058,0
45059,8
45060,8
45061,6
45062,8
45063,7
45064,8
45065,2
45066,9
45067,0
45068,2
45069,8
45070,3
45071,7
45072,3
45073,2
45074,1
45075,2
45076,3
45077,3
45078,8
45079,4
45080,0
45081,4
45082,3
45083,7
45084,1
45085,7
45086,8
45087,7
45088,0
45089,6
45090,1
45091,9
45092,5
45093,9
45094,0
45095,0
45096,2
45097,8
45098,7
45099,3
45100,8
45101,4
45102,3
45103,7
45104,6
45105,7
45106,7
45107,8
45108,6
45109,4
45110,5
45111,3
45112,3
45113,9
45114,2
45115,9
45116,2
45117,6
45118,5
45119,8
45120,3
45121,1
45122,7
45123,7
45124,3
45125,4
45126,0
45127,1
45128,5
45129,0
45130,1
45131,7
45132,3
45133,1
45134,8
45135,6
45136,2
45137,6
45138,9
45139,2
45140,1
45141,5
45142,8
45143,8
45144,8
45145,7
45146,7
45147,4
45148,4
45149,4
45150,4
45151,8
45152,4
45153,0
45154,7
45155,2
45156,9
45157,0
45158,3
45159,6
45160,4
45161,4
45162,1
45163,4
45164,9
45165,4
45166,0
45167,3
45168,0
45169,1
45170,4
45171,6
45172,9
45173,8
45174,4
45175,6
45176,2
45177,4
45178,9
45179,8
45180,1
45181,5
45182,6
45183,4
45184,5
45185,8
45186,7
45187,2
45188,7
45189,7
45190,8
45191,2
45192,3
45193,8
45194,9
45195,3
45196,5
45197,9
45198,0
45199,5
45200,2
45201,8
45202,6
45203,8
45204,8
45205,7
45206,1
45207,8
45208,5
45209,7
45210,9
45211,6
45212,6
45213,9
45214,5
45215,4
45216,8
45217,5
45218,4
45219,3
45220,7
45221,2
45222,6
45223,1
45224,4
45225,5
45226,8
45227,5
45228,9
45229,8
45230,1
45231,1
45232,8
45233,2
45234,2
45235,9
45236,2
45237,7
45238,5
45239,7
45240,4
45241,5
45242,3
45243,2
45244,0
45245,7
45246,9
45247,5
45248,9
45249,2
45250,4
45251,9
45252,3
45253,9
45254,0
45255,2
45256,8
45257,8
45258,5
45259,0
45260,5
45261,3
45262,5
45263,1
45264,6
45265,8
45266,6
45267,3
45268,8
45269,7
45270,2
45271,0
45272,8
45273,8
45274,6
45275,3
45276,9
45277,4
45278,3
45279,9
45280,5
45281,8
45282,2
45283,4
45284,3
45285,3
45286,4
45287,4
45288,6
45289,7
45290,9
45291,2
45292,5
45293,4
45294,7
45295,5
45296,3
45297,2
45298,4
45299,0
45300,4
45301,9
45302,1
45303,0
45304,6
45305,0
45306,0
45307,9
45308,5
45309,3
45310,0
45311,0
45312,5
45313,7
45314,3
45315,1
45316,6
45317,3
45318,7
45319,9
45320,4
45321,5
45322,6
45323,0
45324,9
45325,0
45326,6
45327,7
45328,3
45329,5
45330,2
45331,4
45332,8
45333,8
45334,0
45335,5
45336,7
45337,8
45338,8
45339,0
45340,7
45341,0
45342,4
45343,3
45344,4
45345,4
45346,3
45347,1
45348,0
45349,6
45350,5
45351,2
45352,0
45353,3
45354,3
45355,4
45356,9
45357,7
45358,8
45359,4
45360,7
45361,1
45362,7
45363,0
45364,7
45365,4
45366,6
45367,0
45368,8
45369,6
45370,6
45371,1
45372,7
45373,5
45374,2
45375,5
45376,0
45377,7
45378,8
45379,8
45380,7
45381,8
45382,7
45383,3
45384,4
45385,0
45386,8
45387,3
45388,6
45389,9
45390,9
45391,9
45392,2
45393,4
45394,8
45395,3
45396,3
45397,4
45398,6
45399,5
45400,3
45401,9
45402,6
45403,1
45404,6
45405,0
45406,8
45407,3
45408,2
45409,5
45410,6
45411,9
45412,9
45413,5
45414,2
45415,9
45416,3
45417,3
45418,5
45419,7
45420,7
45421,9
45422,3
45423,9
45424,5
45425,5
45426,8
45427,1
45428,3
45429,1
45430,5
45431,2
45432,4
45433,0
45434,9
45435,7
45436,7
45437,5
45438,1
45439,2
45440,4
45441,3
45442,7
45443,3
45444,6
45445,1
45446,8
45447,7
45448,8
45449,2
45450,1
45451,8
45452,5
45453,4
45454,7
45455,3
45456,6
45457,1
45458,5
45459,7
45460,7
45461,5
45462,2
45463,5
45464,7
45465,7
45466,7
45467,9
45468,1
45469,5
45470,2
45471,5
45472,5
45473,1
45474,4
45475,0
45476,4
45477,6
45478,7
45479,2
45480,0
45481,6
45482,7
45483,0
45484,5
45485,5
45486,3
45487,1
45488,0
45489,0
45490,0
45491,3
45492,6
45493,5
45494,5
45495,0
45496,0
45497,6
45498,0
45499,0
45500,2
45501,1
45502,6
45503,8
45504,0
45505,6
45506,9
45507,6
45508,4
45509,6
45510,2
45511,6
45512,3
45513,8
45514,7
45515,4
45516,6
45517,3
45518,3
45519,2
45520,8
45521,8
45522,5
45523,1
45524,7
45525,8
45526,6
45527,7
45528,2
45529,7
45530,3
45531,8
45532,6
45533,9
45534,0
45535,7
45536,4
45537,7
45538,9
45539,9
45540,1
45541,3
45542,6
45543,8
45544,1
45545,8
45546,2
45547,8
45548,8
45549,1
45550,8
45551,2
45552,0
45553,5
45554,6
45555,0
45556,9
45557,2
45558,8
45559,0
45560,1
45561,2
45562,5
45563,9
45564,9
45565,5
45566,0
45567,0
45568,9
45569,9
45570,8
45571,2
45572,6
45573,2
45574,5
45575,8
45576,2
45577,4
45578,1
45579,1
45580,0
45581,5
45582,6
45583,2
45584,4
45585,8
45586,5
45587,8
45588,3
45589,7
45590,2
45591,6
45592,7
45593,1
45594,5
45595,6
45596,7
45597,4
45598,8
45599,4
45600,7
45601,9
45602,5
45603,2
45604,4
45605,8
45606,0
45607,7
45608,7
45609,7
45610,7
45611,7
45612,3
45613,9
45614,6
45615,6
45616,4
45617,2
45618,0
45619,4
45620,4
45621,2
45622,9
45623,0
45624,8
45625,8
45626,3
45627,0
45628,1
45629,6
45630,6
45631,0
45632,4
45633,0
45634,3
45635,6
45636,6
45637,9
45638,9
45639,6
45640,0
45641,3
45642,4
45643,8
45644,2
45645,5
45646,0
45647,2
45648,6
45649,5
45650,6
45651,5
45652,9
45653,7
45654,7
45655,9
45656,5
45657,1
45658,5
45659,0
45660,3
45661,2
45662,7
45663,1
45664,5
45665,3
45666,5
45667,8
45668,7
45669,9
45670,8
45671,9
45672,7
45673,5
45674,6
45675,2
45676,8
45677,7
45678,9
45679,9
45680,7
45681,8
45682,0
45683,1
45684,5
45685,4
45686,4
45687,1
45688,9
45689,9
45690,8
45691,2
45692,5
45693,7
45694,4
45695,3
45696,6
45697,5
45698,6
45699,0
45700,7
45701,0
45702,4
45703,1
45704,7
45705,9
45706,7
45707,4
45708,3
45709,0
45710,4
45711,5
45712,5
45713,8
45714,1
45715,0
45716,2
45717,7
45718,5
45719,7
45720,6
45721,3
45722,9
45723,7
45724,6
45725,4
45726,7
45727,6
45728,2
45729,3
45730,7
45731,2
45732,8
45733,2
45734,0
45735,8
45736,9
45737,0
45738,5
45739,5
45740,8
45741,3
45742,3
45743,1
45744,0
45745,1
45746,0
45747,3
45748,4
45749,8
45750,2
45751,5
45752,4
45753,2
45754,3
45755,7
45756,5
45757,5
45758,3
45759,8
45760,0
45761,5
45762,7
45763,8
45764,9
45765,6
45766,5
45767,5
45768,1
45769,1
45770,8
45771,3
45772,4
45773,8
45774,8
45775,8
45776,8
45777,1
45778,5
45779,6
45780,9
45781,3
45782,7
45783,1
45784,7
45785,1
45786,1
45787,0
45788,2
45789,8
45790,1
45791,7
45792,9
45793,1
45794,1
45795,2
45796,1
45797,4
45798,5
45799,4
45800,6
45801,2
45802,9
45803,5
45804,1
45805,0
45806,1
45807,2
45808,3
45809,4
45810,3
45811,1
45812,6
45813,6
45814,4
45815,3
45816,4
45817,0
45818,6
45819,6
45820,9
45821,9
45822,4
45823,7
45824,7
45825,4
45826,4
45827,6
45828,4
45829,2
45830,5
45831,7
45832,5
45833,9
45834,3
45835,9
45836,7
45837,0
45838,7
45839,8
45840,4
45841,3
45842,8
45843,5
45844,8
45845,5
45846,0
45847,8
45848,3
45849,1
45850,4
45851,2
45852,1
45853,1
45854,2
45855,5
45856,9
45857,4
45858,1
45859,1
45860,5
45861,5
45862,0
45863,3
45864,3
45865,4
45866,4
45867,5
45868,3
45869,1
45870,6
45871,9
45872,7
45873,7
45874,6
45875,2
45876,1
45877,4
45878,5
45879,7
45880,2
45881,8
45882,7
45883,3
45884,3
45885,7
45886,2
45887,3
45888,9
45889,1
45890,8
45891,7
45892,2
45893,4
45894,0
45895,7
45896,3
45897,5
45898,1
45899,5
45900,7
45901,0
45902,8
45903,1
45904,2
45905,6
45906,6
45907,8
45908,4
45909,5
45910,8
45911,2
45912,0
45913,6
45914,3
45915,3
45916,6
45917,7
45918,0
45919,4
45920,8
45921,5
45922,5
45923,4
45924,1
45925,9
45926,2
45927,3
45928,5
45929,4
45930,0
45931,9
45932,8
45933,5
45934,7
45935,6
45936,1
45937,4
45938,8
45939,9
45940,3
45941,8
45942,0
45943,1
45944,9
45945,9
45946,6
45947,1
45948,8
45949,0
45950,4
45951,3
45952,0
45953,8
45954,4
45955,0
45956,7
45957,3
45958,7
45959,1
45960,8
45961,7
45962,3
45963,9
45964,2
45965,7
45966,6
45967,4
45968,8
45969,3
45970,4
45971,3
45972,8
45973,5
45974,3
45975,8
45976,3
45977,7
45978,7
45979,8
45980,3
45981,0
45982,2
45983,8
45984,5
45985,6
45986,7
45987,5
45988,4
45989,8
45990,0
45991,0
45992,0
45993,6
45994,5
45995,9
45996,7
45997,8
45998,2
45999,4
46000,1
46001,9
46002,8
46003,0
46004,7
46005,9
46006,4
46007,9
46008,3
46009,2
46010,2
46011,6
46012,0
46013,8
46014,8
46015,8
46016,9
46017,0
46018,8
46019,0
46020,8
46021,7
46022,9
46023,8
46024,5
46025,8
46026,6
46027,2
46028,6
46029,8
46030,9
46031,5
46032,9
46033,5
46034,7
46035,6
46036,6
46037,9
46038,5
46039,4
46040,8
46041,6
46042,7
46043,8
46044,7
46045,5
46046,8
46047,2
46048,4
46049,0
46050,6
46051,2
46052,8
46053,6
46054,6
46055,0
46056,1
46057,4
46058,6
46059,2
46060,8
46061,1
46062,0
46063,1
46064,1
46065,9
46066,9
46067,6
46068,0
46069,7
46070,1
46071,5
46072,4
46073,3
46074,7
46075,9
46076,9
46077,4
46078,1
46079,8
46080,9
46081,1
46082,1
46083,5
46084,2
46085,0
46086,7
46087,0
46088,4
46089,4
46090,2
46091,0
46092,1
46093,4
46094,7
46095,9
46096,7
46097,6
46098,1
46099,6
46100,6
46101,0
46102,2
46103,1
46104,8
46105,8
46106,7
46107,0
46108,1
46109,1
46110,2
46111,3
46112,9
46113,5
46114,0
46115,3
46116,7
46117,7
46118,1
46119,2
46120,5
46121,3
46122,7
46123,6
46124,8
46125,9
46126,9
46127,9
46128,7
46129,7
46130,1
46131,7
46132,1
46133,6
46134,9
46135,8
46136,5
46137,2
46138,4
46139,9
46140,2
46141,3
46142,7
46143,9
46144,9
46145,9
46146,1
46147,6
46148,6
46149,1
46150,0
46151,2
46152,3
46153,8
46154,6
46155,9
46156,5
46157,3
46158,8
46159,4
46160,6
46161,4
46162,7
46163,2
46164,0
46165,2
46166,4
46167,8
46168,9
46169,6
46170,6
46171,0
46172,7
46173,8
46174,1
46175,4
46176,1
46177,4
46178,3
46179,1
46180,3
46181,1
46182,8
46183,3
46184,2
46185,6
46186,5
46187,4
46188,1
46189,4
46190,3
46191,6
46192,2
46193,1
46194,3
46195,8
46196,5
46197,1
46198,7
46199,9
46200,4
46201,1
46202,6
46203,0
46204,1
46205,1
46206,0
46207,4
46208,6
46209,2
46210,1
46211,5
46212,1
46213,9
46214,8
46215,8
46216,1
46217,8
46218,3
46219,1
46220,6
46221,1
46222,0
46223,4
46224,1
46225,0
46226,7
46227,3
46228,4
46229,1
46230,5
46231,8
46232,8
46233,3
46234,3
46235,0
46236,9
46237,4
46238,7
46239,8
46240,2
46241,7
46242,7
46243,3
46244,7
46245,8
46246,7
46247,9
46248,2
46249,0
46250,1
46251,8
46252,0
46253,3
46254,0
46255,0
46256,4
46257,9
46258,9
46259,2
46260,9
46261,5
46262,3
46263,7
46264,2
46265,4
46266,9
46267,8
46268,6
46269,4
46270,1
46271,9
46272,8
46273,8
46274,7
46275,5
46276,5
46277,1
46278,3
46279,4
46280,9
46281,0
46282,4
46283,5
46284,1
46285,2
46286,5
46287,6
46288,4
46289,7
46290,5
46291,7
46292,6
46293,2
46294,1
46295,6
46296,0
46297,2
46298,4
46299,9
46300,2
46301,9
46302,7
46303,9
46304,8
46305,5
46306,1
46307,5
46308,5
46309,7
46310,1
46311,0
46312,7
46313,7
46314,9
46315,7
46316,3
46317,3
46318,8
46319,6
46320,6
46321,5
46322,5
46323,6
46324,6
46325,3
46326,5
46327,9
46328,2
46329,4
46330,0
46331,3
46332,4
46333,0
46334,8
46335,6
46336,1
46337,7
46338,0
46339,1
46340,1
46341,3
46342,1
46343,8
46344,9
46345,9
46346,4
46347,4
46348,5
46349,8
46350,2
46351,3
46352,1
46353,8
46354,7
46355,9
46356,2
46357,0
46358,6
46359,6
46360,8
46361,0
46362,8
46363,8
46364,5
46365,6
46366,9
46367,4
46368,6
46369,6
46370,2
46371,1
46372,3
46373,9
46374,0
46375,1
46376,6
46377,4
46378,4
46379,0
46380,6
46381,1
46382,2
46383,9
46384,7
46385,2
46386,9
46387,4
46388,5
46389,6
46390,0
46391,7
46392,2
46393,7
46394,6
46395,0
46396,0
46397,0
46398,1
46399,8
46400,3
46401,6
46402,5
46403,6
46404,6
46405,1
46406,9
46407,1
46408,9
46409,3
46410,7
46411,7
46412,1
46413,0
46414,6
46415,1
46416,4
46417,6
46418,0
46419,2
46420,5
46421,9
46422,1
46423,8
46424,6
46425,4
46426,1
46427,6
46428,1
46429,4
46430,1
46431,3
46432,2
46433,5
46434,7
46435,4
46436,2
46437,3
46438,5
46439,2
46440,6
46441,3
46442,3
46443,7
46444,4
46445,8
46446,6
46447,2
46448,5
46449,5
46450,5
46451,7
46452,5
46453,6
46454,2
46455,6
46456,3
46457,4
46458,6
46459,3
46460,6
46461,9
46462,3
46463,9
46464,1
46465,1
46466,8
46467,8
46468,1
46469,1
46470,0
46471,2
46472,6
46473,5
46474,7
46475,0
46476,7
46477,3
46478,0
46479,7
46480,1
46481,4
46482,5
46483,3
46484,3
46485,6
46486,5
46487,9
46488,9
46489,5
46490,9
46491,4
46492,2
46493,8
46494,9
46495,5
46496,1
46497,2
46498,8
46499,0
46500,4
46501,5
46502,1
46503,4
46504,6
46505,6
46506,3
46507,7
46508,5
46509,3
46510,3
46511,6
46512,1
46513,6
46514,2
46515,2
46516,1
46517,5
46518,9
46519,5
46520,0
46521,3
46522,3
46523,1
46524,3
46525,7
46526,4
46527,4
46528,9
46529,7
46530,5
46531,1
46532,5
46533,8
46534,6
46535,0
46536,1
46537,2
46538,9
46539,7
46540,4
46541,6
46542,6
46543,6
46544,4
46545,7
46546,8
46547,8
46548,8
46549,6
46550,7
46551,2
46552,1
46553,8
46554,7
46555,8
46556,1
46557,9
46558,0
46559,5
46560,8
46561,0
46562,6
46563,9
46564,1
46565,5
46566,1
46567,4
46568,0
46569,0
46570,4
46571,2
46572,6
46573,0
46574,0
46575,4
46576,6
46577,6
46578,4
46579,1
46580,4
46581,5
46582,1
46583,7
46584,2
46585,8
46586,0
46587,4
46588,6
46589,1
46590,3
46591,4
46592,1
46593,1
46594,1
46595,8
46596,3
46597,7
46598,1
46599,7
46600,7
46601,2
46602,6
46603,7
46604,9
46605,6
46606,8
46607,6
46608,0
46609,6
46610,2
46611,2
46612,7
46613,0
46614,4
46615,2
46616,9
46617,7
46618,8
46619,4
46620,2
46621,1
46622,1
46623,7
46624,2
46625,9
46626,8
46627,6
46628,5
46629,5
46630,6
46631,6
46632,2
46633,7
46634,7
46635,4
46636,8
46637,6
46638,7
46639,9
46640,0
46641,2
46642,8
46643,7
46644,4
46645,4
46646,8
46647,0
46648,4
46649,7
46650,0
46651,0
46652,5
46653,1
46654,3
46655,3
46656,5
46657,7
46658,8
46659,8
46660,7
46661,0
46662,8
46663,7
46664,9
46665,1
46666,2
46667,4
46668,1
46669,7
46670,3
46671,4
46672,6
46673,7
46674,2
46675,7
46676,8
46677,7
46678,8
46679,0
46680,8
46681,0
46682,5
46683,6
46684,2
46685,6
46686,0
46687,7
46688,7
46689,4
46690,2
46691,6
46692,4
46693,5
46694,8
46695,4
46696,5
46697,5
46698,2
46699,5
46700,0
46701,0
46702,9
46703,4
46704,7
46705,7
46706,0
46707,2
46708,9
46709,8
46710,3
46711,5
46712,2
46713,8
46714,7
46715,6
46716,8
46717,8
46718,1
46719,6
46720,0
46721,6
46722,0
46723,8
46724,3
46725,5
46726,0
46727,7
46728,2
46729,5
46730,3
46731,1
46732,0
46733,7
46734,1
46735,1
46736,1
46737,3
46738,0
46739,3
46740,1
46741,5
46742,2
46743,2
46744,9
46745,9
46746,3
46747,3
46748,6
46749,0
46750,5
46751,1
46752,9
46753,8
46754,9
46755,7
46756,1
46757,0
46758,5
46759,5
46760,8
46761,0
46762,2
46763,0
46764,6
46765,6
46766,5
46767,8
46768,8
46769,2
46770,9
46771,6
46772,4
46773,2
46774,0
46775,1
46776,0
46777,1
46778,1
46779,2
46780,9
46781,9
46782,8
46783,4
46784,7
46785,0
46786,8
46787,3
46788,9
46789,9
46790,6
46791,7
46792,3
46793,8
46794,6
46795,2
46796,9
46797,4
46798,1
46799,7
46800,2
46801,7
46802,5
46803,1
46804,1
46805,2
46806,2
46807,1
46808,5
46809,4
46810,5
46811,1
46812,1
46813,0
46814,9
46815,1
46816,0
46817,7
46818,1
46819,0
46820,1
46821,0
46822,1
46823,9
46824,4
46825,7
46826,9
46827,9
46828,7
46829,5
46830,7
46831,6
46832,8
46833,8
46834,1
46835,8
46836,4
46837,7
46838,5
46839,2
46840,9
46841,4
46842,6
46843,8
46844,5
46845,9
46846,1
46847,4
46848,4
46849,6
46850,0
46851,3
46852,8
46853,1
46854,6
46855,1
46856,5
46857,4
46858,2
46859,8
46860,0
46861,8
46862,2
46863,0
46864,0
46865,6
46866,6
46867,7
46868,5
46869,6
46870,3
46871,7
46872,3
46873,8
46874,2
46875,2
46876,0
46877,5
46878,9
46879,5
46880,6
46881,1
46882,7
46883,3
46884,1
46885,6
46886,5
46887,8
46888,7
46889,7
46890,3
46891,1
46892,3
46893,1
46894,1
46895,4
46896,1
46897,0
46898,0
46899,4
46900,4
46901,5
46902,3
46903,2
46904,5
46905,1
46906,5
46907,8
46908,4
46909,9
46910,6
46911,1
46912,5
46913,7
46914,6
46915,8
46916,4
46917,4
46918,1
46919,7
46920,6
46921,8
46922,7
46923,5
46924,6
46925,0
46926,1
46927,0
46928,8
46929,2
46930,1
46931,4
46932,7
46933,0
46934,0
46935,5
46936,4
46937,8
46938,5
46939,7
46940,3
46941,3
46942,1
46943,7
46944,7
46945,4
46946,1
46947,1
46948,9
46949,6
46950,3
46951,6
46952,6
46953,5
46954,7
46955,0
46956,0
46957,7
46958,8
46959,2
46960,6
46961,3
46962,5
46963,5
46964,1
46965,6
46966,9
46967,1
46968,5
46969,7
46970,2
46971,3
46972,3
46973,0
46974,2
46975,2
46976,0
46977,7
46978,0
46979,5
46980,0
46981,4
46982,5
46983,1
46984,3
46985,0
46986,6
46987,8
46988,6
46989,0
46990,0
46991,6
46992,4
46993,5
46994,9
46995,9
46996,4
46997,1
46998,3
46999,2
47000,4
47001,1
47002,5
47003,0
47004,9
47005,8
47006,4
47007,3
47008,9
47009,3
47010,8
47011,0
47012,3
47013,6
47014,0
47015,3
47016,0
47017,4
47018,8
47019,8
47020,2
47021,5
47022,5
47023,1
47024,7
47025,7
47026,4
47027,9
47028,2
47029,4
47030,9
47031,5
47032,9
47033,9
47034,4
47035,9
47036,5
47037,2
47038,6
47039,8
47040,5
47041,1
47042,9
47043,9
47044,9
47045,2
47046,1
47047,0
47048,2
47049,3
47050,9
47051,1
47052,4
47053,8
47054,9
47055,4
47056,4
47057,9
47058,4
47059,3
47060,5
47061,7
47062,0
47063,0
47064,5
47065,0
47066,0
47067,0
47068,9
47069,8
47070,9
47071,6
47072,7
47073,9
47074,9
47075,9
47076,6
47077,3
47078,9
47079,4
47080,5
47081,9
47082,5
47083,2
47084,3
47085,3
47086,2
47087,7
47088,3
47089,7
47090,9
47091,6
47092,0
47093,7
47094,5
47095,7
47096,6
47097,0
47098,0
47099,6
47100,0
47101,7
47102,8
47103,0
47104,1
47105,2
47106,9
47107,8
47108,4
47109,1
47110,6
47111,2
47112,5
47113,5
47114,3
47115,9
47116,4
47117,9
47118,6
47119,0
47120,6
47121,7
47122,0
47123,2
47124,5
47125,2
47126,3
47127,2
47128,5
47129,1
47130,4
47131,9
47132,5
47133,7
47134,0
47135,8
47136,4
47137,9
47138,5
47139,1
47140,6
47141,5
47142,4
47143,8
47144,6
47145,0
47146,7
47147,2
47148,3
47149,0
47150,0
47151,7
47152,0
47153,5
47154,8
47155,5
47156,9
47157,4
47158,0
47159,4
47160,5
47161,1
47162,3
47163,2
47164,8
47165,0
47166,6
47167,4
47168,1
47169,6
47170,4
47171,4
47172,4
47173,0
47174,9
47175,9
47176,1
47177,4
47178,6
47179,4
47180,2
47181,3
47182,6
47183,1
47184,9
47185,9
47186,5
47187,5
47188,5
47189,4
47190,4
47191,4
47192,9
47193,2
47194,7
47195,8
47196,9
47197,6
47198,8
47199,0
47200,9
47201,9
47202,3
47203,6
47204,1
47205,0
47206,1
47207,8
47208,2
47209,1
47210,3
47211,2
47212,4
47213,0
47214,1
47215,2
47216,6
47217,2
47218,7
47219,8
47220,5
47221,9
47222,0
47223,8
47224,0
47225,4
47226,0
47227,4
47228,4
47229,8
47230,6
47231,7
47232,5
47233,8
47234,0
47235,4
47236,0
47237,7
47238,0
47239,9
47240,6
47241,5
47242,0
47243,2
47244,5
47245,1
47246,6
47247,7
47248,6
47249,4
47250,6
47251,1
47252,9
47253,6
47254,8
47255,6
47256,2
47257,8
47258,5
47259,2
47260,5
47261,5
47262,5
47263,6
47264,1
47265,2
47266,2
47267,6
47268,2
47269,6
47270,9
47271,7
47272,2
47273,6
47274,7
47275,1
47276,5
47277,0
47278,9
47279,1
47280,7
47281,5
47282,1
47283,5
47284,1
47285,3
47286,9
47287,2
47288,0
47289,8
47290,0
47291,8
47292,2
47293,4
47294,4
47295,3
47296,4
47297,5
47298,4
47299,4
47300,7
47301,4
47302,3
47303,8
47304,6
47305,2
47306,5
47307,1
47308,9
47309,0
47310,9
47311,9
47312,8
47313,6
47314,0
47315,9
47316,5
47317,0
47318,7
47319,4
47320,0
47321,3
47322,0
47323,8
47324,0
47325,1
47326,8
47327,0
47328,4
47329,1
47330,6
47331,6
47332,1
47333,3
47334,7
47335,6
47336,8
47337,0
47338,0
47339,8
47340,0
47341,9
47342,6
47343,0
47344,6
47345,6
47346,6
47347,7
47348,2
47349,6
47350,8
47351,2
47352,0
47353,7
47354,8
47355,7
47356,7
47357,5
47358,7
47359,1
47360,0
47361,2
47362,0
47363,9
47364,2
47365,4
47366,0
47367,9
47368,8
47369,3
47370,5
47371,2
47372,9
47373,4
47374,0
47375,0
47376,9
47377,9
47378,8
47379,0
47380,7
47381,6
47382,3
47383,3
47384,3
47385,8
47386,5
47387,3
47388,7
47389,7
47390,4
47391,1
47392,7
47393,2
47394,9
47395,6
47396,0
47397,2
47398,1
47399,2
47400,6
47401,4
47402,8
47403,9
47404,7
47405,4
47406,9
47407,4
47408,0
47409,1
47410,6
47411,7
47412,5
47413,0
47414,7
47415,4
47416,7
47417,3
47418,1
47419,2
47420,1
47421,2
47422,8
47423,7
47424,8
47425,1
47426,6
47427,3
47428,3
47429,2
47430,0
47431,1
47432,5
47433,3
47434,6
47435,9
47436,5
47437,0
47438,7
47439,3
47440,4
47441,3
47442,8
47443,6
47444,6
47445,5
47446,2
47447,5
47448,3
47449,3
47450,8
47451,8
47452,0
47453,7
47454,5
47455,1
47456,9
47457,9
47458,8
47459,7
47460,2
47461,1
47462,6
47463,7
47464,5
47465,9
47466,5
47467,7
47468,9
47469,0
47470,9
47471,6
47472,9
47473,7
47474,4
47475,3
47476,9
47477,2
47478,5
47479,6
47480,7
47481,0
47482,9
47483,5
47484,9
47485,5
47486,3
47487,6
47488,0
47489,2
47490,6
47491,6
47492,9
47493,6
47494,1
47495,2
47496,4
47497,8
47498,7
47499,4
47500,3
47501,5
47502,2
47503,3
47504,1
47505,4
47506,7
47507,9
47508,4
47509,1
47510,9
47511,2
47512,4
47513,6
47514,9
47515,3
47516,4
47517,6
47518,0
47519,4
47520,3
47521,9
47522,9
47523,6
47524,3
47525,2
47526,1
47527,9
47528,2
47529,7
47530,5
47531,2
47532,4
47533,2
47534,0
47535,0
47536,3
47537,5
47538,7
47539,4
47540,6
47541,2
47542,3
47543,4
47544,5
47545,7
47546,6
47547,7
47548,9
47549,6
47550,4
47551,6
47552,2
47553,1
47554,3
47555,3
47556,8
47557,1
47558,6
47559,1
47560,8
47561,3
47562,9
47563,9
47564,1
47565,3
47566,5
47567,9
47568,0
47569,6
47570,7
47571,5
47572,7
47573,6
47574,2
47575,2
47576,1
47577,9
47578,3
47579,5
47580,1
47581,2
47582,6
47583,9
47584,0
47585,0
47586,4
47587,3
47588,5
47589,5
47590,6
47591,1
47592,7
47593,4
47594,9
47595,7
47596,6
47597,7
47598,2
47599,0
47600,3
47601,6
47602,6
47603,7
47604,0
47605,7
47606,4
47607,3
47608,2
47609,7
47610,4
47611,0
47612,5
47613,5
47614,1
47615,4
47616,2
47617,9
47618,8
47619,2
47620,0
47621,3
47622,8
47623,4
47624,5
47625,6
47626,3
47627,4
47628,1
47629,0
47630,1
47631,9
47632,5
47633,8
47634,9
47635,0
47636,8
47637,6
47638,1
47639,8
47640,9
47641,1
47642,3
47643,0
47644,4
47645,5
47646,5
47647,8
47648,7
47649,5
47650,5
47651,9
47652,2
47653,8
47654,3
47655,2
47656,3
47657,5
47658,7
47659,9
47660,8
47661,7
47662,2
47663,4
47664,9
47665,4
47666,4
47667,2
47668,5
47669,3
47670,8
47671,0
47672,3
47673,6
47674,7
47675,0
47676,2
47677,3
47678,8
47679,8
47680,6
47681,0
47682,4
47683,0
47684,2
47685,9
47686,0
47687,6
47688,0
47689,0
47690,9
47691,7
47692,2
47693,6
47694,8
47695,8
47696,6
47697,7
47698,4
47699,5
47700,7
47701,3
47702,2
47703,5
47704,8
47705,0
47706,9
47707,6
47708,8
47709,8
47710,4
47711,9
47712,4
47713,2
47714,8
47715,7
47716,0
47717,2
47718,3
47719,1
47720,1
47721,5
47722,8
47723,9
47724,4
47725,3
47726,0
47727,8
47728,5
47729,3
47730,8
47731,9
47732,2
47733,9
47734,6
47735,0
47736,4
47737,8
47738,9
47739,3
47740,9
47741,7
47742,7
47743,1
47744,9
47745,7
47746,3
47747,5
47748,9
47749,8
47750,3
47751,5
47752,0
47753,5
47754,8
47755,5
47756,8
47757,5
47758,1
47759,9
47760,9
47761,7
47762,8
47763,4
47764,8
47765,0
47766,9
47767,3
47768,5
47769,0
47770,4
47771,3
47772,1
47773,2
47774,7
47775,5
47776,7
47777,4
47778,6
47779,4
47780,7
47781,7
47782,5
47783,6
47784,3
47785,2
47786,3
47787,2
47788,4
47789,5
47790,6
47791,2
47792,9
47793,9
47794,4
47795,2
47796,4
47797,7
47798,4
47799,5
47800,1
47801,9
47802,6
47803,2
47804,7
47805,6
47806,3
47807,0
47808,0
47809,4
47810,8
47811,4
47812,7
47813,9
47814,9
47815,4
47816,1
47817,1
47818,9
47819,0
47820,3
47821,4
47822,9
47823,3
47824,8
47825,9
47826,2
47827,1
47828,7
47829,0
47830,7
47831,8
47832,9
47833,9
47834,1
47835,0
47836,4
47837,7
47838,3
47839,5
47840,6
47841,6
47842,1
47843,3
47844,8
47845,7
47846,8
47847,5
47848,2
47849,1
47850,5
47851,7
47852,3
47853,2
47854,2
47855,9
47856,3
47857,0
47858,7
47859,1
47860,2
47861,2
47862,5
47863,5
47864,3
47865,5
47866,5
47867,0
47868,1
47869,6
47870,1
47871,9
47872,1
47873,0
47874,3
47875,6
47876,3
47877,0
47878,1
47879,2
47880,4
47881,1
47882,9
47883,0
47884,3
47885,0
47886,2
47887,9
47888,7
47889,8
47890,8
47891,7
47892,1
47893,1
47894,5
47895,6
47896,0
47897,6
47898,7
47899,3
47900,4
47901,5
47902,1
47903,7
47904,3
47905,3
47906,4
47907,6
47908,7
47909,1
47910,4
47911,8
47912,2
47913,4
47914,2
47915,7
47916,7
47917,5
47918,0
47919,4
47920,9
47921,4
47922,7
47923,2
47924,4
47925,1
47926,0
47927,1
47928,2
47929,4
47930,8
47931,2
47932,5
47933,6
47934,9
47935,0
47936,9
47937,8
47938,6
47939,7
47940,3
47941,4
47942,2
47943,6
47944,1
47945,4
47946,6
47947,0
47948,0
47949,5
47950,8
47951,8
47952,2
47953,3
47954,2
47955,6
47956,5
47957,4
47958,8
47959,5
47960,0
47961,8
47962,0
47963,9
47964,9
47965,6
47966,7
47967,4
47968,8
47969,8
47970,4
47971,5
47972,8
47973,5
47974,7
47975,2
47976,8
47977,7
47978,1
47979,1
47980,2
47981,0
47982,5
47983,5
47984,1
47985,4
47986,5
47987,6
47988,1
47989,9
47990,8
47991,0
47992,4
47993,7
47994,5
47995,4
47996,5
47997,4
47998,4
47999,2
48000,7
48001,2
48002,8
48003,9
48004,2
48005,2
48006,5
48007,6
48008,0
48009,7
48010,8
48011,9
48012,5
48013,3
48014,7
48015,9
48016,8
48017,4
48018,8
48019,0
48020,2
48021,3
48022,8
48023,4
48024,4
48025,8
48026,1
48027,3
48028,2
48029,3
48030,6
48031,6
48032,5
48033,0
48034,3
48035,3
48036,6
48037,8
48038,9
48039,5
48040,0
48041,4
48042,1
48043,1
48044,7
48045,8
48046,1
48047,6
48048,6
48049,1
48050,0
48051,7
48052,5
48053,0
48054,3
48055,8
48056,9
48057,9
48058,7
48059,2
48060,4
48061,2
48062,0
48063,5
48064,8
48065,2
48066,4
48067,2
48068,2
48069,3
48070,5
48071,2
48072,7
48073,6
48074,4
48075,1
48076,8
48077,5
48078,2
48079,4
48080,3
48081,5
48082,3
48083,8
48084,0
48085,2
48086,5
48087,3
48088,4
48089,3
48090,6
48091,2
48092,9
48093,3
48094,1
48095,2
48096,6
48097,0
48098,9
48099,4
48100,6
48101,0
48102,0
48103,7
48104,9
48105,9
48106,6
48107,8
48108,5
48109,2
48110,6
48111,3
48112,6
48113,8
48114,8
48115,2
48116,8
48117,8
48118,8
48119,6
48120,9
48121,7
48122,6
48123,3
48124,5
48125,4
48126,4
48127,0
48128,8
48129,0
48130,3
48131,5
48132,0
48133,5
48134,4
48135,8
48136,0
48137,2
48138,2
48139,5
48140,3
48141,9
48142,0
48143,7
48144,5
48145,2
48146,1
48147,5
48148,2
48149,0
48150,7
48151,2
48152,7
48153,6
48154,8
48155,7
48156,2
48157,4
48158,9
48159,8
48160,0
48161,2
48162,8
48163,4
48164,7
48165,8
48166,6
48167,8
48168,5
48169,9
48170,4
48171,7
48172,8
48173,3
48174,8
48175,7
48176,9
48177,0
48178,1
48179,8
48180,1
48181,5
48182,3
48183,2
48184,4
48185,9
48186,5
48187,0
48188,0
48189,7
48190,4
48191,4
48192,6
48193,7
48194,6
48195,0
48196,1
48197,7
48198,1
48199,0
48200,5
48201,9
48202,1
48203,1
48204,2
48205,8
48206,1
48207,3
48208,3
48209,1
48210,8
48211,3
48212,8
48213,6
48214,3
48215,3
48216,6
48217,4
48218,7
48219,2
48220,9
48221,6
48222,5
48223,5
48224,7
48225,2
48226,4
48227,0
48228,3
48229,0
48230,3
48231,7
48232,8
48233,1
48234,4
48235,1
48236,3
48237,4
48238,5
48239,9
48240,1
48241,0
48242,1
48243,6
48244,6
48245,6
48246,7
48247,3
48248,3
48249,1
48250,1
48251,3
48252,3
48253,9
48254,6
48255,5
48256,7
48257,3
48258,1
48259,4
48260,1
48261,5
48262,2
48263,9
48264,2
48265,4
48266,0
48267,5
48268,5
48269,8
48270,9
48271,5
48272,8
48273,4
48274,7
48275,3
48276,3
48277,3
48278,2
48279,3
48280,8
48281,8
48282,9
48283,1
48284,5
48285,3
48286,2
48287,6
48288,3
48289,8
48290,4
48291,1
48292,2
48293,9
48294,9
48295,8
48296,2
48297,6
48298,3
48299,0
48300,5
48301,1
48302,6
48303,0
48304,4
48305,7
48306,6
48307,9
48308,7
48309,9
48310,2
48311,8
48312,0
48313,4
48314,5
48315,8
48316,3
48317,5
48318,8
48319,0
48320,0
48321,8
48322,0
48323,3
48324,6
48325,1
48326,5
48327,6
48328,0
48329,4
48330,6
48331,7
48332,3
48333,4
48334,8
48335,8
48336,3
48337,9
48338,7
48339,9
48340,1
48341,3
48342,8
48343,5
48344,2
48345,3
48346,3
48347,8
48348,4
48349,2
48350,4
48351,3
48352,8
48353,6
48354,9
48355,0
48356,2
48357,9
48358,5
48359,8
48360,5
48361,3
48362,2
48363,9
48364,8
48365,4
48366,2
48367,7
48368,7
48369,9
48370,7
48371,6
48372,1
48373,4
48374,0
48375,3
48376,8
48377,9
48378,8
48379,8
48380,8
48381,1
48382,9
48383,3
48384,7
48385,2
48386,4
48387,7
48388,9
48389,7
48390,4
48391,7
48392,1
48393,0
48394,0
48395,6
48396,8
48397,9
48398,9
48399,6
48400,4
48401,2
48402,0
48403,1
48404,7
48405,4
48406,2
48407,0
48408,4
48409,2
48410,5
48411,0
48412,0
48413,2
48414,7
48415,8
48416,3
48417,2
48418,2
48419,3
48420,5
48421,8
48422,5
48423,6
48424,6
48425,7
48426,6
48427,4
48428,0
48429,0
48430,4
48431,6
48432,7
48433,3
48434,2
48435,2
48436,2
48437,5
48438,0
48439,4
48440,9
48441,5
48442,6
48443,6
48444,6
48445,1
48446,3
48447,5
48448,4
48449,9
48450,3
48451,3
48452,9
48453,7
48454,2
48455,0
48456,0
48457,2
48458,8
48459,1
48460,1
48461,8
48462,0
48463,8
48464,9
48465,9
48466,7
48467,1
48468,1
48469,0
48470,8
48471,8
48472,4
48473,7
48474,9
48475,8
48476,0
48477,2
48478,5
48479,6
48480,4
48481,0
48482,5
48483,2
48484,9
48485,3
48486,0
48487,6
48488,6
48489,7
48490,6
48491,0
48492,7
48493,4
48494,0
48495,9
48496,1
48497,0
48498,7
48499,1
48500,0
48501,7
48502,1
48503,3
48504,6
48505,2
48506,4
48507,0
48508,5
48509,8
48510,8
48511,8
48512,9
48513,7
48514,7
48515,5
48516,7
48517,8
48518,3
48519,5
48520,5
48521,5
48522,1
48523,1
48524,3
48525,0
48526,2
48527,4
48528,5
48529,5
48530,6
48531,2
48532,7
48533,1
48534,9
48535,2
48536,8
48537,0
48538,8
48539,9
48540,7
48541,6
48542,5
48543,9
48544,5
48545,8
48546,1
48547,5
48548,5
48549,4
48550,9
48551,8
48552,2
48553,2
48554,7
48555,6
48556,7
48557,6
48558,5
48559,3
48560,5
48561,3
48562,5
48563,0
48564,5
48565,8
48566,8
48567,9
48568,6
48569,8
48570,2
48571,9
48572,1
48573,6
48574,6
48575,8
48576,2
48577,2
48578,1
48579,8
48580,7
48581,9
48582,1
48583,2
48584,2
48585,4
48586,5
48587,3
48588,7
48589,6
48590,7
48591,3
48592,8
48593,5
48594,7
48595,1
48596,2
48597,6
48598,2
48599,9
48600,0
48601,8
48602,9
48603,0
48604,4
48605,3
48606,7
48607,7
48608,8
48609,4
48610,9
48611,4
48612,5
48613,7
48614,2
48615,1
48616,4
48617,9
48618,9
48619,2
48620,8
48621,5
48622,2
48623,9
48624,9
48625,0
48626,2
48627,0
48628,1
48629,5
48630,5
48631,5
48632,6
48633,2
48634,3
48635,1
48636,9
48637,7
48638,3
48639,0
48640,1
48641,1
48642,9
48643,0
48644,7
48645,5
48646,2
48647,4
48648,3
48649,0
48650,1
48651,3
48652,3
48653,7
48654,8
48655,7
48656,1
48657,1
48658,0
48659,6
48660,8
48661,3
48662,5
48663,3
48664,0
48665,7
48666,7
48667,6
48668,9
48669,8
48670,2
48671,9
48672,0
48673,4
48674,7
48675,5
48676,7
48677,0
48678,1
48679,9
48680,7
48681,6
48682,6
48683,9
48684,1
48685,0
48686,7
48687,9
48688,0
48689,7
48690,6
48691,9
48692,5
48693,9
48694,6
48695,8
48696,1
48697,3
48698,8
48699,3
48700,7
48701,2
48702,6
48703,1
48704,2
48705,8
48706,2
48707,2
48708,9
48709,8
48710,2
48711,7
48712,1
48713,7
48714,6
48715,3
48716,3
48717,7
48718,3
48719,8
48720,9
48721,7
48722,6
48723,5
48724,2
48725,7
48726,8
48727,6
48728,2
48729,9
48730,4
48731,2
48732,1
48733,7
48734,0
48735,5
48736,8
48737,8
48738,1
48739,3
48740,1
48741,6
48742,8
48743,2
48744,6
48745,7
48746,5
48747,2
48748,3
48749,0
48750,3
48751,5
48752,7
48753,1
48754,9
48755,0
48756,3
48757,7
48758,7
48759,2
48760,0
48761,6
48762,2
48763,3
48764,0
48765,0
48766,4
48767,0
48768,8
48769,6
48770,1
48771,9
48772,5
48773,4
48774,6
48775,0
48776,3
48777,7
48778,2
48779,0
48780,1
48781,5
48782,6
48783,5
48784,1
48785,9
48786,5
48787,3
48788,5
48789,4
48790,0
48791,8
48792,5
48793,6
48794,2
48795,4
48796,8
48797,2
48798,2
48799,4
48800,8
48801,6
48802,5
48803,9
48804,9
48805,7
48806,8
48807,5
48808,8
48809,1
48810,1
48811,2
48812,1
48813,7
48814,8
48815,4
48816,6
48817,0
48818,0
48819,9
48820,2
48821,7
48822,8
48823,5
48824,3
48825,1
48826,1
48827,9
48828,4
48829,0
48830,6
48831,9
48832,3
48833,1
48834,9
48835,5
48836,0
48837,1
48838,5
48839,0
48840,1
48841,7
48842,0
48843,8
48844,8
48845,1
48846,9
48847,6
48848,0
48849,6
48850,5
48851,3
48852,5
48853,3
48854,6
48855,7
48856,8
48857,0
48858,1
48859,4
48860,3
48861,9
48862,0
48863,0
48864,7
48865,8
48866,1
48867,8
48868,4
48869,8
48870,7
48871,9
48872,6
48873,7
48874,0
48875,5
48876,0
48877,0
48878,1
48879,9
48880,2
48881,0
48882,6
48883,1
48884,1
48885,1
48886,3
48887,3
48888,6
48889,2
48890,6
48891,3
48892,1
48893,1
48894,8
48895,6
48896,1
48897,3
48898,2
48899,4
48900,7
48901,1
48902,4
48903,8
48904,4
48905,0
48906,1
48907,6
48908,0
48909,0
48910,1
48911,3
48912,7
48913,3
48914,1
48915,0
48916,0
48917,4
48918,9
48919,9
48920,2
48921,2
48922,4
48923,5
48924,6
48925,0
48926,2
48927,0
48928,8
48929,9
48930,7
48931,0
48932,2
48933,3
48934,0
48935,8
48936,0
48937,6
48938,0
48939,5
48940,5
48941,5
48942,7
48943,3
48944,3
48945,1
48946,7
48947,3
48948,3
48949,7
48950,8
48951,4
48952,6
48953,5
48954,3
48955,5
48956,5
48957,8
48958,4
48959,4
48960,4
48961,2
48962,2
48963,6
48964,2
48965,2
48966,2
48967,0
48968,4
48969,4
48970,1
48971,7
48972,6
48973,0
48974,0
48975,7
48976,8
48977,5
48978,0
48979,8
48980,4
48981,6
48982,4
48983,9
48984,4
48985,7
48986,8
48987,9
48988,2
48989,2
48990,9
48991,3
48992,7
48993,7
48994,2
48995,1
48996,7
48997,0
48998,5
48999,1
49000,2
49001,6
49002,9
49003,1
49004,2
49005,4
49006,3
49007,3
49008,7
49009,6
49010,8
49011,2
49012,5
49013,3
49014,9
49015,9
49016,1
49017,3
49018,5
49019,2
49020,1
49021,6
49022,2
49023,9
49024,1
49025,9
49026,4
49027,4
49028,4
49029,6
49030,0
49031,0
49032,0
49033,5
49034,8
49035,9
49036,0
49037,1
49038,6
49039,8
49040,7
49041,2
49042,5
49043,9
49044,0
49045,4
49046,1
49047,6
49048,2
49049,7
49050,0
49051,7
49052,9
49053,9
49054,4
49055,2
49056,9
49057,4
49058,2
49059,2
49060,7
49061,1
49062,5
49063,0
49064,7
49065,9
49066,2
49067,6
49068,1
49069,0
49070,9
49071,1
49072,6
49073,7
49074,3
49075,9
49076,7
49077,5
49078,1
49079,2
49080,3
49081,9
49082,2
49083,4
49084,4
49085,1
49086,9
49087,5
49088,0
49089,7
49090,5
49091,3
49092,6
49093,6
49094,2
49095,2
49096,8
49097,9
49098,2
49099,8
49100,5
49101,5
49102,5
49103,7
49104,6
49105,6
49106,1
49107,0
49108,0
49109,7
49110,6
49111,5
49112,9
49113,9
49114,8
49115,9
49116,5
49117,3
49118,7
49119,7
49120,3
49121,3
49122,9
49123,4
49124,1
49125,9
49126,7
49127,9
49128,2
49129,4
49130,8
49131,5
49132,7
49133,1
49134,4
49135,1
49136,2
49137,8
49138,9
49139,2
49140,9
49141,8
49142,6
49143,2
49144,6
49145,1
49146,5
49147,3
49148,1
49149,1
49150,2
49151,7
49152,1
49153,8
49154,9
49155,2
49156,1
49157,6
49158,2
49159,5
49160,8
49161,2
49162,4
49163,6
49164,4
49165,8
49166,1
49167,7
49168,2
49169,9
49170,9
49171,1
49172,0
49173,3
49174,5
49175,7
49176,2
49177,7
49178,2
49179,3
49180,7
49181,6
49182,9
49183,7
49184,1
49185,3
49186,4
49187,7
49188,2
49189,8
49190,6
49191,1
49192,7
49193,9
49194,4
49195,7
49196,8
49197,2
49198,3
49199,2
49200,7
49201,0
49202,0
49203,3
49204,7
49205,0
49206,7
49207,4
49208,5
49209,9
49210,9
49211,3
49212,9
49213,0
49214,9
49215,1
49216,9
49217,3
49218,0
49219,7
49220,0
49221,9
49222,0
49223,6
49224,8
49225,8
49226,6
49227,6
49228,6
49229,0
49230,9
49231,2
49232,8
49233,7
49234,8
49235,9
49236,2
49237,5
49238,8
49239,5
49240,0
49241,0
49242,3
49243,0
49244,4
49245,2
49246,9
49247,4
49248,6
49249,0
49250,1
49251,9
49252,4
49253,3
49254,6
49255,1
49256,4
49257,5
49258,3
49259,0
49260,0
49261,4
49262,8
49263,5
49264,9
49265,5
49266,7
49267,2
49268,9
49269,2
49270,0
49271,3
49272,2
49273,9
49274,8
49275,6
49276,5
49277,8
49278,1
49279,0
49280,0
49281,8
49282,9
49283,9
49284,6
49285,0
49286,9
49287,5
49288,8
49289,4
49290,1
49291,5
49292,1
49293,3
49294,4
49295,1
49296,7
49297,8
49298,6
49299,7
49300,2
49301,6
49302,4
49303,7
49304,5
49305,4
49306,4
49307,8
49308,4
49309,6
49310,3
49311,5
49312,3
49313,5
49314,7
49315,4
49316,2
49317,3
49318,0
49319,4
49320,9
49321,6
49322,7
49323,0
49324,1
49325,6
49326,1
49327,9
49328,2
49329,2
49330,5
49331,2
49332,2
49333,4
49334,4
49335,5
49336,6
49337,2
49338,6
49339,8
49340,1
49341,9
49342,9
49343,6
49344,2
49345,9
49346,8
49347,9
49348,9
49349,7
49350,7
49351,4
49352,0
49353,1
49354,0
49355,4
49356,7
49357,8
49358,0
49359,1
49360,6
49361,1
49362,9
49363,2
49364,3
49365,7
49366,4
49367,7
49368,6
49369,8
49370,1
49371,7
49372,4
49373,0
49374,1
49375,3
49376,0
49377,2
49378,9
49379,2
49380,3
49381,0
49382,0
49383,0
49384,2
49385,9
49386,4
49387,6
49388,2
49389,4
49390,1
49391,4
49392,7
49393,5
49394,6
49395,1
49396,7
49397,1
49398,5
49399,0
49400,1
49401,3
49402,4
49403,7
49404,9
49405,8
49406,8
49407,8
49408,8
49409,6
49410,6
49411,8
49412,6
49413,5
49414,6
49415,9
49416,8
49417,7
49418,8
49419,6
49420,3
49421,6
49422,7
49423,5
49424,5
49425,7
49426,3
49427,0
49428,9
49429,0
49430,8
49431,1
49432,3
49433,8
49434,6
49435,3
49436,7
49437,7
49438,7
49439,5
49440,5
49441,4
49442,1
49443,5
49444,3
49445,3
49446,8
49447,4
49448,4
49449,7
49450,8
49451,1
49452,6
49453,0
49454,6
49455,1
49456,6
49457,5
49458,5
49459,7
49460,6
49461,6
49462,9
49463,7
49464,1
49465,9
49466,4
49467,3
49468,6
49469,6
49470,0
49471,4
49472,7
49473,2
49474,7
49475,2
49476,2
49477,6
49478,3
49479,3
49480,6
49481,0
49482,9
49483,8
49484,8
49485,1
49486,5
49487,3
49488,3
49489,8
49490,1
49491,8
49492,3
49493,7
49494,7
49495,3
49496,1
49497,8
49498,7
49499,5
49500,3
49501,5
49502,3
49503,2
49504,5
49505,6
49506,1
49507,7
49508,8
49509,0
49510,1
49511,8
49512,0
49513,6
49514,7
49515,7
49516,6
49517,9
49518,3
49519,1
49520,7
49521,5
49522,5
49523,8
49524,4
49525,3
49526,0
49527,9
49528,8
49529,2
49530,1
49531,0
49532,8
49533,8
49534,8
49535,9
49536,6
49537,1
49538,7
49539,9
49540,6
49541,2
49542,3
49543,5
49544,0
49545,0
49546,3
49547,6
49548,7
49549,3
49550,5
49551,9
49552,1
49553,4
49554,9
49555,2
49556,0
49557,5
49558,2
49559,0
49560,2
49561,4
49562,1
49563,4
49564,8
49565,5
49566,9
49567,0
49568,5
49569,7
49570,3
49571,4
49572,8
49573,8
49574,0
49575,9
49576,5
49577,5
49578,1
49579,5
49580,4
49581,7
49582,5
49583,8
49584,5
49585,0
49586,1
49587,4
49588,0
49589,0
49590,9
49591,1
49592,1
49593,4
49594,5
49595,8
49596,0
49597,1
49598,0
49599,0
49600,0
49601,5
49602,7
49603,8
49604,9
49605,0
49606,4
49607,5
49608,4
49609,4
49610,1
49611,0
49612,9
49613,6
49614,0
49615,1
49616,8
49617,3
49618,4
49619,7
49620,0
49621,7
49622,8
49623,5
49624,8
49625,0
49626,7
49627,9
49628,6
49629,4
49630,2
49631,2
49632,9
49633,6
49634,3
49635,9
49636,0
49637,1
49638,7
49639,2
49640,4
49641,9
49642,3
49643,2
49644,5
49645,4
49646,1
49647,4
49648,3
49649,0
49650,9
49651,0
49652,0
49653,4
49654,8
49655,2
49656,2
49657,1
49658,9
49659,1
49660,3
49661,0
49662,5
49663,3
49664,7
49665,2
49666,5
49667,8
49668,8
49669,2
49670,6
49671,8
49672,0
49673,6
49674,8
49675,4
49676,4
49677,4
49678,3
49679,4
49680,2
49681,3
49682,2
49683,1
49684,7
49685,7
49686,4
49687,4
49688,9
49689,4
49690,6
49691,7
49692,2
49693,8
49694,0
49695,5
49696,1
49697,0
49698,1
49699,1
49700,7
49701,8
49702,6
49703,4
49704,8
49705,8
49706,7
49707,2
49708,2
49709,4
49710,3
49711,5
49712,5
49713,8
49714,5
49715,6
49716,5
49717,1
49718,9
49719,0
49720,0
49721,1
49722,7
49723,1
49724,5
49725,8
49726,4
49727,6
49728,6
49729,8
49730,4
49731,0
49732,5
49733,6
49734,9
49735,3
49736,8
49737,3
49738,6
49739,2
49740,5
49741,0
49742,4
49743,0
49744,8
49745,9
49746,5
49747,3
49748,6
49749,0
49750,7
49751,6
49752,8
49753,9
49754,6
49755,7
49756,6
49757,2
49758,5
49759,7
49760,7
49761,5
49762,0
49763,4
49764,5
49765,5
49766,0
49767,1
49768,1
49769,2
49770,2
49771,5
49772,2
49773,2
49774,9
49775,9
49776,1
49777,3
49778,9
49779,4
49780,6
49781,0
49782,5
49783,3
49784,5
49785,2
49786,5
49787,4
49788,5
49789,8
49790,6
49791,1
49792,1
49793,4
49794,4
49795,3
49796,1
49797,7
49798,3
49799,9
49800,7
49801,4
49802,7
49803,6
49804,3
49805,5
49806,0
49807,6
49808,5
49809,5
49810,4
49811,6
49812,9
49813,8
49814,0
49815,4
49816,5
49817,0
49818,1
49819,9
49820,9
49821,0
49822,7
49823,9
49824,5
49825,8
49826,8
49827,8
49828,0
49829,4
49830,3
49831,2
49832,0
49833,6
49834,7
49835,2
49836,1
49837,4
49838,3
49839,2
49840,0
49841,2
49842,3
49843,2
49844,9
49845,8
49846,7
49847,5
49848,7
49849,1
49850,8
49851,7
49852,3
49853,8
49854,5
49855,2
49856,8
49857,6
49858,5
49859,9
49860,1
49861,7
49862,3
49863,2
49864,5
49865,3
49866,7
49867,3
49868,8
49869,0
49870,4
49871,6
49872,1
49873,5
49874,3
49875,7
49876,7
49877,8
49878,5
49879,4
49880,4
49881,5
49882,2
49883,3
49884,1
49885,4
49886,1
49887,9
49888,0
49889,9
49890,4
49891,6
49892,7
49893,7
49894,5
49895,0
49896,6
49897,9
49898,5
49899,4
49900,2
49901,5
49902,6
49903,1
49904,1
49905,4
49906,5
49907,0
49908,7
49909,1
49910,2
49911,4
49912,2
49913,1
49914,4
49915,3
49916,5
49917,1
49918,3
49919,1
49920,2
49921,8
49922,5
49923,6
49924,0
49925,5
49926,6
49927,4
49928,5
49929,4
49930,4
49931,0
49932,8
49933,7
49934,1
49935,9
49936,8
49937,8
49938,4
49939,8
49940,8
49941,3
49942,8
49943,7
49944,2
49945,4
49946,4
49947,1
49948,2
49949,9
49950,8
49951,0
49952,1
49953,1
49954,5
49955,2
49956,6
49957,7
49958,1
49959,7
49960,9
49961,7
49962,6
49963,0
49964,6
49965,7
49966,0
49967,0
49968,8
49969,1
49970,8
49971,9
49972,4
49973,7
49974,2
49975,1
49976,6
49977,6
49978,4
49979,2
49980,0
49981,2
49982,6
49983,9
49984,9
49985,1
49986,6
49987,8
49988,7
49989,3
49990,8
49991,1
49992,6
49993,5
49994,5
49995,4
49996,6
49997,2
49998,0
49999,5
50000,4
50001,1
50002,4
50003,0
50004,3
50005,2
50006,1
50007,2
50008,3
50009,4
50010,5
50011,6
50012,4
50013,1
50014,3
50015,0
50016,0
50017,9
50018,2
50019,1
50020,3
50021,4
50022,6
50023,7
50024,4
50025,3
50026,8
50027,5
50028,9
50029,3
50030,6
50031,8
50032,2
50033,7
50034,0
50035,7
50036,2
50037,2
50038,9
50039,0
50040,6
50041,2
50042,6
50043,9
50044,8
50045,0
50046,9
50047,0
50048,3
50049,0
50050,6
50051,1
50052,0
50053,8
50054,6
50055,3
50056,4
50057,2
50058,6
50059,8
50060,8
50061,5
50062,1
50063,4
50064,9
50065,6
50066,5
50067,9
50068,0
50069,2
50070,6
50071,5
50072,9
50073,0
50074,7
50075,9
50076,1
50077,1
50078,2
50079,1
50080,2
50081,2
50082,6
50083,0
50084,7
50085,1
50086,5
50087,0
50088,1
50089,2
50090,4
50091,3
50092,1
50093,3
50094,2
50095,4
50096,7
50097,6
50098,5
50099,0
50100,1
50101,7
50102,5
50103,1
50104,1
50105,1
50106,1
50107,1
50108,3
50109,0
50110,6
50111,1
50112,9
50113,0
50114,1
50115,9
50116,5
50117,5
50118,1
50119,7
50120,1
50121,0
50122,7
50123,7
50124,8
50125,4
50126,9
50127,9
50128,3
50129,5
50130,8
50131,6
50132,2
50133,5
50134,0
50135,6
50136,7
50137,8
50138,2
50139,0
50140,9
50141,8
50142,4
50143,9
50144,3
50145,3
50146,1
50147,2
50148,5
50149,9
50150,1
50151,6
50152,9
50153,4
50154,3
50155,1
50156,6
50157,5
50158,6
50159,0
50160,6
50161,7
50162,2
50163,1
50164,8
50165,9
50166,9
50167,0
50168,0
50169,5
50170,3
50171,5
50172,6
50173,1
50174,4
50175,7
50176,8
50177,0
50178,5
50179,7
50180,7
50181,6
50182,8
50183,1
50184,6
50185,5
50186,7
50187,8
50188,1
50189,5
50190,6
50191,6
50192,4
50193,9
50194,7
50195,4
50196,0
50197,8
50198,9
50199,2
50200,1
50201,8
50202,1
50203,8
50204,3
50205,3
50206,5
50207,0
50208,3
50209,3
50210,4
50211,7
50212,6
50213,3
50214,8
50215,8
50216,7
50217,1
50218,6
50219,3
50220,0
50221,1
50222,6
50223,6
50224,0
50225,1
50226,0
50227,2
50228,7
50229,1
50230,2
50231,4
50232,9
50233,6
50234,9
50235,7
50236,2
50237,5
50238,7
50239,8
50240,8
50241,2
50242,9
50243,7
50244,8
50245,0
50246,6
50247,5
50248,0
50249,4
50250,4
50251,2
50252,8
50253,6
50254,6
50255,1
50256,2
50257,0
50258,2
50259,7
50260,6
50261,6
50262,7
50263,9
50264,4
50265,2
50266,5
50267,3
50268,7
50269,1
50270,5
50271,6
50272,9
50273,2
50274,2
50275,0
50276,4
50277,0
50278,0
50279,5
50280,4
50281,5
50282,1
50283,2
50284,2
50285,7
50286,0
50287,4
50288,1
50289,1
50290,0
50291,4
50292,9
50293,2
50294,6
50295,4
50296,6
50297,1
50298,5
50299,1
50300,6
50301,2
50302,8
50303,4
50304,6
50305,5
50306,8
50307,8
50308,2
50309,5
50310,0
50311,0
50312,1
50313,7
50314,1
50315,7
50316,6
50317,7
50318,2
50319,5
50320,3
50321,8
50322,1
50323,0
50324,6
50325,4
50326,4
50327,2
50328,6
50329,8
50330,1
50331,0
50332,9
50333,9
50334,7
50335,6
50336,5
50337,7
50338,5
50339,0
50340,2
50341,6
50342,8
50343,6
50344,2
50345,3
50346,4
50347,7
50348,5
50349,1
50350,1
50351,4
50352,5
50353,3
50354,0
50355,6
50356,9
50357,6
50358,4
50359,2
50360,2
50361,0
50362,4
50363,0
50364,6
50365,7
50366,4
50367,7
50368,6
50369,2
50370,6
50371,4
50372,8
50373,2
50374,5
50375,4
50376,2
50377,3
50378,6
50379,5
50380,9
50381,2
50382,8
50383,1
50384,0
50385,5
50386,0
50387,8
50388,3
50389,9
50390,5
50391,5
50392,4
50393,4
50394,6
50395,8
50396,9
50397,8
50398,4
50399,3
50400,6
50401,4
50402,4
50403,6
50404,0
50405,4
50406,0
50407,7
50408,1
50409,9
50410,9
50411,2
50412,2
50413,6
50414,5
50415,1
50416,9
50417,4
50418,5
50419,7
50420,5
50421,9
50422,8
50423,1
50424,8
50425,7
50426,7
50427,1
50428,8
50429,8
50430,6
50431,3
50432,7
50433,1
50434,0
50435,1
50436,6
50437,6
50438,5
50439,3
50440,3
50441,4
50442,9
50443,1
50444,1
50445,1
50446,5
50447,1
50448,5
50449,1
50450,5
50451,6
50452,9
50453,3
50454,2
50455,1
50456,3
50457,1
50458,8
50459,0
50460,8
50461,8
50462,2
50463,7
50464,2
50465,5
50466,2
50467,7
50468,3
50469,5
50470,7
50471,4
50472,0
50473,4
50474,5
50475,1
50476,2
50477,4
50478,8
50479,7
50480,4
50481,3
50482,0
50483,6
50484,1
50485,9
50486,4
50487,1
50488,0
50489,3
50490,0
50491,6
50492,4
50493,8
50494,5
50495,7
50496,5
50497,6
50498,6
50499,8
50500,7
50501,1
50502,9
50503,6
50504,8
50505,0
50506,0
50507,4
50508,0
50509,7
50510,4
50511,7
50512,0
50513,5
50514,5
50515,9
50516,7
50517,7
50518,4
50519,3
50520,9
50521,9
50522,1
50523,6
50524,9
50525,9
50526,9
50527,0
50528,4
50529,5
50530,2
50531,1
50532,4
50533,1
50534,9
50535,9
50536,8
50537,1
50538,3
50539,5
50540,0
50541,4
50542,6
50543,0
50544,8
50545,4
50546,8
50547,9
50548,2
50549,1
50550,6
50551,2
50552,7
50553,4
50554,2
50555,9
50556,9
50557,5
50558,9
50559,3
50560,5
50561,1
50562,4
50563,8
50564,8
50565,0
50566,5
50567,1
50568,1
50569,3
50570,9
50571,5
50572,4
50573,4
50574,6
50575,3
50576,9
50577,2
50578,3
50579,9
50580,0
50581,4
50582,0
50583,6
50584,2
50585,4
50586,5
50587,8
50588,0
50589,9
50590,7
50591,5
50592,9
50593,1
50594,7
50595,5
50596,7
50597,2
50598,5
50599,2
50600,0
50601,2
50602,8
50603,5
50604,8
50605,7
50606,0
50607,1
50608,1
50609,1
50610,5
50611,6
50612,9
50613,4
50614,9
50615,7
50616,8
50617,3
50618,0
50619,0
50620,9
50621,8
50622,7
50623,1
50624,5
50625,9
50626,7
50627,8
50628,1
50629,8
50630,7
50631,5
50632,2
50633,8
50634,5
50635,6
50636,3
50637,3
50638,6
50639,4
50640,5
50641,0
50642,4
50643,0
50644,9
50645,6
50646,8
50647,9
50648,6
50649,5
50650,3
50651,3
50652,7
50653,0
50654,8
50655,0
50656,4
50657,4
50658,4
50659,5
50660,2
50661,5
50662,6
50663,6
50664,0
50665,6
50666,1
50667,8
50668,8
50669,3
50670,6
50671,9
50672,6
50673,2
50674,3
50675,4
50676,0
50677,3
50678,1
50679,1
50680,0
50681,0
50682,8
50683,3
50684,1
50685,9
50686,8
50687,4
50688,1
50689,8
50690,0
50691,2
50692,3
50693,2
50694,6
50695,9
50696,1
50697,5
50698,1
50699,5
50700,2
50701,4
50702,2
50703,7
50704,6
50705,6
50706,3
50707,7
50708,9
50709,8
50710,1
50711,1
50712,4
50713,9
50714,2
50715,8
50716,8
50717,2
50718,3
50719,4
50720,2
50721,9
50722,4
50723,9
50724,7
50725,1
50726,1
50727,7
50728,0
50729,8
50730,1
50731,3
50732,9
50733,2
50734,0
50735,4
50736,8
50737,4
50738,4
50739,7
50740,6
50741,9
50742,3
50743,6
50744,0
50745,3
50746,9
50747,8
50748,7
50749,8
50750,2
50751,2
50752,1
50753,1
50754,4
50755,9
50756,7
50757,8
50758,9
50759,7
50760,6
50761,2
50762,4
50763,9
50764,9
50765,6
50766,9
50767,4
50768,3
50769,7
50770,4
50771,6
50772,4
50773,1
50774,7
50775,8
50776,7
50777,7
50778,4
50779,8
50780,0
50781,3
50782,9
50783,4
50784,7
50785,3
50786,8
50787,7
50788,3
50789,7
50790,1
50791,9
50792,2
50793,0
50794,3
50795,3
50796,6
50797,3
50798,9
50799,8
50800,5
50801,5
50802,6
50803,3
50804,8
50805,4
50806,8
50807,5
50808,7
50809,7
50810,2
50811,6
50812,7
50813,6
50814,2
50815,1
50816,2
50817,1
50818,9
50819,1
50820,3
50821,8
50822,0
50823,4
50824,3
50825,0
50826,6
50827,4
50828,6
50829,5
50830,7
50831,8
50832,2
50833,0
50834,4
50835,2
50836,1
50837,8
50838,0
50839,5
50840,1
50841,7
50842,5
50843,5
50844,3
50845,1
50846,3
50847,1
50848,3
50849,0
50850,3
50851,2
50852,9
50853,3
50854,0
50855,5
50856,3
50857,1
50858,3
50859,6
50860,9
50861,7
50862,7
50863,8
50864,7
50865,6
50866,3
50867,1
50868,9
50869,3
50870,2
50871,0
50872,9
50873,2
50874,3
50875,2
50876,9
50877,3
50878,5
50879,5
50880,2
50881,7
50882,8
50883,4
50884,3
50885,6
50886,6
50887,1
50888,1
50889,3
50890,4
50891,8
50892,7
50893,2
50894,6
50895,1
50896,3
50897,0
50898,9
50899,2
50900,0
50901,4
50902,8
50903,7
50904,6
50905,5
50906,3
50907,8
50908,7
50909,1
50910,6
50911,0
50912,1
50913,2
50914,6
50915,4
50916,1
50917,5
50918,2
50919,8
50920,0
50921,8
50922,8
50923,9
50924,1
50925,8
50926,9
50927,7
50928,1
50929,8
50930,1
50931,7
50932,1
50933,8
50934,1
50935,2
50936,0
50937,1
50938,3
50939,0
50940,3
50941,9
50942,2
50943,6
50944,5
50945,5
50946,3
50947,2
50948,6
50949,4
50950,7
50951,4
50952,8
50953,0
50954,4
50955,7
50956,4
50957,1
50958,0
50959,2
50960,2
50961,0
50962,3
50963,0
50964,3
50965,7
50966,1
50967,1
50968,6
50969,6
50970,9
50971,2
50972,8
50973,1
50974,4
50975,7
50976,7
50977,2
50978,4
50979,2
50980,2
50981,3
50982,1
50983,0
50984,1
50985,2
50986,7
50987,8
50988,4
50989,6
50990,6
50991,0
50992,8
50993,8
50994,4
50995,6
50996,3
50997,3
50998,6
50999,5
51000,9
51001,8
51002,8
51003,6
51004,4
51005,5
51006,0
51007,1
51008,8
51009,8
51010,7
51011,9
51012,2
51013,1
51014,1
51015,5
51016,3
51017,2
51018,3
51019,1
51020,2
51021,4
51022,2
51023,0
51024,8
51025,7
51026,9
51027,9
51028,9
51029,9
51030,6
51031,8
51032,5
51033,2
51034,3
51035,1
51036,6
51037,6
51038,6
51039,6
51040,3
51041,0
51042,4
51043,8
51044,1
51045,4
51046,5
51047,6
51048,1
51049,9
51050,7
51051,0
51052,5
51053,7
51054,4
51055,4
51056,8
51057,8
51058,3
51059,4
51060,9
51061,6
51062,2
51063,4
51064,2
51065,3
51066,1
51067,2
51068,9
51069,1
51070,2
51071,3
51072,1
51073,6
51074,6
51075,5
51076,8
51077,9
51078,3
51079,2
51080,2
51081,7
51082,9
51083,5
51084,7
51085,1
51086,5
51087,4
51088,9
51089,5
51090,4
51091,5
51092,7
51093,6
51094,0
51095,9
51096,5
51097,3
51098,7
51099,3
51100,4
51101,3
51102,2
51103,1
51104,6
51105,3
51106,1
51107,3
51108,0
51109,8
51110,9
51111,8
51112,3
51113,6
51114,2
51115,1
51116,7
51117,8
51118,7
51119,4
51120,4
51121,2
51122,9
51123,6
51124,2
51125,9
51126,9
51127,2
51128,0
51129,3
51130,0
51131,8
51132,9
51133,9
51134,2
51135,7
51136,4
51137,6
51138,1
51139,5
51140,5
51141,0
51142,9
51143,9
51144,4
51145,5
51146,9
51147,2
51148,3
51149,6
51150,0
51151,4
51152,7
51153,6
51154,1
51155,9
51156,3
51157,1
51158,3
51159,8
51160,0
51161,6
51162,1
51163,8
51164,0
51165,9
51166,8
51167,2
51168,1
51169,0
51170,0
51171,7
51172,0
51173,3
51174,7
51175,7
51176,6
51177,4
51178,1
51179,9
51180,7
51181,3
51182,0
51183,8
51184,3
51185,6
51186,4
51187,3
51188,1
51189,4
51190,2
51191,0
51192,1
51193,4
51194,2
51195,7
51196,7
51197,0
51198,3
51199,8
51200,6
51201,1
51202,9
51203,4
51204,2
51205,7
51206,4
51207,7
51208,2
51209,0
51210,6
51211,7
51212,0
51213,5
51214,3
51215,2
51216,7
51217,4
51218,6
51219,8
51220,4
51221,3
51222,3
51223,3
51224,6
51225,4
51226,9
51227,5
51228,4
51229,7
51230,9
51231,9
51232,4
51233,6
51234,9
51235,3
51236,1
51237,0
51238,7
51239,9
51240,7
51241,8
51242,6
51243,3
51244,1
51245,6
51246,7
51247,1
51248,2
51249,7
51250,2
51251,2
51252,2
51253,3
51254,9
51255,7
51256,8
51257,4
51258,2
51259,1
51260,1
51261,7
51262,1
51263,2
51264,7
51265,6
51266,9
51267,8
51268,3
51269,3
51270,2
51271,5
51272,6
51273,5
51274,5
51275,1
51276,8
51277,0
51278,5
51279,5
51280,4
51281,9
51282,3
51283,3
51284,1
51285,4
51286,4
51287,6
51288,4
51289,9
51290,9
51291,8
51292,0
51293,4
51294,1
51295,6
51296,0
51297,0
51298,3
51299,6
51300,6
51301,6
51302,6
51303,2
51304,0
51305,3
51306,5
51307,9
51308,9
51309,0
51310,9
51311,3
51312,3
51313,3
51314,3
51315,0
51316,8
51317,8
51318,0
51319,5
51320,2
51321,7
51322,1
51323,1
51324,1
51325,9
51326,3
51327,4
51328,0
51329,7
51330,1
51331,3
51332,9
51333,8
51334,8
51335,9
51336,8
51337,2
51338,6
51339,4
51340,0
51341,7
51342,7
51343,4
51344,6
51345,1
51346,1
51347,8
51348,3
51349,5
51350,4
51351,9
51352,2
51353,6
51354,9
51355,9
51356,7
51357,4
51358,3
51359,7
51360,8
51361,2
51362,9
51363,9
51364,6
51365,3
51366,5
51367,5
51368,3
51369,4
51370,1
51371,4
51372,9
51373,9
51374,5
51375,9
51376,2
51377,3
51378,3
51379,8
51380,6
51381,1
51382,7
51383,0
51384,3
51385,6
51386,5
51387,9
51388,9
51389,4
51390,3
51391,2
51392,7
51393,4
51394,1
51395,1
51396,4
51397,9
51398,3
51399,0
51400,1
51401,6
51402,9
51403,1
51404,6
51405,9
51406,7
51407,2
51408,5
51409,1
51410,2
51411,7
51412,7
51413,7
51414,1
51415,1
51416,5
51417,3
51418,6
51419,8
51420,8
51421,7
51422,4
51423,6
51424,3
51425,2
51426,4
51427,0
51428,2
51429,4
51430,9
51431,6
51432,5
51433,3
51434,1
51435,4
51436,3
51437,3
51438,2
51439,0
51440,1
51441,7
51442,9
51443,5
51444,3
51445,3
51446,6
51447,9
51448,8
51449,2
51450,5
51451,7
51452,7
51453,5
51454,6
51455,9
51456,8
51457,6
51458,7
51459,0
51460,3
51461,0
51462,1
51463,6
51464,2
51465,1
51466,0
51467,0
51468,4
51469,4
51470,6
51471,0
51472,7
51473,8
51474,9
51475,4
51476,4
51477,8
51478,7
51479,4
51480,4
51481,5
51482,0
51483,8
51484,4
51485,9
51486,2
51487,8
51488,2
51489,2
51490,6
51491,9
51492,8
51493,4
51494,2
51495,1
51496,5
51497,2
51498,7
51499,5
51500,6
51501,1
51502,2
51503,5
51504,5
51505,2
51506,5
51507,3
51508,4
51509,9
51510,1
51511,9
51512,2
51513,9
51514,8
51515,3
51516,5
51517,5
51518,6
51519,4
51520,6
51521,7
51522,4
51523,1
51524,3
51525,6
51526,7
51527,3
51528,7
51529,7
51530,7
51531,4
51532,8
51533,0
51534,4
51535,5
51536,3
51537,0
51538,4
51539,5
51540,7
51541,0
51542,3
51543,9
51544,1
51545,5
51546,5
51547,0
51548,3
51549,6
51550,7
51551,0
51552,9
51553,7
51554,5
51555,9
51556,6
51557,1
51558,1
51559,6
51560,5
51561,0
51562,6
51563,3
51564,3
51565,7
51566,4
51567,6
51568,4
51569,0
51570,2
51571,7
51572,0
51573,7
51574,9
51575,1
51576,6
51577,5
51578,3
51579,5
51580,0
51581,2
51582,3
51583,5
51584,2
51585,1
51586,3
51587,4
51588,0
51589,4
51590,2
51591,3
51592,4
51593,6
51594,9
51595,5
51596,3
51597,9
51598,8
51599,7
51600,3
51601,1
51602,9
51603,0
51604,7
51605,2
51606,8
51607,8
51608,0
51609,9
51610,7
51611,9
51612,3
51613,7
51614,9
51615,6
51616,8
51617,2
51618,8
51619,8
51620,9
51621,2
51622,9
51623,3
51624,9
51625,7
51626,2
51627,9
51628,1
51629,1
51630,6
51631,3
51632,0
51633,9
51634,5
51635,3
51636,4
51637,1
51638,3
51639,0
51640,7
51641,6
51642,7
51643,4
51644,2
51645,1
51646,5
51647,2
51648,5
51649,6
51650,8
51651,1
51652,1
51653,8
51654,7
51655,0
51656,7
51657,9
51658,9
51659,3
51660,6
51661,6
51662,4
51663,3
51664,7
51665,7
51666,4
51667,1
51668,3
51669,0
51670,6
51671,0
51672,5
51673,5
51674,5
51675,5
51676,3
51677,7
51678,3
51679,1
51680,8
51681,5
51682,1
51683,1
51684,8
51685,0
51686,4
51687,7
51688,4
51689,7
51690,3
51691,3
51692,2
51693,5
51694,2
51695,8
51696,9
51697,1
51698,2
51699,9
51700,5
51701,1
51702,1
51703,0
51704,0
51705,4
51706,4
51707,4
51708,3
51709,6
51710,7
51711,9
51712,7
51713,0
51714,9
51715,5
51716,6
51717,0
51718,5
51719,7
51720,8
51721,0
51722,7
51723,9
51724,6
51725,0
51726,1
51727,1
51728,2
51729,9
51730,0
51731,3
51732,2
51733,0
51734,4
51735,7
51736,0
51737,6
51738,2
51739,8
51740,9
51741,2
51742,0
51743,8
51744,2
51745,3
51746,5
51747,4
51748,3
51749,8
51750,9
51751,5
51752,2
51753,9
51754,7
51755,7
51756,8
51757,0
51758,7
51759,1
51760,8
51761,8
51762,7
51763,3
51764,7
51765,8
51766,4
51767,0
51768,1
51769,3
51770,6
51771,6
51772,9
51773,8
51774,6
51775,8
51776,2
51777,9
51778,6
51779,7
51780,0
51781,3
51782,1
51783,0
51784,2
51785,4
51786,9
51787,6
51788,4
51789,8
51790,9
51791,5
51792,9
51793,7
51794,3
51795,4
51796,5
51797,5
51798,6
51799,9
51800,6
51801,4
51802,4
51803,3
51804,1
51805,7
51806,8
51807,4
51808,4
51809,0
51810,1
51811,3
51812,4
51813,7
51814,8
51815,9
51816,7
51817,7
51818,8
51819,6
51820,1
51821,8
51822,3
51823,0
51824,9
51825,4
51826,8
51827,1
51828,5
51829,8
51830,4
51831,0
51832,7
51833,9
51834,7
51835,5
51836,1
51837,3
51838,4
51839,7
51840,1
51841,4
51842,8
51843,9
51844,2
51845,6
51846,7
51847,0
51848,1
51849,6
51850,6
51851,7
51852,3
51853,0
51854,5
51855,0
51856,9
51857,5
51858,8
51859,7
51860,6
51861,9
51862,2
51863,4
51864,9
51865,7
51866,3
51867,6
51868,4
51869,1
51870,5
51871,2
51872,9
51873,8
51874,8
51875,1
51876,2
51877,5
51878,8
51879,1
51880,7
51881,4
51882,6
51883,6
51884,0
51885,0
51886,2
51887,5
51888,4
51889,7
51890,1
51891,1
51892,4
51893,0
51894,3
51895,4
51896,3
51897,6
51898,1
51899,1
51900,5
51901,7
51902,5
51903,3
51904,8
51905,1
51906,2
51907,3
51908,2
51909,0
51910,5
51911,9
51912,6
51913,8
51914,8
51915,4
51916,3
51917,6
51918,3
51919,5
51920,0
51921,0
51922,5
51923,3
51924,3
51925,3
51926,8
51927,1
51928,9
51929,1
51930,5
51931,1
51932,1
51933,6
51934,1
51935,4
51936,8
51937,5
51938,0
51939,2
51940,7
51941,2
51942,3
51943,8
51944,0
51945,5
51946,9
51947,4
51948,5
51949,4
51950,8
51951,0
51952,8
51953,0
51954,5
51955,8
51956,1
51957,3
51958,6
51959,2
51960,2
51961,6
51962,2
51963,1
51964,6
51965,1
51966,8
51967,8
51968,3
51969,4
51970,1
51971,2
51972,3
51973,2
51974,5
51975,8
51976,4
51977,8
51978,9
51979,8
51980,9
51981,4
51982,5
51983,5
51984,8
51985,9
51986,5
51987,8
51988,8
51989,6
51990,5
51991,9
51992,9
51993,2
51994,5
51995,6
51996,1
51997,6
51998,2
51999,1
52000,6
52001,9
52002,7
52003,3
52004,4
52005,6
52006,6
52007,9
52008,7
52009,4
52010,8
52011,5
52012,4
52013,7
52014,6
52015,3
52016,5
52017,5
52018,9
52019,6
52020,9
52021,4
52022,9
52023,6
52024,7
52025,8
52026,1
52027,6
52028,5
52029,7
52030,6
52031,9
52032,8
52033,8
52034,9
52035,8
52036,8
52037,3
52038,6
52039,2
52040,1
52041,1
52042,4
52043,7
52044,7
52045,4
52046,9
52047,1
52048,6
52049,5
52050,1
52051,9
52052,6
52053,5
52054,3
52055,0
52056,7
52057,5
52058,7
52059,6
52060,4
52061,5
52062,4
52063,5
52064,5
52065,4
52066,5
52067,4
52068,7
52069,1
52070,1
52071,2
52072,7
52073,1
52074,6
52075,7
52076,2
52077,1
52078,0
52079,4
52080,9
52081,1
52082,1
52083,1
52084,5
52085,7
52086,2
52087,4
52088,7
52089,9
52090,1
52091,2
52092,2
52093,6
52094,9
52095,9
52096,1
52097,7
52098,6
52099,5
52100,1
52101,3
52102,5
52103,9
52104,8
52105,1
52106,4
52107,3
52108,8
52109,1
52110,8
52111,4
52112,0
52113,4
52114,1
52115,5
52116,5
52117,2
52118,9
52119,3
52120,6
52121,4
52122,2
52123,2
52124,4
52125,7
52126,3
52127,3
52128,4
52129,1
52130,9
52131,0
52132,3
52133,4
52134,6
52135,5
52136,1
52137,7
52138,1
52139,4
52140,7
52141,5
52142,6
52143,5
52144,7
52145,7
52146,6
52147,5
52148,4
52149,3
52150,7
52151,7
52152,9
52153,6
52154,8
52155,7
52156,6
52157,1
52158,4
52159,0
52160,4
52161,2
52162,0
52163,4
52164,5
52165,6
52166,1
52167,7
52168,5
52169,3
52170,7
52171,0
52172,1
52173,4
52174,0
52175,3
52176,8
52177,6
52178,8
52179,1
52180,7
52181,4
52182,2
52183,3
52184,6
52185,9
52186,8
52187,5
52188,3
52189,6
52190,3
52191,9
52192,8
52193,4
52194,4
52195,2
52196,2
52197,1
52198,4
52199,1
52200,2
52201,0
52202,5
52203,0
52204,4
52205,8
52206,5
52207,7
52208,1
52209,0
52210,6
52211,0
52212,2
52213,7
52214,3
52215,3
52216,3
52217,4
52218,5
52219,6
52220,8
52221,8
52222,1
52223,3
52224,5
52225,5
52226,2
52227,7
52228,4
52229,9
52230,6
52231,4
52232,4
52233,3
52234,5
52235,8
52236,4
52237,5
52238,5
52239,7
52240,5
52241,1
52242,3
52243,6
52244,5
52245,1
52246,6
52247,3
52248,2
52249,7
52250,2
52251,7
52252,3
52253,8
52254,7
52255,9
52256,6
52257,9
52258,1
52259,4
52260,2
52261,0
52262,5
52263,0
52264,7
52265,1
52266,0
52267,3
52268,6
52269,7
52270,3
52271,7
52272,6
52273,3
52274,5
52275,5
52276,3
52277,2
52278,7
52279,2
52280,6
52281,9
52282,8
52283,8
52284,9
52285,6
52286,0
52287,4
52288,2
52289,0
52290,8
52291,1
52292,6
52293,6
52294,7
52295,6
52296,7
52297,3
52298,1
52299,1
52300,6
52301,6
52302,6
52303,4
52304,8
52305,9
52306,6
52307,2
52308,7
52309,5
52310,6
52311,3
52312,6
52313,6
52314,2
52315,6
52316,1
52317,6
52318,3
52319,3
52320,9
52321,3
52322,9
52323,0
52324,3
52325,9
52326,7
52327,5
52328,4
52329,9
52330,6
52331,0
52332,0
52333,6
52334,0
52335,6
52336,6
52337,5
52338,5
52339,3
52340,9
52341,6
52342,7
52343,0
52344,5
52345,0
52346,7
52347,5
52348,5
52349,5
52350,6
52351,4
52352,4
52353,2
52354,0
52355,2
52356,9
52357,0
52358,5
52359,6
52360,5
52361,5
52362,6
52363,9
52364,6
52365,4
52366,9
52367,8
52368,8
52369,2
52370,5
52371,5
52372,7
52373,2
52374,8
52375,7
52376,9
52377,8
52378,4
52379,9
52380,1
52381,6
52382,5
52383,2
52384,1
52385,5
52386,0
52387,1
52388,6
52389,4
52390,1
52391,4
52392,2
52393,0
52394,5
52395,3
52396,9
52397,7
52398,9
52399,8
52400,5
52401,1
52402,8
52403,0
52404,8
52405,3
52406,1
52407,7
52408,3
52409,9
52410,0
52411,2
52412,2
52413,9
52414,7
52415,7
52416,4
52417,1
52418,8
52419,4
52420,8
52421,4
52422,8
52423,7
52424,9
52425,4
52426,7
52427,5
52428,4
52429,3
52430,7
52431,4
52432,8
52433,3
52434,6
52435,9
52436,3
52437,8
52438,3
52439,1
52440,4
52441,8
52442,1
52443,9
52444,2
52445,6
52446,6
52447,7
52448,0
52449,4
52450,9
52451,1
52452,2
52453,7
52454,4
52455,5
52456,4
52457,6
52458,6
52459,1
52460,6
52461,5
52462,4
52463,3
52464,0
52465,2
52466,3
52467,8
52468,0
52469,7
52470,0
52471,4
52472,6
52473,6
52474,3
52475,4
52476,7
52477,5
52478,2
52479,2
52480,0
52481,2
52482,7
52483,9
52484,6
52485,9
52486,1
52487,8
52488,8
52489,2
52490,6
52491,7
52492,9
52493,5
52494,0
52495,6
52496,3
52497,1
52498,5
52499,5
52500,8
52501,2
52502,7
52503,9
52504,7
52505,3
52506,3
52507,0
52508,4
52509,7
52510,0
52511,0
52512,8
52513,0
52514,2
52515,6
52516,1
52517,7
52518,8
52519,2
52520,5
52521,8
52522,2
52523,1
52524,3
52525,9
52526,2
52527,3
52528,4
52529,1
52530,2
52531,7
52532,7
52533,1
52534,1
52535,6
52536,6
52537,7
52538,5
52539,6
52540,7
52541,9
52542,0
52543,6
52544,6
52545,2
52546,2
52547,4
52548,3
52549,7
52550,2
52551,1
52552,1
52553,0
52554,1
52555,3
52556,1
52557,5
52558,7
52559,7
52560,6
52561,3
52562,6
52563,5
52564,7
52565,6
52566,4
52567,6
52568,2
52569,4
52570,0
52571,6
52572,1
52573,2
52574,6
52575,3
52576,1
52577,4
52578,8
52579,1
52580,4
52581,4
52582,1
52583,0
52584,4
52585,1
52586,2
52587,0
52588,5
52589,4
52590,2
52591,4
52592,9
52593,2
52594,5
52595,7
52596,1
52597,9
52598,4
52599,7
52600,4
52601,5
52602,7
52603,4
52604,2
52605,9
52606,3
52607,2
52608,4
52609,7
52610,4
52611,0
52612,1
52613,2
52614,5
52615,2
52616,8
52617,5
52618,8
52619,8
52620,0
52621,0
52622,5
52623,0
52624,0
52625,1
52626,5
52627,8
52628,9
52629,0
52630,4
52631,5
52632,1
52633,5
52634,9
52635,0
52636,3
52637,9
52638,3
52639,9
52640,2
52641,7
52642,4
52643,2
52644,6
52645,2
52646,4
52647,1
52648,4
52649,1
52650,4
52651,5
52652,5
52653,8
52654,2
52655,4
52656,2
52657,2
52658,2
52659,7
52660,0
52661,7
52662,8
52663,0
52664,8
52665,7
52666,0
52667,2
52668,1
52669,4
52670,0
52671,7
52672,8
52673,6
52674,4
52675,6
52676,7
52677,9
52678,4
52679,3
52680,7
52681,3
52682,4
52683,7
52684,7
52685,9
52686,6
52687,8
52688,5
52689,8
52690,6
52691,9
52692,1
52693,9
52694,4
52695,1
52696,2
52697,2
52698,4
52699,8
52700,1
52701,9
52702,2
52703,4
52704,4
52705,6
52706,6
52707,2
52708,6
52709,9
52710,1
52711,3
52712,3
52713,7
52714,7
52715,7
52716,5
52717,6
52718,1
52719,9
52720,0
52721,8
52722,2
52723,4
52724,3
52725,7
52726,4
52727,2
52728,5
52729,3
52730,3
52731,2
52732,1
52733,7
52734,0
52735,5
52736,7
52737,0
52738,5
52739,1
52740,7
52741,6
52742,8
52743,0
52744,7
52745,2
52746,9
52747,0
52748,7
52749,3
52750,9
52751,9
52752,1
52753,2
52754,4
52755,7
52756,3
52757,6
52758,5
52759,7
52760,2
52761,0
52762,9
52763,8
52764,8
52765,1
52766,0
52767,9
52768,1
52769,8
52770,5
52771,5
52772,5
52773,2
52774,5
52775,7
52776,2
52777,0
52778,8
52779,5
52780,7
52781,3
52782,3
52783,5
52784,0
52785,5
52786,2
52787,9
52788,9
52789,2
52790,5
52791,9
52792,4
52793,3
52794,3
52795,2
52796,8
52797,9
52798,5
52799,5
52800,5
52801,9
52802,5
52803,6
52804,6
52805,3
52806,9
52807,3
52808,6
52809,0
52810,5
52811,2
52812,3
52813,4
52814,2
52815,9
52816,4
52817,8
52818,7
52819,7
52820,9
52821,4
52822,6
52823,1
52824,4
52825,6
52826,3
52827,4
52828,8
52829,3
52830,9
52831,7
52832,5
52833,2
52834,6
52835,1
52836,3
52837,0
52838,9
52839,3
52840,2
52841,8
52842,7
52843,2
52844,1
52845,5
52846,7
52847,6
52848,1
52849,4
52850,6
52851,5
52852,0
52853,4
52854,9
52855,7
52856,3
52857,0
52858,9
52859,3
52860,1
52861,8
52862,4
52863,2
52864,4
52865,7
52866,0
52867,6
52868,8
52869,0
52870,9
52871,8
52872,2
52873,6
52874,2
52875,8
52876,9
52877,2
52878,0
52879,6
52880,3
52881,2
52882,7
52883,5
52884,0
52885,9
52886,6
52887,5
52888,1
52889,2
52890,4
52891,1
52892,3
52893,5
52894,4
52895,3
52896,4
52897,5
52898,3
52899,2
52900,3
52901,7
52902,2
52903,3
52904,7
52905,6
52906,2
52907,7
52908,3
52909,5
52910,7
52911,2
52912,4
52913,5
52914,6
52915,7
52916,5
52917,4
52918,2
52919,3
52920,5
52921,5
52922,6
52923,0
52924,3
52925,4
52926,0
52927,9
52928,5
52929,6
52930,5
52931,8
52932,1
52933,3
52934,8
52935,7
52936,5
52937,0
52938,5
52939,9
52940,5
52941,4
52942,5
52943,1
52944,1
52945,5
52946,2
52947,0
52948,5
52949,6
52950,9
52951,2
52952,4
52953,2
52954,5
52955,2
52956,4
52957,4
52958,6
52959,5
52960,7
52961,4
52962,3
52963,8
52964,2
52965,6
52966,0
52967,2
52968,4
52969,0
52970,1
52971,6
52972,2
52973,4
52974,0
52975,9
52976,6
52977,3
52978,4
52979,6
52980,9
52981,1
52982,8
52983,6
52984,3
52985,2
52986,8
52987,0
52988,1
52989,7
52990,3
52991,0
52992,1
52993,1
52994,2
52995,1
52996,2
52997,8
52998,5
52999,4
53000,8
53001,6
53002,7
53003,0
53004,3
53005,2
53006,0
53007,8
53008,2
53009,4
53010,2
53011,8
53012,9
53013,0
53014,3
53015,0
53016,1
53017,0
53018,8
53019,1
53020,5
53021,1
53022,3
53023,2
53024,0
53025,1
53026,6
53027,5
53028,7
53029,9
53030,8
53031,5
53032,1
53033,0
53034,1
53035,5
53036,3
53037,3
53038,4
53039,0
53040,1
53041,5
53042,3
53043,9
53044,9
53045,2
53046,8
53047,0
53048,6
53049,3
53050,5
53051,6
53052,8
53053,4
53054,5
53055,8
53056,8
53057,9
53058,1
53059,0
53060,2
53061,5
53062,2
53063,0
53064,8
53065,0
53066,1
53067,9
53068,8
53069,5
53070,9
53071,3
53072,4
53073,9
53074,7
53075,0
53076,0
53077,0
53078,9
53079,2
53080,3
53081,5
53082,9
53083,6
53084,4
53085,8
53086,2
53087,3
53088,7
53089,8
53090,7
53091,9
53092,9
53093,4
53094,0
53095,8
53096,7
53097,5
53098,7
53099,4
53100,1
53101,5
53102,4
53103,8
53104,4
53105,9
53106,9
53107,0
53108,6
53109,4
53110,1
53111,3
53112,4
53113,7
53114,2
53115,6
53116,3
53117,8
53118,9
53119,9
53120,2
53121,1
53122,0
53123,2
53124,7
53125,5
53126,2
53127,2
53128,4
53129,6
53130,8
53131,1
53132,9
53133,6
53134,5
53135,0
53136,6
53137,7
53138,4
53139,9
53140,8
53141,1
53142,3
53143,5
53144,0
53145,6
53146,4
53147,6
53148,0
53149,8
53150,0
53151,4
53152,3
53153,7
53154,4
53155,9
53156,3
53157,5
53158,3
53159,9
53160,1
53161,5
53162,0
53163,5
53164,2
53165,3
53166,3
53167,4
53168,4
53169,6
53170,7
53171,1
53172,1
53173,3
53174,1
53175,4
53176,9
53177,9
53178,5
53179,0
53180,7
53181,1
53182,6
53183,9
53184,6
53185,6
53186,3
53187,9
53188,0
53189,0
53190,2
53191,5
53192,4
53193,6
53194,9
53195,1
53196,3
53197,5
53198,6
53199,3
53200,0
53201,5
53202,4
53203,2
53204,4
53205,0
53206,6
53207,7
53208,8
53209,6
53210,5
53211,9
53212,6
53213,6
53214,7
53215,6
53216,3
53217,6
53218,3
53219,4
53220,0
53221,9
53222,4
53223,2
53224,1
53225,9
53226,4
53227,9
53228,3
53229,1
53230,3
53231,0
53232,4
53233,6
53234,2
53235,5
53236,6
53237,8
53238,8
53239,2
53240,3
53241,1
53242,4
53243,6
53244,7
53245,6
53246,2
53247,3
53248,7
53249,4
53250,2
53251,0
53252,7
53253,9
53254,2
53255,5
53256,8
53257,9
53258,2
53259,0
53260,1
53261,5
53262,6
53263,4
53264,9
53265,9
53266,2
53267,7
53268,8
53269,5
53270,6
53271,3
53272,0
53273,3
53274,0
53275,8
53276,7
53277,2
53278,0
53279,7
53280,0
53281,8
53282,9
53283,7
53284,4
53285,2
53286,0
53287,8
53288,7
53289,7
53290,2
53291,8
53292,0
53293,0
53294,2
53295,0
53296,2
53297,0
53298,1
53299,8
53300,5
53301,4
53302,1
53303,6
53304,4
53305,5
53306,4
53307,5
53308,4
53309,9
53310,2
53311,2
53312,0
53313,5
53314,9
53315,4
53316,4
53317,6
53318,3
53319,0
53320,3
53321,5
53322,1
53323,6
53324,3
53325,4
53326,1
53327,4
53328,2
53329,8
53330,2
53331,4
53332,1
53333,5
53334,1
53335,7
53336,6
53337,5
53338,0
53339,3
53340,6
53341,5
53342,4
53343,3
53344,1
53345,2
53346,6
53347,0
53348,3
53349,8
53350,3
53351,8
53352,7
53353,4
53354,3
53355,9
53356,2
53357,2
53358,5
53359,4
53360,9
53361,8
53362,5
53363,6
53364,4
53365,5
53366,6
53367,7
53368,8
53369,8
53370,0
53371,1
53372,0
53373,8
53374,1
53375,4
53376,0
53377,9
53378,5
53379,5
53380,1
53381,7
53382,7
53383,4
53384,1
53385,7
53386,7
53387,5
53388,5
53389,0
53390,9
53391,5
53392,0
53393,7
53394,6
53395,2
53396,4
53397,1
53398,4
53399,7
53400,2
53401,8
53402,7
53403,2
53404,8
53405,6
53406,8
53407,9
53408,6
53409,5
53410,7
53411,7
53412,7
53413,2
53414,6
53415,7
53416,0
53417,6
53418,5
53419,5
53420,5
53421,7
53422,2
53423,2
53424,6
53425,9
53426,5
53427,9
53428,5
53429,1
53430,6
53431,5
53432,6
53433,8
53434,7
53435,6
53436,3
53437,3
53438,2
53439,3
53440,1
53441,2
53442,7
53443,5
53444,8
53445,7
53446,5
53447,6
53448,7
53449,1
53450,2
53451,0
53452,4
53453,6
53454,1
53455,7
53456,1
53457,0
53458,0
53459,6
53460,4
53461,6
53462,0
53463,9
53464,7
53465,7
53466,9
53467,0
53468,9
53469,4
53470,0
53471,3
53472,1
53473,6
53474,4
53475,1
53476,1
53477,9
53478,9
53479,5
53480,9
53481,7
53482,9
53483,0
53484,7
53485,2
53486,3
53487,2
53488,4
53489,4
53490,6
53491,8
53492,2
53493,6
53494,3
53495,0
53496,6
53497,8
53498,1
53499,2
53500,5
53501,4
53502,2
53503,2
53504,9
53505,5
53506,8
53507,5
53508,0
53509,1
53510,6
53511,7
53512,3
53513,1
53514,2
53515,0
53516,8
53517,0
53518,6
53519,1
53520,0
53521,3
53522,9
53523,6
53524,4
53525,6
53526,8
53527,3
53528,2
53529,7
53530,7
53531,0
53532,4
53533,2
53534,3
53535,4
53536,8
53537,1
53538,8
53539,0
53540,1
53541,6
53542,1
53543,2
53544,7
53545,1
53546,6
53547,4
53548,7
53549,6
53550,9
53551,3
53552,8
53553,4
53554,5
53555,7
53556,6
53557,7
53558,3
53559,4
53560,1
53561,4
53562,7
53563,1
53564,7
53565,6
53566,3
53567,8
53568,3
53569,1
53570,5
53571,9
53572,2
53573,4
53574,8
53575,6
53576,2
53577,8
53578,5
53579,2
53580,5
53581,0
53582,0
53583,9
53584,5
53585,7
53586,5
53587,7
53588,7
53589,6
53590,4
53591,5
53592,0
53593,5
53594,8
53595,9
53596,0
53597,7
53598,0
53599,9
53600,3
53601,2
53602,1
53603,9
53604,5
53605,4
53606,2
53607,7
53608,3
53609,1
53610,6
53611,0
53612,8
53613,9
53614,5
53615,7
53616,8
53617,6
53618,7
53619,0
53620,9
53621,1
53622,6
53623,6
53624,6
53625,0
53626,0
53627,1
53628,1
53629,0
53630,3
53631,3
53632,3
53633,2
53634,1
53635,2
53636,0
53637,8
53638,2
53639,6
53640,4
53641,7
53642,6
53643,9
53644,7
53645,4
53646,3
53647,4
53648,0
53649,1
53650,6
53651,9
53652,3
53653,5
53654,2
53655,4
53656,8
53657,2
53658,6
53659,9
53660,4
53661,1
53662,2
53663,4
53664,0
53665,8
53666,3
53667,9
53668,4
53669,4
53670,5
53671,4
53672,7
53673,0
53674,5
53675,8
53676,7
53677,6
53678,5
53679,1
53680,7
53681,7
53682,6
53683,5
53684,1
53685,1
53686,5
53687,0
53688,5
53689,9
53690,3
53691,1
53692,2
53693,3
53694,5
53695,0
53696,8
53697,3
53698,6
53699,0
53700,9
53701,3
53702,5
53703,7
53704,4
53705,7
53706,7
53707,2
53708,5
53709,1
53710,2
53711,9
53712,4
53713,3
53714,8
53715,4
53716,8
53717,3
53718,2
53719,5
53720,5
53721,6
53722,5
53723,1
53724,6
53725,8
53726,5
53727,9
53728,7
53729,5
53730,4
53731,5
53732,6
53733,7
53734,5
53735,1
53736,5
53737,7
53738,1
53739,7
53740,5
53741,1
53742,5
53743,2
53744,0
53745,8
53746,7
53747,8
53748,8
53749,0
53750,6
53751,6
53752,2
53753,1
53754,4
53755,2
53756,6
53757,2
53758,8
53759,0
53760,6
53761,2
53762,9
53763,6
53764,2
53765,5
53766,2
53767,9
53768,5
53769,8
53770,7
53771,9
53772,8
53773,8
53774,1
53775,4
53776,2
53777,5
53778,6
53779,2
53780,0
53781,7
53782,2
53783,6
53784,2
53785,9
53786,4
53787,4
53788,4
53789,6
53790,5
53791,2
53792,7
53793,3
53794,7
53795,1
53796,9
53797,5
53798,9
53799,9
53800,7
53801,0
53802,9
53803,3
53804,5
53805,4
53806,3
53807,7
53808,4
53809,4
53810,4
53811,0
53812,5
53813,5
53814,1
53815,4
53816,3
53817,4
53818,6
53819,9
53820,6
53821,3
53822,7
53823,3
53824,1
53825,0
53826,9
53827,3
53828,4
53829,1
53830,2
53831,0
53832,5
53833,7
53834,4
53835,9
53836,2
53837,5
53838,9
53839,1
53840,4
53841,5
53842,7
53843,1
53844,1
53845,6
53846,2
53847,9
53848,4
53849,3
53850,3
53851,3
53852,7
53853,6
53854,3
53855,8
53856,4
53857,7
53858,4
53859,7
53860,0
53861,1
53862,5
53863,2
53864,8
53865,1
53866,0
53867,2
53868,3
53869,2
53870,1
53871,9
53872,3
53873,1
53874,1
53875,9
53876,4
53877,4
53878,0
53879,4
53880,5
53881,9
53882,2
53883,7
53884,1
53885,8
53886,9
53887,6
53888,8
53889,9
53890,5
53891,7
53892,9
53893,0
53894,4
53895,8
53896,2
53897,6
53898,7
53899,2
53900,5
53901,9
53902,2
53903,8
53904,7
53905,4
53906,0
53907,6
53908,0
53909,1
53910,2
53911,8
53912,0
53913,5
53914,8
53915,9
53916,5
53917,8
53918,7
53919,1
53920,5
53921,5
53922,9
53923,3
53924,4
53925,5
53926,9
53927,9
53928,5
53929,4
53930,7
53931,4
53932,6
53933,8
53934,2
53935,1
53936,5
53937,3
53938,9
53939,2
53940,3
53941,8
53942,4
53943,1
53944,4
53945,7
53946,7
53947,9
53948,9
53949,9
53950,9
53951,6
53952,8
53953,7
53954,6
53955,9
53956,8
53957,0
53958,9
53959,2
53960,4
53961,2
53962,4
53963,3
53964,0
53965,9
53966,4
53967,1
53968,8
53969,0
53970,8
53971,6
53972,5
53973,5
53974,6
53975,4
53976,9
53977,6
53978,9
53979,2
53980,4
53981,8
53982,8
53983,9
53984,9
53985,8
53986,5
53987,3
53988,2
53989,3
53990,5
53991,2
53992,6
53993,8
53994,4
53995,9
53996,2
53997,2
53998,3
53999,1
54000,2
54001,6
54002,0
54003,0
54004,3
54005,8
54006,4
54007,1
54008,1
54009,9
54010,7
54011,5
54012,5
54013,1
54014,4
54015,3
54016,2
54017,1
54018,1
54019,1
54020,9
54021,4
54022,4
54023,6
54024,1
54025,2
54026,4
54027,0
54028,2
54029,9
54030,2
54031,4
54032,3
54033,4
54034,2
54035,9
54036,1
54037,5
54038,0
54039,4
54040,5
54041,8
54042,5
54043,7
54044,4
54045,9
54046,0
54047,0
54048,7
54049,7
54050,9
54051,0
54052,7
54053,3
54054,3
54055,7
54056,4
54057,9
54058,8
54059,5
54060,9
54061,2
54062,6
54063,2
54064,9
54065,1
54066,3
54067,2
54068,8
54069,3
54070,6
54071,8
54072,9
54073,7
54074,0
54075,7
54076,6
54077,1
54078,2
54079,4
54080,2
54081,4
54082,8
54083,0
54084,2
54085,5
54086,6
54087,5
54088,3
54089,0
54090,9
54091,4
54092,4
54093,7
54094,8
54095,3
54096,2
54097,3
54098,6
54099,0
54100,9
54101,5
54102,5
54103,0
54104,8
54105,2
54106,2
54107,0
54108,7
54109,5
54110,5
54111,8
54112,6
54113,6
54114,0
54115,1
54116,5
54117,8
54118,3
54119,5
54120,7
54121,8
54122,0
54123,7
54124,4
54125,3
54126,6
54127,2
54128,2
54129,2
54130,4
54131,0
54132,1
54133,1
54134,2
54135,2
54136,7
54137,4
54138,6
54139,0
54140,8
54141,7
54142,3
54143,4
54144,5
54145,7
54146,7
54147,8
54148,7
54149,2
54150,7
54151,2
54152,8
54153,2
54154,3
54155,4
54156,6
54157,6
54158,8
54159,5
54160,7
54161,3
54162,5
54163,7
54164,7
54165,9
54166,9
54167,6
54168,8
54169,7
54170,8
54171,4
54172,5
54173,6
54174,6
54175,8
54176,7
54177,7
54178,7
54179,5
54180,6
54181,6
54182,0
54183,2
54184,7
54185,1
54186,2
54187,0
54188,6
54189,6
54190,0
54191,5
54192,9
54193,7
54194,7
54195,7
54196,1
54197,8
54198,4
54199,1
54200,0
54201,9
54202,2
54203,4
54204,4
54205,4
54206,0
54207,9
54208,9
54209,5
54210,9
54211,7
54212,4
54213,3
54214,4
54215,9
54216,7
54217,2
54218,3
54219,2
54220,7
54221,4
54222,7
54223,3
54224,4
54225,4
54226,4
54227,9
54228,9
54229,0
54230,0
54231,1
54232,4
54233,4
54234,5
54235,5
54236,1
54237,8
54238,3
54239,5
54240,1
54241,6
54242,7
54243,8
54244,6
54245,9
54246,9
54247,0
54248,3
54249,1
54250,5
54251,7
54252,5
54253,4
54254,5
54255,4
54256,3
54257,2
54258,3
54259,2
54260,4
54261,1
54262,0
54263,9
54264,4
54265,1
54266,6
54267,2
54268,1
54269,8
54270,3
54271,9
54272,4
54273,8
54274,7
54275,1
54276,1
54277,2
54278,9
54279,1
54280,2
54281,6
54282,1
54283,9
54284,7
54285,3
54286,2
54287,7
54288,0
54289,1
54290,3
54291,5
54292,3
54293,3
54294,2
54295,9
54296,5
54297,1
54298,8
54299,5
54300,5
54301,4
54302,7
54303,7
54304,0
54305,3
54306,4
54307,3
54308,3
54309,5
54310,4
54311,0
54312,7
54313,3
54314,8
54315,3
54316,4
54317,0
54318,5
54319,7
54320,1
54321,2
54322,3
54323,8
54324,2
54325,5
54326,2
54327,2
54328,5
54329,9
54330,2
54331,3
54332,1
54333,7
54334,5
54335,2
54336,4
54337,7
54338,7
54339,4
54340,5
54341,4
54342,7
54343,4
54344,2
54345,4
54346,7
54347,1
54348,0
54349,4
54350,1
54351,7
54352,0
54353,3
54354,1
54355,0
54356,3
54357,3
54358,0
54359,4
54360,6
54361,7
54362,1
54363,6
54364,7
54365,0
54366,4
54367,9
54368,7
54369,9
54370,6
54371,3
54372,6
54373,5
54374,0
54375,5
54376,3
54377,7
54378,4
54379,7
54380,5
54381,5
54382,2
54383,7
54384,0
54385,3
54386,0
54387,4
54388,3
54389,2
54390,4
54391,0
54392,7
54393,8
54394,7
54395,1
54396,6
54397,0
54398,7
54399,1
54400,3
54401,5
54402,8
54403,7
54404,9
54405,3
54406,6
54407,5
54408,3
54409,9
54410,2
54411,2
54412,3
54413,6
54414,6
54415,4
54416,9
54417,2
54418,8
54419,7
54420,1
54421,7
54422,8
54423,5
54424,7
54425,1
54426,8
54427,9
54428,2
54429,9
54430,4
54431,6
54432,4
54433,3
54434,2
54435,1
54436,0
54437,3
54438,2
54439,1
54440,2
54441,6
54442,2
54443,8
54444,9
54445,8
54446,0
54447,3
54448,9
54449,8
54450,7
54451,2
54452,6
54453,1
54454,3
54455,6
54456,0
54457,8
54458,2
54459,8
54460,4
54461,0
54462,5
54463,1
54464,4
54465,5
54466,9
54467,6
54468,0
54469,5
54470,2
54471,5
54472,8
54473,3
54474,3
54475,4
54476,9
54477,9
54478,5
54479,5
54480,2
54481,0
54482,8
54483,9
54484,7
54485,5
54486,9
54487,9
54488,9
54489,9
54490,6
54491,7
54492,6
54493,5
54494,4
54495,6
54496,8
54497,3
54498,3
54499,9
54500,8
54501,5
54502,5
54503,9
54504,9
54505,6
54506,5
54507,0
54508,1
54509,4
54510,3
54511,9
54512,8
54513,1
54514,8
54515,4
54516,5
54517,8
54518,9
54519,7
54520,0
54521,5
54522,9
54523,1
54524,0
54525,7
54526,1
54527,9
54528,0
54529,3
54530,4
54531,4
54532,4
54533,3
54534,1
54535,0
54536,7
54537,9
54538,2
54539,0
54540,0
54541,3
54542,8
54543,9
54544,4
54545,9
54546,1
54547,4
54548,7
54549,6
54550,3
54551,7
54552,5
54553,4
54554,8
54555,5
54556,6
54557,9
54558,2
54559,5
54560,6
54561,8
54562,8
54563,9
54564,3
54565,5
54566,0
54567,6
54568,8
54569,3
54570,4
54571,2
54572,1
54573,3
54574,4
54575,7
54576,7
54577,6
54578,8
54579,5
54580,2
54581,5
54582,8
54583,8
54584,0
54585,0
54586,8
54587,7
54588,9
54589,4
54590,1
54591,6
54592,4
54593,5
54594,1
54595,0
54596,5
54597,7
54598,2
54599,3
54600,7
54601,5
54602,7
54603,9
54604,5
54605,0
54606,5
54607,7
54608,5
54609,5
54610,5
54611,3
54612,6
54613,7
54614,3
54615,6
54616,9
54617,0
54618,8
54619,3
54620,3
54621,9
54622,8
54623,6
54624,0
54625,7
54626,3
54627,7
54628,8
54629,3
54630,6
54631,2
54632,9
54633,3
54634,4
54635,4
54636,0
54637,4
54638,7
54639,3
54640,9
54641,8
54642,7
54643,4
54644,0
54645,8
54646,7
54647,0
54648,2
54649,1
54650,6
54651,4
54652,2
54653,8
54654,5
54655,5
54656,8
54657,9
54658,9
54659,4
54660,4
54661,7
54662,1
54663,4
54664,4
54665,1
54666,7
54667,0
54668,5
54669,1
54670,5
54671,3
54672,9
54673,2
54674,7
54675,2
54676,3
54677,0
54678,1
54679,4
54680,2
54681,2
54682,4
54683,7
54684,1
54685,7
54686,9
54687,1
54688,5
54689,7
54690,5
54691,6
54692,8
54693,6
54694,0
54695,2
54696,6
54697,2
54698,9
54699,3
54700,9
54701,5
54702,7
54703,2
54704,9
54705,6
54706,3
54707,1
54708,5
54709,1
54710,7
54711,1
54712,0
54713,5
54714,4
54715,6
54716,6
54717,1
54718,2
54719,4
54720,7
54721,5
54722,3
54723,5
54724,7
54725,4
54726,7
54727,4
54728,5
54729,4
54730,1
54731,4
54732,2
54733,6
54734,3
54735,4
54736,9
54737,6
54738,1
54739,2
54740,3
54741,3
54742,0
54743,0
54744,7
54745,4
54746,8
54747,4
54748,7
54749,0
54750,6
54751,9
54752,3
54753,9
54754,0
54755,0
54756,9
54757,6
54758,2
54759,8
54760,2
54761,8
54762,2
54763,5
54764,9
54765,1
54766,6
54767,9
54768,1
54769,5
54770,7
54771,4
54772,3
54773,3
54774,3
54775,2
54776,5
54777,0
54778,3
54779,2
54780,3
54781,9
54782,4
54783,4
54784,8
54785,0
54786,8
54787,6
54788,0
54789,5
54790,2
54791,6
54792,6
54793,4
54794,9
54795,3
54796,7
54797,3
54798,1
54799,6
54800,7
54801,7
54802,2
54803,4
54804,5
54805,0
54806,4
54807,4
54808,2
54809,5
54810,7
54811,7
54812,2
54813,1
54814,1
54815,1
54816,5
54817,7
54818,3
54819,0
54820,6
54821,9
54822,5
54823,0
54824,3
54825,0
54826,4
54827,9
54828,6
54829,1
54830,7
54831,5
54832,2
54833,2
54834,7
54835,7
54836,4
54837,1
54838,9
54839,4
54840,1
54841,6
54842,7
54843,3
54844,6
54845,8
54846,7
54847,9
54848,3
54849,2
54850,2
54851,4
54852,0
54853,3
54854,6
54855,0
54856,1
54857,1
54858,3
54859,3
54860,9
54861,4
54862,3
54863,3
54864,8
54865,0
54866,2
54867,4
54868,4
54869,6
54870,4
54871,5
54872,0
54873,6
54874,5
54875,7
54876,5
54877,1
54878,4
54879,0
54880,0
54881,0
54882,6
54883,8
54884,7
54885,5
54886,1
54887,2
54888,6
54889,7
54890,4
54891,9
54892,9
54893,9
54894,5
54895,6
54896,0
54897,0
54898,6
54899,9
54900,6
54901,0
54902,2
54903,1
54904,5
54905,4
54906,6
54907,4
54908,5
54909,1
54910,0
54911,5
54912,9
54913,6
54914,8
54915,7
54916,2
54917,8
54918,9
54919,0
54920,2
54921,1
54922,5
54923,5
54924,9
54925,2
54926,9
54927,6
54928,8
54929,7
54930,2
54931,9
54932,8
54933,1
54934,7
54935,5
54936,5
54937,9
54938,2
54939,5
54940,6
54941,8
54942,6
54943,7
54944,1
54945,9
54946,8
54947,7
54948,6
54949,7
54950,0
54951,1
54952,5
54953,6
54954,3
54955,6
54956,6
54957,1
54958,4
54959,4
54960,5
54961,7
54962,2
54963,1
54964,0
54965,0
54966,0
54967,6
54968,3
54969,6
54970,8
54971,6
54972,8
54973,4
54974,1
54975,8
54976,0
54977,2
54978,4
54979,9
54980,3
54981,7
54982,3
54983,3
54984,6
54985,0
54986,6
54987,6
54988,7
54989,9
54990,5
54991,5
54992,0
54993,1
54994,5
54995,3
54996,2
54997,2
54998,3
54999,6
55000,5
55001,5
55002,7
55003,1
55004,5
55005,2
55006,5
55007,7
55008,4
55009,4
55010,2
55011,4
55012,0
55013,5
55014,7
55015,0
55016,7
55017,9
55018,2
55019,8
55020,9
55021,6
55022,6
55023,5
55024,0
55025,3
55026,1
55027,6
55028,9
55029,8
55030,6
55031,2
55032,2
55033,2
55034,9
55035,1
55036,1
55037,7
55038,9
55039,0
55040,2
55041,8
55042,3
55043,4
55044,1
55045,7
55046,9
55047,9
55048,8
55049,6
55050,7
55051,4
55052,4
55053,2
55054,5
55055,0
55056,1
55057,1
55058,6
55059,5
55060,6
55061,3
55062,0
55063,9
55064,2
55065,2
55066,5
55067,9
55068,7
55069,5
55070,5
55071,9
55072,0
55073,6
55074,8
55075,3
55076,9
55077,3
55078,1
55079,7
55080,6
55081,6
55082,5
55083,3
55084,5
55085,4
55086,3
55087,6
55088,7
55089,1
55090,0
55091,3
55092,7
55093,4
55094,0
55095,1
55096,1
55097,2
55098,1
55099,7
55100,5
55101,1
55102,2
55103,5
55104,5
55105,1
55106,7
55107,2
55108,3
55109,0
55110,1
55111,9
55112,8
55113,1
55114,9
55115,6
55116,8
55117,2
55118,2
55119,2
55120,7
55121,0
55122,3
55123,0
55124,7
55125,0
55126,2
55127,4
55128,7
55129,6
55130,1
55131,3
55132,8
55133,6
55134,8
55135,2
55136,4
55137,9
55138,0
55139,7
55140,7
55141,4
55142,7
55143,4
55144,4
55145,4
55146,5
55147,3
55148,0
55149,2
55150,2
55151,7
55152,2
55153,6
55154,2
55155,4
55156,3
55157,7
55158,3
55159,4
55160,5
55161,3
55162,5
55163,7
55164,6
55165,6
55166,4
55167,1
55168,9
55169,8
55170,6
55171,1
55172,5
55173,3
55174,4
55175,6
55176,1
55177,3
55178,9
55179,3
55180,7
55181,8
55182,8
55183,1
55184,6
55185,6
55186,4
55187,7
55188,7
55189,9
55190,7
55191,0
55192,0
55193,0
55194,2
55195,7
55196,4
55197,5
55198,8
55199,6
55200,6
55201,3
55202,4
55203,5
55204,7
55205,6
55206,3
55207,9
55208,6
55209,6
55210,4
55211,6
55212,7
55213,2
55214,1
55215,3
55216,4
55217,9
55218,2
55219,1
55220,9
55221,6
55222,6
55223,2
55224,5
55225,2
55226,4
55227,7
55228,0
55229,6
55230,0
55231,4
55232,9
55233,2
55234,9
55235,6
55236,6
55237,8
55238,0
55239,6
55240,8
55241,2
55242,6
55243,4
55244,4
55245,5
55246,6
55247,6
55248,6
55249,5
55250,1
55251,2
55252,6
55253,4
55254,5
55255,9
55256,4
55257,9
55258,8
55259,2
55260,2
55261,2
55262,3
55263,6
55264,1
55265,9
55266,3
55267,8
55268,7
55269,7
55270,4
55271,5
55272,7
55273,1
55274,1
55275,1
55276,0
55277,8
55278,7
55279,9
55280,3
55281,6
55282,8
55283,5
55284,5
55285,6
55286,9
55287,2
55288,7
55289,3
55290,2
55291,8
55292,0
55293,3
55294,7
55295,7
55296,8
55297,1
55298,8
55299,3
55300,0
55301,0
55302,4
55303,6
55304,9
55305,1
55306,6
55307,4
55308,6
55309,2
55310,2
55311,7
55312,1
55313,1
55314,1
55315,4
55316,2
55317,8
55318,6
55319,9
55320,0
55321,9
55322,7
55323,1
55324,0
55325,5
55326,2
55327,2
55328,0
55329,5
55330,0
55331,0
55332,4
55333,5
55334,6
55335,9
55336,3
55337,0
55338,7
55339,3
55340,8
55341,4
55342,3
55343,0
55344,9
55345,5
55346,4
55347,8
55348,0
55349,7
55350,5
55351,0
55352,7
55353,3
55354,4
55355,0
55356,1
55357,3
55358,8
55359,4
55360,1
55361,3
55362,0
55363,1
55364,0
55365,6
55366,3
55367,4
55368,8
55369,8
55370,3
55371,7
55372,6
55373,2
55374,9
55375,7
55376,2
55377,6
55378,9
55379,3
55380,5
55381,3
55382,0
55383,7
55384,6
55385,6
55386,9
55387,0
55388,1
55389,2
55390,0
55391,7
55392,6
55393,8
55394,0
55395,5
55396,4
55397,5
55398,1
55399,6
55400,7
55401,2
55402,7
55403,5
55404,6
55405,8
55406,4
55407,9
55408,1
55409,1
55410,0
55411,8
55412,4
55413,7
55414,5
55415,0
55416,1
55417,6
55418,6
55419,9
55420,8
55421,6
55422,8
55423,1
55424,0
55425,6
55426,3
55427,2
55428,9
55429,4
55430,6
55431,9
55432,8
55433,6
55434,6
55435,6
55436,3
55437,0
55438,4
55439,7
55440,1
55441,8
55442,1
55443,4
55444,4
55445,7
55446,6
55447,4
55448,9
55449,0
55450,2
55451,9
55452,7
55453,5
55454,5
55455,9
55456,3
55457,3
55458,9
55459,8
55460,9
55461,8
55462,9
55463,7
55464,4
55465,1
55466,7
55467,0
55468,5
55469,0
55470,8
55471,1
55472,4
55473,1
55474,9
55475,8
55476,2
55477,7
55478,0
55479,7
55480,2
55481,1
55482,8
55483,6
55484,9
55485,2
55486,2
55487,9
55488,0
55489,8
55490,1
55491,1
55492,0
55493,7
55494,6
55495,9
55496,6
55497,1
55498,6
55499,8
55500,4
55501,7
55502,0
55503,0
55504,0
55505,3
55506,9
55507,7
55508,8
55509,2
55510,9
55511,3
55512,3
55513,0
55514,3
55515,0
55516,3
55517,1
55518,3
55519,0
55520,8
55521,5
55522,5
55523,6
55524,8
55525,8
55526,6
55527,3
55528,0
55529,6
55530,5
55531,8
55532,7
55533,6
55534,8
55535,6
55536,4
55537,3
55538,3
55539,9
55540,2
55541,8
55542,1
55543,4
55544,2
55545,8
55546,6
55547,9
55548,6
55549,3
55550,4
55551,2
55552,3
55553,4
55554,5
55555,6
55556,5
55557,3
55558,3
55559,9
55560,4
55561,8
55562,1
55563,9
55564,9
55565,6
55566,9
55567,9
55568,9
55569,5
55570,3
55571,0
55572,6
55573,7
55574,1
55575,6
55576,2
55577,8
55578,0
55579,5
55580,4
55581,1
55582,5
55583,5
55584,9
55585,4
55586,7
55587,8
55588,1
55589,0
55590,3
55591,3
55592,4
55593,2
55594,2
55595,7
55596,9
55597,9
55598,1
55599,9
55600,7
55601,0
55602,1
55603,8
55604,6
55605,6
55606,8
55607,0
55608,9
55609,0
55610,2
55611,5
55612,8
55613,3
55614,7
55615,5
55616,7
55617,1
55618,6
55619,3
55620,9
55621,6
55622,9
55623,1
55624,9
55625,8
55626,4
55627,5
55628,3
55629,8
55630,7
55631,5
55632,0
55633,3
55634,3
55635,5
55636,9
55637,0
55638,8
55639,0
55640,6
55641,7
55642,4
55643,0
55644,1
55645,0
55646,3
55647,7
55648,5
55649,8
55650,1
55651,6
55652,0
55653,7
55654,5
55655,0
55656,0
55657,3
55658,0
55659,1
55660,7
55661,6
55662,2
55663,7
55664,0
55665,1
55666,6
55667,7
55668,6
55669,9
55670,8
55671,4
55672,6
55673,2
55674,2
55675,3
55676,9
55677,7
55678,0
55679,1
55680,6
55681,0
55682,2
55683,5
55684,0
55685,0
55686,1
55687,7
55688,1
55689,0
55690,8
55691,7
55692,5
55693,6
55694,0
55695,2
55696,0
55697,8
55698,0
55699,8
55700,0
55701,0
55702,8
55703,4
55704,9
55705,5
55706,1
55707,8
55708,9
55709,1
55710,8
55711,5
55712,3
55713,5
55714,2
55715,3
55716,8
55717,9
55718,0
55719,0
55720,7
55721,3
55722,3
55723,9
55724,4
55725,3
55726,0
55727,1
55728,1
55729,8
55730,5
55731,9
55732,2
55733,8
55734,5
55735,0
55736,7
55737,2
55738,2
55739,6
55740,2
55741,0
55742,2
55743,0
55744,3
55745,2
55746,1
55747,9
55748,0
55749,7
55750,2
55751,7
55752,8
55753,1
55754,0
55755,5
55756,0
55757,3
55758,9
55759,6
55760,7
55761,1
55762,2
55763,3
55764,2
55765,5
55766,2
55767,5
55768,8
55769,1
55770,1
55771,3
55772,9
55773,0
55774,0
55775,1
55776,5
55777,1
55778,9
55779,6
55780,1
55781,4
55782,5
55783,0
55784,5
55785,8
55786,5
55787,0
55788,6
55789,8
55790,2
55791,9
55792,2
55793,4
55794,0
55795,3
55796,4
55797,6
55798,3
55799,4
55800,5
55801,9
55802,3
55803,4
55804,0
55805,6
55806,3
55807,2
55808,8
55809,3
55810,7
55811,1
55812,7
55813,3
55814,9
55815,4
55816,3
55817,7
55818,1
55819,4
55820,9
55821,7
55822,9
55823,2
55824,2
55825,3
55826,6
55827,1
55828,8
55829,5
55830,3
55831,6
55832,8
55833,3
55834,1
55835,5
55836,7
55837,5
55838,3
55839,1
55840,8
55841,0
55842,4
55843,4
55844,9
55845,2
55846,2
55847,5
55848,3
55849,2
55850,7
55851,9
55852,7
55853,0
55854,0
55855,5
55856,0
55857,8
55858,5
55859,7
55860,0
55861,2
55862,8
55863,8
55864,0
55865,4
55866,6
55867,4
55868,1
55869,7
55870,3
55871,3
55872,3
55873,3
55874,5
55875,2
55876,5
55877,6
55878,7
55879,7
55880,4
55881,9
55882,9
55883,2
55884,3
55885,1
55886,4
55887,9
55888,4
55889,0
55890,5
55891,2
55892,9
55893,8
55894,8
55895,6
55896,0
55897,6
55898,3
55899,3
55900,9
55901,0
55902,6
55903,1
55904,4
55905,0
55906,3
55907,4
55908,9
55909,5
55910,6
55911,4
55912,1
55913,2
55914,8
55915,8
55916,1
55917,9
55918,8
55919,8
55920,4
55921,4
55922,8
55923,5
55924,3
55925,9
55926,9
55927,2
55928,6
55929,8
55930,7
55931,3
55932,4
55933,3
55934,4
55935,5
55936,9
55937,9
55938,6
55939,6
55940,3
55941,7
55942,9
55943,2
55944,7
55945,8
55946,7
55947,9
55948,3
55949,2
55950,9
55951,8
55952,9
55953,4
55954,8
55955,0
55956,0
55957,2
55958,0
55959,1
55960,4
55961,9
55962,3
55963,8
55964,4
55965,6
55966,7
55967,2
55968,8
55969,5
55970,1
55971,3
55972,1
55973,0
55974,1
55975,4
55976,3
55977,3
55978,0
55979,0
55980,0
55981,6
55982,4
55983,5
55984,8
55985,4
55986,5
55987,1
55988,5
55989,4
55990,4
55991,5
55992,5
55993,8
55994,0
55995,5
55996,5
55997,0
55998,9
55999,9
